--
-- PostgreSQL database dump
--

-- Dumped from database version 16.10 (Debian 16.10-1.pgdg13+1)
-- Dumped by pg_dump version 17.2

SET statement_timeout = 0;
SET lock_timeout = 0;
SET idle_in_transaction_session_timeout = 0;
SET transaction_timeout = 0;
SET client_encoding = 'UTF8';
SET standard_conforming_strings = on;
SELECT pg_catalog.set_config('search_path', '', false);
SET check_function_bodies = false;
SET xmloption = content;
SET client_min_messages = warning;
SET row_security = off;

SET default_tablespace = '';

SET default_table_access_method = heap;

--
-- Name: accounts_address; Type: TABLE; Schema: public; Owner: postgres
--

CREATE TABLE public.accounts_address (
    id bigint NOT NULL,
    "BuildingNO" character varying(10),
    "Street" character varying(100) NOT NULL,
    "City" character varying(100) NOT NULL,
    "State" character varying(100) NOT NULL,
    user_id bigint NOT NULL
);


ALTER TABLE public.accounts_address OWNER TO postgres;

--
-- Name: accounts_address_id_seq; Type: SEQUENCE; Schema: public; Owner: postgres
--

ALTER TABLE public.accounts_address ALTER COLUMN id ADD GENERATED BY DEFAULT AS IDENTITY (
    SEQUENCE NAME public.accounts_address_id_seq
    START WITH 1
    INCREMENT BY 1
    NO MINVALUE
    NO MAXVALUE
    CACHE 1
);


--
-- Name: accounts_customer; Type: TABLE; Schema: public; Owner: postgres
--

CREATE TABLE public.accounts_customer (
    id bigint NOT NULL,
    "CustomerPhoto" character varying(100),
    "CreditCardNO" character varying(20),
    "CreditCardType" character varying(50),
    "CreditCardMonth" character varying(2),
    "CreditCardYear" character varying(4),
    "CreditCVV" character varying(3) NOT NULL,
    user_id bigint NOT NULL
);


ALTER TABLE public.accounts_customer OWNER TO postgres;

--
-- Name: accounts_customer_id_seq; Type: SEQUENCE; Schema: public; Owner: postgres
--

ALTER TABLE public.accounts_customer ALTER COLUMN id ADD GENERATED BY DEFAULT AS IDENTITY (
    SEQUENCE NAME public.accounts_customer_id_seq
    START WITH 1
    INCREMENT BY 1
    NO MINVALUE
    NO MAXVALUE
    CACHE 1
);


--
-- Name: accounts_delivery; Type: TABLE; Schema: public; Owner: postgres
--

CREATE TABLE public.accounts_delivery (
    id bigint NOT NULL,
    "DeliveryPhoto" character varying(100) NOT NULL,
    "DeliveryContract" character varying(100) NOT NULL,
    "DeliveryIdentity" character varying(100) NOT NULL,
    "VehicleModel" character varying(100) NOT NULL,
    "VehicleColor" character varying(100),
    "plateNO" character varying(100) NOT NULL,
    "Rating" numeric(10,2) NOT NULL,
    "Orders" integer,
    "ExperienceYears" integer,
    user_id bigint NOT NULL,
    governorate character varying(100) NOT NULL,
    accepted_delivery boolean NOT NULL
);


ALTER TABLE public.accounts_delivery OWNER TO postgres;

--
-- Name: accounts_delivery_id_seq; Type: SEQUENCE; Schema: public; Owner: postgres
--

ALTER TABLE public.accounts_delivery ALTER COLUMN id ADD GENERATED BY DEFAULT AS IDENTITY (
    SEQUENCE NAME public.accounts_delivery_id_seq
    START WITH 1
    INCREMENT BY 1
    NO MINVALUE
    NO MAXVALUE
    CACHE 1
);


--
-- Name: accounts_follow; Type: TABLE; Schema: public; Owner: postgres
--

CREATE TABLE public.accounts_follow (
    id bigint NOT NULL,
    supplier_id bigint NOT NULL,
    follower_content_type_id integer NOT NULL,
    follower_object_id integer NOT NULL,
    CONSTRAINT accounts_follow_follower_object_id_check CHECK ((follower_object_id >= 0))
);


ALTER TABLE public.accounts_follow OWNER TO postgres;

--
-- Name: accounts_follow_id_seq; Type: SEQUENCE; Schema: public; Owner: postgres
--

ALTER TABLE public.accounts_follow ALTER COLUMN id ADD GENERATED BY DEFAULT AS IDENTITY (
    SEQUENCE NAME public.accounts_follow_id_seq
    START WITH 1
    INCREMENT BY 1
    NO MINVALUE
    NO MAXVALUE
    CACHE 1
);


--
-- Name: accounts_onetimepassword; Type: TABLE; Schema: public; Owner: postgres
--

CREATE TABLE public.accounts_onetimepassword (
    id bigint NOT NULL,
    otp character varying(6) NOT NULL,
    user_id bigint NOT NULL,
    created_at timestamp with time zone NOT NULL
);


ALTER TABLE public.accounts_onetimepassword OWNER TO postgres;

--
-- Name: accounts_onetimepassword_id_seq; Type: SEQUENCE; Schema: public; Owner: postgres
--

ALTER TABLE public.accounts_onetimepassword ALTER COLUMN id ADD GENERATED BY DEFAULT AS IDENTITY (
    SEQUENCE NAME public.accounts_onetimepassword_id_seq
    START WITH 1
    INCREMENT BY 1
    NO MINVALUE
    NO MAXVALUE
    CACHE 1
);


--
-- Name: accounts_supplier; Type: TABLE; Schema: public; Owner: postgres
--

CREATE TABLE public.accounts_supplier (
    id bigint NOT NULL,
    "SupplierPhoto" character varying(100),
    "SupplierCover" character varying(100),
    "CategoryTitle" character varying(50) NOT NULL,
    "CreditCardNO" character varying(16),
    "CreditCardType" character varying(20),
    "CreditCardMonth" integer,
    "CreditCardYear" integer,
    "CreditCVV" integer,
    "Logo" character varying(100),
    "SupplierContract" character varying(100) NOT NULL,
    "SupplierIdentity" character varying(100) NOT NULL,
    "FollowersNo" integer NOT NULL,
    "ExperienceYears" integer,
    "Rating" numeric(10,2) NOT NULL,
    "Orders" integer,
    user_id bigint NOT NULL,
    accepted_supplier boolean NOT NULL,
    CONSTRAINT "accounts_supplier_FollowersNo_f3729328_check" CHECK (("FollowersNo" >= 0))
);


ALTER TABLE public.accounts_supplier OWNER TO postgres;

--
-- Name: accounts_supplier_id_seq; Type: SEQUENCE; Schema: public; Owner: postgres
--

ALTER TABLE public.accounts_supplier ALTER COLUMN id ADD GENERATED BY DEFAULT AS IDENTITY (
    SEQUENCE NAME public.accounts_supplier_id_seq
    START WITH 1
    INCREMENT BY 1
    NO MINVALUE
    NO MAXVALUE
    CACHE 1
);


--
-- Name: accounts_user; Type: TABLE; Schema: public; Owner: postgres
--

CREATE TABLE public.accounts_user (
    password character varying(128) NOT NULL,
    id bigint NOT NULL,
    email character varying(255) NOT NULL,
    first_name character varying(100) NOT NULL,
    last_name character varying(100) NOT NULL,
    "PhoneNO" character varying(14) NOT NULL,
    is_staff boolean NOT NULL,
    is_superuser boolean NOT NULL,
    is_verified boolean NOT NULL,
    is_active boolean NOT NULL,
    date_joined timestamp with time zone NOT NULL,
    last_login timestamp with time zone NOT NULL,
    is_customer boolean NOT NULL,
    is_supplier boolean NOT NULL,
    is_delivery boolean NOT NULL,
    last_password_reset_request timestamp with time zone,
    auth_provider character varying(50) NOT NULL,
    "Balance" numeric(10,2) NOT NULL
);


ALTER TABLE public.accounts_user OWNER TO postgres;

--
-- Name: accounts_user_groups; Type: TABLE; Schema: public; Owner: postgres
--

CREATE TABLE public.accounts_user_groups (
    id bigint NOT NULL,
    user_id bigint NOT NULL,
    group_id integer NOT NULL
);


ALTER TABLE public.accounts_user_groups OWNER TO postgres;

--
-- Name: accounts_user_groups_id_seq; Type: SEQUENCE; Schema: public; Owner: postgres
--

ALTER TABLE public.accounts_user_groups ALTER COLUMN id ADD GENERATED BY DEFAULT AS IDENTITY (
    SEQUENCE NAME public.accounts_user_groups_id_seq
    START WITH 1
    INCREMENT BY 1
    NO MINVALUE
    NO MAXVALUE
    CACHE 1
);


--
-- Name: accounts_user_id_seq; Type: SEQUENCE; Schema: public; Owner: postgres
--

ALTER TABLE public.accounts_user ALTER COLUMN id ADD GENERATED BY DEFAULT AS IDENTITY (
    SEQUENCE NAME public.accounts_user_id_seq
    START WITH 1
    INCREMENT BY 1
    NO MINVALUE
    NO MAXVALUE
    CACHE 1
);


--
-- Name: accounts_user_user_permissions; Type: TABLE; Schema: public; Owner: postgres
--

CREATE TABLE public.accounts_user_user_permissions (
    id bigint NOT NULL,
    user_id bigint NOT NULL,
    permission_id integer NOT NULL
);


ALTER TABLE public.accounts_user_user_permissions OWNER TO postgres;

--
-- Name: accounts_user_user_permissions_id_seq; Type: SEQUENCE; Schema: public; Owner: postgres
--

ALTER TABLE public.accounts_user_user_permissions ALTER COLUMN id ADD GENERATED BY DEFAULT AS IDENTITY (
    SEQUENCE NAME public.accounts_user_user_permissions_id_seq
    START WITH 1
    INCREMENT BY 1
    NO MINVALUE
    NO MAXVALUE
    CACHE 1
);


--
-- Name: admin_interface_theme; Type: TABLE; Schema: public; Owner: postgres
--

CREATE TABLE public.admin_interface_theme (
    id integer NOT NULL,
    name character varying(50) NOT NULL,
    active boolean NOT NULL,
    title character varying(50) NOT NULL,
    title_visible boolean NOT NULL,
    logo character varying(100) NOT NULL,
    logo_visible boolean NOT NULL,
    css_header_background_color character varying(10) NOT NULL,
    title_color character varying(10) NOT NULL,
    css_header_text_color character varying(10) NOT NULL,
    css_header_link_color character varying(10) NOT NULL,
    css_header_link_hover_color character varying(10) NOT NULL,
    css_module_background_color character varying(10) NOT NULL,
    css_module_text_color character varying(10) NOT NULL,
    css_module_link_color character varying(10) NOT NULL,
    css_module_link_hover_color character varying(10) NOT NULL,
    css_module_rounded_corners boolean NOT NULL,
    css_generic_link_color character varying(10) NOT NULL,
    css_generic_link_hover_color character varying(10) NOT NULL,
    css_save_button_background_color character varying(10) NOT NULL,
    css_save_button_background_hover_color character varying(10) NOT NULL,
    css_save_button_text_color character varying(10) NOT NULL,
    css_delete_button_background_color character varying(10) NOT NULL,
    css_delete_button_background_hover_color character varying(10) NOT NULL,
    css_delete_button_text_color character varying(10) NOT NULL,
    list_filter_dropdown boolean NOT NULL,
    related_modal_active boolean NOT NULL,
    related_modal_background_color character varying(10) NOT NULL,
    related_modal_rounded_corners boolean NOT NULL,
    logo_color character varying(10) NOT NULL,
    recent_actions_visible boolean NOT NULL,
    favicon character varying(100) NOT NULL,
    related_modal_background_opacity character varying(5) NOT NULL,
    env_name character varying(50) NOT NULL,
    env_visible_in_header boolean NOT NULL,
    env_color character varying(10) NOT NULL,
    env_visible_in_favicon boolean NOT NULL,
    related_modal_close_button_visible boolean NOT NULL,
    language_chooser_active boolean NOT NULL,
    language_chooser_display character varying(10) NOT NULL,
    list_filter_sticky boolean NOT NULL,
    form_pagination_sticky boolean NOT NULL,
    form_submit_sticky boolean NOT NULL,
    css_module_background_selected_color character varying(10) NOT NULL,
    css_module_link_selected_color character varying(10) NOT NULL,
    logo_max_height smallint NOT NULL,
    logo_max_width smallint NOT NULL,
    foldable_apps boolean NOT NULL,
    language_chooser_control character varying(20) NOT NULL,
    list_filter_highlight boolean NOT NULL,
    list_filter_removal_links boolean NOT NULL,
    show_fieldsets_as_tabs boolean NOT NULL,
    show_inlines_as_tabs boolean NOT NULL,
    css_generic_link_active_color character varying(10) NOT NULL,
    collapsible_stacked_inlines boolean NOT NULL,
    collapsible_stacked_inlines_collapsed boolean NOT NULL,
    collapsible_tabular_inlines boolean NOT NULL,
    collapsible_tabular_inlines_collapsed boolean NOT NULL,
    CONSTRAINT admin_interface_theme_logo_max_height_check CHECK ((logo_max_height >= 0)),
    CONSTRAINT admin_interface_theme_logo_max_width_check CHECK ((logo_max_width >= 0))
);


ALTER TABLE public.admin_interface_theme OWNER TO postgres;

--
-- Name: admin_interface_theme_id_seq; Type: SEQUENCE; Schema: public; Owner: postgres
--

ALTER TABLE public.admin_interface_theme ALTER COLUMN id ADD GENERATED BY DEFAULT AS IDENTITY (
    SEQUENCE NAME public.admin_interface_theme_id_seq
    START WITH 1
    INCREMENT BY 1
    NO MINVALUE
    NO MAXVALUE
    CACHE 1
);


--
-- Name: auth_group; Type: TABLE; Schema: public; Owner: postgres
--

CREATE TABLE public.auth_group (
    id integer NOT NULL,
    name character varying(150) NOT NULL
);


ALTER TABLE public.auth_group OWNER TO postgres;

--
-- Name: auth_group_id_seq; Type: SEQUENCE; Schema: public; Owner: postgres
--

ALTER TABLE public.auth_group ALTER COLUMN id ADD GENERATED BY DEFAULT AS IDENTITY (
    SEQUENCE NAME public.auth_group_id_seq
    START WITH 1
    INCREMENT BY 1
    NO MINVALUE
    NO MAXVALUE
    CACHE 1
);


--
-- Name: auth_group_permissions; Type: TABLE; Schema: public; Owner: postgres
--

CREATE TABLE public.auth_group_permissions (
    id bigint NOT NULL,
    group_id integer NOT NULL,
    permission_id integer NOT NULL
);


ALTER TABLE public.auth_group_permissions OWNER TO postgres;

--
-- Name: auth_group_permissions_id_seq; Type: SEQUENCE; Schema: public; Owner: postgres
--

ALTER TABLE public.auth_group_permissions ALTER COLUMN id ADD GENERATED BY DEFAULT AS IDENTITY (
    SEQUENCE NAME public.auth_group_permissions_id_seq
    START WITH 1
    INCREMENT BY 1
    NO MINVALUE
    NO MAXVALUE
    CACHE 1
);


--
-- Name: auth_permission; Type: TABLE; Schema: public; Owner: postgres
--

CREATE TABLE public.auth_permission (
    id integer NOT NULL,
    name character varying(255) NOT NULL,
    content_type_id integer NOT NULL,
    codename character varying(100) NOT NULL
);


ALTER TABLE public.auth_permission OWNER TO postgres;

--
-- Name: auth_permission_id_seq; Type: SEQUENCE; Schema: public; Owner: postgres
--

ALTER TABLE public.auth_permission ALTER COLUMN id ADD GENERATED BY DEFAULT AS IDENTITY (
    SEQUENCE NAME public.auth_permission_id_seq
    START WITH 1
    INCREMENT BY 1
    NO MINVALUE
    NO MAXVALUE
    CACHE 1
);


--
-- Name: chatapp_conversation; Type: TABLE; Schema: public; Owner: postgres
--

CREATE TABLE public.chatapp_conversation (
    id bigint NOT NULL,
    start_time timestamp with time zone NOT NULL,
    initiator_id bigint,
    receiver_id bigint
);


ALTER TABLE public.chatapp_conversation OWNER TO postgres;

--
-- Name: chatapp_conversation_id_seq; Type: SEQUENCE; Schema: public; Owner: postgres
--

ALTER TABLE public.chatapp_conversation ALTER COLUMN id ADD GENERATED BY DEFAULT AS IDENTITY (
    SEQUENCE NAME public.chatapp_conversation_id_seq
    START WITH 1
    INCREMENT BY 1
    NO MINVALUE
    NO MAXVALUE
    CACHE 1
);


--
-- Name: chatapp_message; Type: TABLE; Schema: public; Owner: postgres
--

CREATE TABLE public.chatapp_message (
    id bigint NOT NULL,
    text character varying(200) NOT NULL,
    attachment character varying(100) NOT NULL,
    "timestamp" timestamp with time zone NOT NULL,
    conversation_id_id bigint NOT NULL,
    sender_id bigint
);


ALTER TABLE public.chatapp_message OWNER TO postgres;

--
-- Name: chatapp_message_id_seq; Type: SEQUENCE; Schema: public; Owner: postgres
--

ALTER TABLE public.chatapp_message ALTER COLUMN id ADD GENERATED BY DEFAULT AS IDENTITY (
    SEQUENCE NAME public.chatapp_message_id_seq
    START WITH 1
    INCREMENT BY 1
    NO MINVALUE
    NO MAXVALUE
    CACHE 1
);


--
-- Name: course_course; Type: TABLE; Schema: public; Owner: postgres
--

CREATE TABLE public.course_course (
    "CourseID" integer NOT NULL,
    "CourseTitle" character varying(100) NOT NULL,
    "CourseHours" integer,
    "Description" text NOT NULL,
    "Price" numeric(10,2) NOT NULL,
    "Thumbnail" character varying(100),
    "FromDate" timestamp with time zone,
    "ToDate" timestamp with time zone,
    address text,
    completed boolean NOT NULL,
    "CategoryID_id" integer NOT NULL,
    "Supplier_id" bigint,
    "Rating" numeric(10,2) NOT NULL,
    "NumberOfRatings" integer NOT NULL,
    "NumberOfLec" integer,
    "NumberOfUploadedLec" integer
);


ALTER TABLE public.course_course OWNER TO postgres;

--
-- Name: course_course_CourseID_seq; Type: SEQUENCE; Schema: public; Owner: postgres
--

ALTER TABLE public.course_course ALTER COLUMN "CourseID" ADD GENERATED BY DEFAULT AS IDENTITY (
    SEQUENCE NAME public."course_course_CourseID_seq"
    START WITH 1
    INCREMENT BY 1
    NO MINVALUE
    NO MAXVALUE
    CACHE 1
);


--
-- Name: course_coursevideos; Type: TABLE; Schema: public; Owner: postgres
--

CREATE TABLE public.course_coursevideos (
    "VideoID" integer NOT NULL,
    "LectureTitle" character varying(100) NOT NULL,
    "VideoNo" integer NOT NULL,
    "Description" text NOT NULL,
    "VideoFile" character varying(100) NOT NULL,
    "CourseID_id" integer NOT NULL
);


ALTER TABLE public.course_coursevideos OWNER TO postgres;

--
-- Name: course_coursevideos_VideoID_seq; Type: SEQUENCE; Schema: public; Owner: postgres
--

ALTER TABLE public.course_coursevideos ALTER COLUMN "VideoID" ADD GENERATED BY DEFAULT AS IDENTITY (
    SEQUENCE NAME public."course_coursevideos_VideoID_seq"
    START WITH 1
    INCREMENT BY 1
    NO MINVALUE
    NO MAXVALUE
    CACHE 1
);


--
-- Name: course_enrollment; Type: TABLE; Schema: public; Owner: postgres
--

CREATE TABLE public.course_enrollment (
    "EnrollmentID" integer NOT NULL,
    "EnrollmentDate" timestamp with time zone NOT NULL,
    "Course_id" integer NOT NULL,
    "EnrolledUser_id" bigint NOT NULL
);


ALTER TABLE public.course_enrollment OWNER TO postgres;

--
-- Name: course_enrollment_EnrollmentID_seq; Type: SEQUENCE; Schema: public; Owner: postgres
--

ALTER TABLE public.course_enrollment ALTER COLUMN "EnrollmentID" ADD GENERATED BY DEFAULT AS IDENTITY (
    SEQUENCE NAME public."course_enrollment_EnrollmentID_seq"
    START WITH 1
    INCREMENT BY 1
    NO MINVALUE
    NO MAXVALUE
    CACHE 1
);


--
-- Name: django_admin_log; Type: TABLE; Schema: public; Owner: postgres
--

CREATE TABLE public.django_admin_log (
    id integer NOT NULL,
    action_time timestamp with time zone NOT NULL,
    object_id text,
    object_repr character varying(200) NOT NULL,
    action_flag smallint NOT NULL,
    change_message text NOT NULL,
    content_type_id integer,
    user_id bigint NOT NULL,
    CONSTRAINT django_admin_log_action_flag_check CHECK ((action_flag >= 0))
);


ALTER TABLE public.django_admin_log OWNER TO postgres;

--
-- Name: django_admin_log_id_seq; Type: SEQUENCE; Schema: public; Owner: postgres
--

ALTER TABLE public.django_admin_log ALTER COLUMN id ADD GENERATED BY DEFAULT AS IDENTITY (
    SEQUENCE NAME public.django_admin_log_id_seq
    START WITH 1
    INCREMENT BY 1
    NO MINVALUE
    NO MAXVALUE
    CACHE 1
);


--
-- Name: django_content_type; Type: TABLE; Schema: public; Owner: postgres
--

CREATE TABLE public.django_content_type (
    id integer NOT NULL,
    app_label character varying(100) NOT NULL,
    model character varying(100) NOT NULL
);


ALTER TABLE public.django_content_type OWNER TO postgres;

--
-- Name: django_content_type_id_seq; Type: SEQUENCE; Schema: public; Owner: postgres
--

ALTER TABLE public.django_content_type ALTER COLUMN id ADD GENERATED BY DEFAULT AS IDENTITY (
    SEQUENCE NAME public.django_content_type_id_seq
    START WITH 1
    INCREMENT BY 1
    NO MINVALUE
    NO MAXVALUE
    CACHE 1
);


--
-- Name: django_migrations; Type: TABLE; Schema: public; Owner: postgres
--

CREATE TABLE public.django_migrations (
    id bigint NOT NULL,
    app character varying(255) NOT NULL,
    name character varying(255) NOT NULL,
    applied timestamp with time zone NOT NULL
);


ALTER TABLE public.django_migrations OWNER TO postgres;

--
-- Name: django_migrations_id_seq; Type: SEQUENCE; Schema: public; Owner: postgres
--

ALTER TABLE public.django_migrations ALTER COLUMN id ADD GENERATED BY DEFAULT AS IDENTITY (
    SEQUENCE NAME public.django_migrations_id_seq
    START WITH 1
    INCREMENT BY 1
    NO MINVALUE
    NO MAXVALUE
    CACHE 1
);


--
-- Name: django_session; Type: TABLE; Schema: public; Owner: postgres
--

CREATE TABLE public.django_session (
    session_key character varying(40) NOT NULL,
    session_data text NOT NULL,
    expire_date timestamp with time zone NOT NULL
);


ALTER TABLE public.django_session OWNER TO postgres;

--
-- Name: notifications_notification; Type: TABLE; Schema: public; Owner: postgres
--

CREATE TABLE public.notifications_notification (
    id bigint NOT NULL,
    message text NOT NULL,
    "timestamp" timestamp with time zone NOT NULL,
    is_read boolean NOT NULL,
    user_id bigint NOT NULL
);


ALTER TABLE public.notifications_notification OWNER TO postgres;

--
-- Name: notifications_notification_id_seq; Type: SEQUENCE; Schema: public; Owner: postgres
--

ALTER TABLE public.notifications_notification ALTER COLUMN id ADD GENERATED BY DEFAULT AS IDENTITY (
    SEQUENCE NAME public.notifications_notification_id_seq
    START WITH 1
    INCREMENT BY 1
    NO MINVALUE
    NO MAXVALUE
    CACHE 1
);


--
-- Name: orders_cart; Type: TABLE; Schema: public; Owner: postgres
--

CREATE TABLE public.orders_cart (
    id uuid NOT NULL,
    "Created_at" timestamp with time zone,
    "User_id" bigint NOT NULL
);


ALTER TABLE public.orders_cart OWNER TO postgres;

--
-- Name: orders_cartitems; Type: TABLE; Schema: public; Owner: postgres
--

CREATE TABLE public.orders_cartitems (
    id bigint NOT NULL,
    "Quantity" integer NOT NULL,
    "CartID_id" uuid,
    "Product_id" integer,
    "Color" character varying(20),
    "Size" character varying(20),
    CONSTRAINT "orders_cartitems_Quantity_90ddc299_check" CHECK (("Quantity" >= 0))
);


ALTER TABLE public.orders_cartitems OWNER TO postgres;

--
-- Name: orders_cartitems_id_seq; Type: SEQUENCE; Schema: public; Owner: postgres
--

ALTER TABLE public.orders_cartitems ALTER COLUMN id ADD GENERATED BY DEFAULT AS IDENTITY (
    SEQUENCE NAME public.orders_cartitems_id_seq
    START WITH 1
    INCREMENT BY 1
    NO MINVALUE
    NO MAXVALUE
    CACHE 1
);


--
-- Name: orders_coupon; Type: TABLE; Schema: public; Owner: postgres
--

CREATE TABLE public.orders_coupon (
    id bigint NOT NULL,
    code character varying(50) NOT NULL,
    discount numeric(5,2) NOT NULL,
    valid_from timestamp with time zone NOT NULL,
    valid_to timestamp with time zone NOT NULL,
    active boolean NOT NULL,
    terms text NOT NULL,
    supplier_id bigint NOT NULL
);


ALTER TABLE public.orders_coupon OWNER TO postgres;

--
-- Name: orders_coupon_id_seq; Type: SEQUENCE; Schema: public; Owner: postgres
--

ALTER TABLE public.orders_coupon ALTER COLUMN id ADD GENERATED BY DEFAULT AS IDENTITY (
    SEQUENCE NAME public.orders_coupon_id_seq
    START WITH 1
    INCREMENT BY 1
    NO MINVALUE
    NO MAXVALUE
    CACHE 1
);


--
-- Name: orders_coupon_products; Type: TABLE; Schema: public; Owner: postgres
--

CREATE TABLE public.orders_coupon_products (
    id bigint NOT NULL,
    coupon_id bigint NOT NULL,
    product_id integer NOT NULL
);


ALTER TABLE public.orders_coupon_products OWNER TO postgres;

--
-- Name: orders_coupon_products_id_seq; Type: SEQUENCE; Schema: public; Owner: postgres
--

ALTER TABLE public.orders_coupon_products ALTER COLUMN id ADD GENERATED BY DEFAULT AS IDENTITY (
    SEQUENCE NAME public.orders_coupon_products_id_seq
    START WITH 1
    INCREMENT BY 1
    NO MINVALUE
    NO MAXVALUE
    CACHE 1
);


--
-- Name: orders_order; Type: TABLE; Schema: public; Owner: postgres
--

CREATE TABLE public.orders_order (
    id uuid NOT NULL,
    address_id bigint NOT NULL,
    paid boolean NOT NULL,
    created_at timestamp with time zone NOT NULL,
    updated_at timestamp with time zone NOT NULL,
    user_id bigint NOT NULL,
    discount_amount numeric(10,2) NOT NULL,
    final_amount numeric(10,2) NOT NULL,
    total_amount numeric(10,2) NOT NULL,
    delivery_fee numeric(10,2) NOT NULL,
    payment_method character varying(50) NOT NULL,
    status character varying(50) NOT NULL
);


ALTER TABLE public.orders_order OWNER TO postgres;

--
-- Name: orders_orderitem; Type: TABLE; Schema: public; Owner: postgres
--

CREATE TABLE public.orders_orderitem (
    id uuid NOT NULL,
    quantity integer NOT NULL,
    price numeric(10,2) NOT NULL,
    created_at timestamp with time zone NOT NULL,
    updated_at timestamp with time zone NOT NULL,
    product_id integer NOT NULL,
    color character varying(20),
    size character varying(20),
    order_id uuid NOT NULL,
    CONSTRAINT orders_orderitem_quantity_check CHECK ((quantity >= 0))
);


ALTER TABLE public.orders_orderitem OWNER TO postgres;

--
-- Name: orders_shipment; Type: TABLE; Schema: public; Owner: postgres
--

CREATE TABLE public.orders_shipment (
    id uuid NOT NULL,
    from_state character varying(250) NOT NULL,
    to_state character varying(250) NOT NULL,
    confirmation_code character varying(6),
    delivery_confirmed_at timestamp with time zone,
    status character varying(50) NOT NULL,
    delivery_person_id bigint,
    from_address_id bigint,
    order_id uuid NOT NULL,
    supplier_id bigint,
    to_address_id bigint,
    order_total_value numeric(10,2) NOT NULL
);


ALTER TABLE public.orders_shipment OWNER TO postgres;

--
-- Name: orders_shipmentitem; Type: TABLE; Schema: public; Owner: postgres
--

CREATE TABLE public.orders_shipmentitem (
    id uuid NOT NULL,
    quantity integer NOT NULL,
    order_item_id uuid NOT NULL,
    shipment_id uuid NOT NULL,
    CONSTRAINT orders_shipmentitem_quantity_check CHECK ((quantity >= 0))
);


ALTER TABLE public.orders_shipmentitem OWNER TO postgres;

--
-- Name: orders_warehouse; Type: TABLE; Schema: public; Owner: postgres
--

CREATE TABLE public.orders_warehouse (
    id bigint NOT NULL,
    name character varying(100) NOT NULL,
    contact_person character varying(100) NOT NULL,
    contact_phone character varying(20) NOT NULL,
    delivery_fee numeric(5,2) NOT NULL,
    "Address_id" bigint NOT NULL
);


ALTER TABLE public.orders_warehouse OWNER TO postgres;

--
-- Name: orders_warehouse_id_seq; Type: SEQUENCE; Schema: public; Owner: postgres
--

ALTER TABLE public.orders_warehouse ALTER COLUMN id ADD GENERATED BY DEFAULT AS IDENTITY (
    SEQUENCE NAME public.orders_warehouse_id_seq
    START WITH 1
    INCREMENT BY 1
    NO MINVALUE
    NO MAXVALUE
    CACHE 1
);


--
-- Name: orders_wishlist; Type: TABLE; Schema: public; Owner: postgres
--

CREATE TABLE public.orders_wishlist (
    id uuid NOT NULL,
    "Created_at" timestamp with time zone NOT NULL,
    user_id bigint NOT NULL
);


ALTER TABLE public.orders_wishlist OWNER TO postgres;

--
-- Name: orders_wishlistitem; Type: TABLE; Schema: public; Owner: postgres
--

CREATE TABLE public.orders_wishlistitem (
    id bigint NOT NULL,
    product_id integer NOT NULL,
    wishlist_id uuid NOT NULL
);


ALTER TABLE public.orders_wishlistitem OWNER TO postgres;

--
-- Name: orders_wishlistitem_id_seq; Type: SEQUENCE; Schema: public; Owner: postgres
--

ALTER TABLE public.orders_wishlistitem ALTER COLUMN id ADD GENERATED BY DEFAULT AS IDENTITY (
    SEQUENCE NAME public.orders_wishlistitem_id_seq
    START WITH 1
    INCREMENT BY 1
    NO MINVALUE
    NO MAXVALUE
    CACHE 1
);


--
-- Name: payment_paymenthistory; Type: TABLE; Schema: public; Owner: postgres
--

CREATE TABLE public.payment_paymenthistory (
    id bigint NOT NULL,
    date timestamp with time zone NOT NULL,
    payment_status character varying(50) NOT NULL,
    order_id uuid,
    user_id bigint,
    course_id integer,
    stripe_session_id character varying(255),
    stripe_payment_intent_id character varying(255)
);


ALTER TABLE public.payment_paymenthistory OWNER TO postgres;

--
-- Name: payment_paymenthistory_id_seq; Type: SEQUENCE; Schema: public; Owner: postgres
--

ALTER TABLE public.payment_paymenthistory ALTER COLUMN id ADD GENERATED BY DEFAULT AS IDENTITY (
    SEQUENCE NAME public.payment_paymenthistory_id_seq
    START WITH 1
    INCREMENT BY 1
    NO MINVALUE
    NO MAXVALUE
    CACHE 1
);


--
-- Name: products_category; Type: TABLE; Schema: public; Owner: postgres
--

CREATE TABLE public.products_category (
    "CategoryID" integer NOT NULL,
    "Title" character varying(100) NOT NULL,
    "Description" text NOT NULL,
    "Picture" character varying(100),
    "Active" boolean NOT NULL,
    "Slug" character varying(50)
);


ALTER TABLE public.products_category OWNER TO postgres;

--
-- Name: products_category_CategoryID_seq; Type: SEQUENCE; Schema: public; Owner: postgres
--

ALTER TABLE public.products_category ALTER COLUMN "CategoryID" ADD GENERATED BY DEFAULT AS IDENTITY (
    SEQUENCE NAME public."products_category_CategoryID_seq"
    START WITH 1
    INCREMENT BY 1
    NO MINVALUE
    NO MAXVALUE
    CACHE 1
);


--
-- Name: products_collection; Type: TABLE; Schema: public; Owner: postgres
--

CREATE TABLE public.products_collection (
    id bigint NOT NULL,
    name character varying(100) NOT NULL,
    supplier_id bigint NOT NULL,
    created_at timestamp with time zone NOT NULL
);


ALTER TABLE public.products_collection OWNER TO postgres;

--
-- Name: products_collection_id_seq; Type: SEQUENCE; Schema: public; Owner: postgres
--

ALTER TABLE public.products_collection ALTER COLUMN id ADD GENERATED BY DEFAULT AS IDENTITY (
    SEQUENCE NAME public.products_collection_id_seq
    START WITH 1
    INCREMENT BY 1
    NO MINVALUE
    NO MAXVALUE
    CACHE 1
);


--
-- Name: products_collectionitem; Type: TABLE; Schema: public; Owner: postgres
--

CREATE TABLE public.products_collectionitem (
    id bigint NOT NULL,
    collection_id bigint NOT NULL,
    product_id integer NOT NULL,
    added_at timestamp with time zone NOT NULL
);


ALTER TABLE public.products_collectionitem OWNER TO postgres;

--
-- Name: products_collectionitem_id_seq; Type: SEQUENCE; Schema: public; Owner: postgres
--

ALTER TABLE public.products_collectionitem ALTER COLUMN id ADD GENERATED BY DEFAULT AS IDENTITY (
    SEQUENCE NAME public.products_collectionitem_id_seq
    START WITH 1
    INCREMENT BY 1
    NO MINVALUE
    NO MAXVALUE
    CACHE 1
);


--
-- Name: products_matcategory; Type: TABLE; Schema: public; Owner: postgres
--

CREATE TABLE public.products_matcategory (
    "MatID" integer NOT NULL,
    "Title" character varying(100) NOT NULL,
    "Picture" character varying(100),
    "Active" boolean NOT NULL,
    "Slug" character varying(50)
);


ALTER TABLE public.products_matcategory OWNER TO postgres;

--
-- Name: products_matcategory_MatID_seq; Type: SEQUENCE; Schema: public; Owner: postgres
--

ALTER TABLE public.products_matcategory ALTER COLUMN "MatID" ADD GENERATED BY DEFAULT AS IDENTITY (
    SEQUENCE NAME public."products_matcategory_MatID_seq"
    START WITH 1
    INCREMENT BY 1
    NO MINVALUE
    NO MAXVALUE
    CACHE 1
);


--
-- Name: products_procolors; Type: TABLE; Schema: public; Owner: postgres
--

CREATE TABLE public.products_procolors (
    id bigint NOT NULL,
    "Color" character varying(20),
    product_id integer NOT NULL
);


ALTER TABLE public.products_procolors OWNER TO postgres;

--
-- Name: products_procolors_id_seq; Type: SEQUENCE; Schema: public; Owner: postgres
--

ALTER TABLE public.products_procolors ALTER COLUMN id ADD GENERATED BY DEFAULT AS IDENTITY (
    SEQUENCE NAME public.products_procolors_id_seq
    START WITH 1
    INCREMENT BY 1
    NO MINVALUE
    NO MAXVALUE
    CACHE 1
);


--
-- Name: products_product; Type: TABLE; Schema: public; Owner: postgres
--

CREATE TABLE public.products_product (
    id integer NOT NULL,
    "ProductName" character varying(100) NOT NULL,
    "ProductDescription" text NOT NULL,
    "QuantityPerUnit" character varying(50) NOT NULL,
    "UnitPrice" numeric(10,2) NOT NULL,
    "UnitWeight" numeric(5,2) NOT NULL,
    "OutOfStock" boolean NOT NULL,
    "DiscountAvailable" boolean NOT NULL,
    "Discount" numeric(5,2) NOT NULL,
    "Rating" numeric(10,2) NOT NULL,
    "Publish_Date" timestamp with time zone NOT NULL,
    "Category_id" integer,
    "MatCategory_id" integer,
    "Supplier_id" bigint NOT NULL,
    "Stock" integer NOT NULL,
    "DiscountPercentage" numeric(5,2) NOT NULL,
    height numeric(10,2),
    watt numeric(10,2),
    width numeric(10,2)
);


ALTER TABLE public.products_product OWNER TO postgres;

--
-- Name: products_product_id_seq; Type: SEQUENCE; Schema: public; Owner: postgres
--

ALTER TABLE public.products_product ALTER COLUMN id ADD GENERATED BY DEFAULT AS IDENTITY (
    SEQUENCE NAME public.products_product_id_seq
    START WITH 1
    INCREMENT BY 1
    NO MINVALUE
    NO MAXVALUE
    CACHE 1
);


--
-- Name: products_proimage; Type: TABLE; Schema: public; Owner: postgres
--

CREATE TABLE public.products_proimage (
    id bigint NOT NULL,
    image character varying(100),
    product_id integer NOT NULL
);


ALTER TABLE public.products_proimage OWNER TO postgres;

--
-- Name: products_proimage_id_seq; Type: SEQUENCE; Schema: public; Owner: postgres
--

ALTER TABLE public.products_proimage ALTER COLUMN id ADD GENERATED BY DEFAULT AS IDENTITY (
    SEQUENCE NAME public.products_proimage_id_seq
    START WITH 1
    INCREMENT BY 1
    NO MINVALUE
    NO MAXVALUE
    CACHE 1
);


--
-- Name: products_prosizes; Type: TABLE; Schema: public; Owner: postgres
--

CREATE TABLE public.products_prosizes (
    id bigint NOT NULL,
    "Size" character varying(20),
    product_id integer NOT NULL
);


ALTER TABLE public.products_prosizes OWNER TO postgres;

--
-- Name: products_prosizes_id_seq; Type: SEQUENCE; Schema: public; Owner: postgres
--

ALTER TABLE public.products_prosizes ALTER COLUMN id ADD GENERATED BY DEFAULT AS IDENTITY (
    SEQUENCE NAME public.products_prosizes_id_seq
    START WITH 1
    INCREMENT BY 1
    NO MINVALUE
    NO MAXVALUE
    CACHE 1
);


--
-- Name: returnrequest_balance_withdraw_request; Type: TABLE; Schema: public; Owner: postgres
--

CREATE TABLE public.returnrequest_balance_withdraw_request (
    id bigint NOT NULL,
    transfer_number character varying(50) NOT NULL,
    transfer_type character varying(50) NOT NULL,
    transfer_status character varying(50) NOT NULL,
    amount numeric(10,2) NOT NULL,
    notes text,
    user_id bigint NOT NULL
);


ALTER TABLE public.returnrequest_balance_withdraw_request OWNER TO postgres;

--
-- Name: returnrequest_balance_withdraw_request_id_seq; Type: SEQUENCE; Schema: public; Owner: postgres
--

ALTER TABLE public.returnrequest_balance_withdraw_request ALTER COLUMN id ADD GENERATED BY DEFAULT AS IDENTITY (
    SEQUENCE NAME public.returnrequest_balance_withdraw_request_id_seq
    START WITH 1
    INCREMENT BY 1
    NO MINVALUE
    NO MAXVALUE
    CACHE 1
);


--
-- Name: returnrequest_returnrequest; Type: TABLE; Schema: public; Owner: postgres
--

CREATE TABLE public.returnrequest_returnrequest (
    id uuid NOT NULL,
    quantity integer NOT NULL,
    from_state character varying(250) NOT NULL,
    to_state character varying(250) NOT NULL,
    confirmation_code character varying(6),
    delivery_confirmed_at timestamp with time zone,
    status character varying(50) NOT NULL,
    amount numeric(10,2) NOT NULL,
    created_at timestamp with time zone NOT NULL,
    updated_at timestamp with time zone NOT NULL,
    from_address_id bigint,
    product_id integer,
    supplier_id bigint,
    to_address_id bigint,
    user_id bigint NOT NULL,
    order_id uuid,
    delivery_person_id bigint
);


ALTER TABLE public.returnrequest_returnrequest OWNER TO postgres;

--
-- Name: returnrequest_transactions; Type: TABLE; Schema: public; Owner: postgres
--

CREATE TABLE public.returnrequest_transactions (
    id bigint NOT NULL,
    transaction_type character varying(50) NOT NULL,
    amount numeric(12,2) NOT NULL,
    created_at timestamp with time zone NOT NULL,
    user_id bigint NOT NULL
);


ALTER TABLE public.returnrequest_transactions OWNER TO postgres;

--
-- Name: returnrequest_transactions_id_seq; Type: SEQUENCE; Schema: public; Owner: postgres
--

ALTER TABLE public.returnrequest_transactions ALTER COLUMN id ADD GENERATED BY DEFAULT AS IDENTITY (
    SEQUENCE NAME public.returnrequest_transactions_id_seq
    START WITH 1
    INCREMENT BY 1
    NO MINVALUE
    NO MAXVALUE
    CACHE 1
);


--
-- Name: reviews_review; Type: TABLE; Schema: public; Owner: postgres
--

CREATE TABLE public.reviews_review (
    id bigint NOT NULL,
    rating integer NOT NULL,
    comment text NOT NULL,
    created_at timestamp with time zone NOT NULL,
    course_id integer,
    customer_id bigint NOT NULL,
    delivery_id bigint,
    product_id integer,
    supplier_id bigint,
    ease_of_place_order character varying(50),
    image character varying(100),
    product_packaging character varying(50),
    speed_of_delivery character varying(50)
);


ALTER TABLE public.reviews_review OWNER TO postgres;

--
-- Name: reviews_review_id_seq; Type: SEQUENCE; Schema: public; Owner: postgres
--

ALTER TABLE public.reviews_review ALTER COLUMN id ADD GENERATED BY DEFAULT AS IDENTITY (
    SEQUENCE NAME public.reviews_review_id_seq
    START WITH 1
    INCREMENT BY 1
    NO MINVALUE
    NO MAXVALUE
    CACHE 1
);


--
-- Name: token_blacklist_blacklistedtoken; Type: TABLE; Schema: public; Owner: postgres
--

CREATE TABLE public.token_blacklist_blacklistedtoken (
    id bigint NOT NULL,
    blacklisted_at timestamp with time zone NOT NULL,
    token_id bigint NOT NULL
);


ALTER TABLE public.token_blacklist_blacklistedtoken OWNER TO postgres;

--
-- Name: token_blacklist_blacklistedtoken_id_seq; Type: SEQUENCE; Schema: public; Owner: postgres
--

ALTER TABLE public.token_blacklist_blacklistedtoken ALTER COLUMN id ADD GENERATED BY DEFAULT AS IDENTITY (
    SEQUENCE NAME public.token_blacklist_blacklistedtoken_id_seq
    START WITH 1
    INCREMENT BY 1
    NO MINVALUE
    NO MAXVALUE
    CACHE 1
);


--
-- Name: token_blacklist_outstandingtoken; Type: TABLE; Schema: public; Owner: postgres
--

CREATE TABLE public.token_blacklist_outstandingtoken (
    id bigint NOT NULL,
    token text NOT NULL,
    created_at timestamp with time zone,
    expires_at timestamp with time zone NOT NULL,
    user_id bigint,
    jti character varying(255) NOT NULL
);


ALTER TABLE public.token_blacklist_outstandingtoken OWNER TO postgres;

--
-- Name: token_blacklist_outstandingtoken_id_seq; Type: SEQUENCE; Schema: public; Owner: postgres
--

ALTER TABLE public.token_blacklist_outstandingtoken ALTER COLUMN id ADD GENERATED BY DEFAULT AS IDENTITY (
    SEQUENCE NAME public.token_blacklist_outstandingtoken_id_seq
    START WITH 1
    INCREMENT BY 1
    NO MINVALUE
    NO MAXVALUE
    CACHE 1
);


--
-- Data for Name: accounts_address; Type: TABLE DATA; Schema: public; Owner: postgres
--

COPY public.accounts_address (id, "BuildingNO", "Street", "City", "State", user_id) FROM stdin;
64	10	Kafr El Sheikh Main Street	Kafr El Sheikh	Kafr El Sheikh	1
65	10	Luxor Main Street	Luxor	Luxor	1
66	10	Matrouh Main Street	Matrouh	Matrouh	1
67	10	Minya Main Street	Minya	Minya	1
68	10	Monufia Main Street	Monufia	Monufia	1
69	10	New Valley Main Street	New Valley	New Valley	1
70	10	North Sinai Main Street	North Sinai	North Sinai	1
71	10	Port Said Main Street	Port Said	Port Said	1
72	10	Qalyubia Main Street	Qalyubia	Qalyubia	1
73	10	Qena Main Street	Qena	Qena	1
74	10	Red Sea Main Street	Red Sea	Red Sea	1
75	10	Sharqia Main Street	Sharqia	Sharqia	1
76	10	Sohag Main Street	Sohag	Sohag	1
77	10	South Sinai Main Street	South Sinai	South Sinai	1
78	10	Suez Main Street	Suez	Suez	1
60	10	Faiyum Main Street	Faiyum	Faiyum	1
3	fdvgbvhn	egypt	zagazig	Sharqia	205
82	8	الاول	الجيزه	Matrouh	216
61	10	Gharbia Main Street	Gharbia	Gharbia	1
62	10	Giza Main Street	Giza	Giza	1
63	10	Ismailia Main Street	Ismailia	Ismailia	1
2	fdvgbvhn	egypt	New Damietta	Damietta	159
52	10	Alexandria Main Street	Alexandria	Alexandria	1
53	10	Aswan Main Street	Aswan	Aswan	1
54	10	Asyut Main Street	Asyut	Asyut	1
55	10	Beheira Main Street	Beheira	Beheira	1
56	10	Beni Suef Main Street	Beni Suef	Beni Suef	1
57	10	Cairo Main Street	Cairo	Cairo	1
58	10	Dakahlia Main Street	Dakahlia	Dakahlia	1
59	10	Damietta Main Street	Damietta	Damietta	1
\.


--
-- Data for Name: accounts_customer; Type: TABLE DATA; Schema: public; Owner: postgres
--

COPY public.accounts_customer (id, "CustomerPhoto", "CreditCardNO", "CreditCardType", "CreditCardMonth", "CreditCardYear", "CreditCVV", user_id) FROM stdin;
32		\N	\N	\N	\N		171
33		\N	\N	\N	\N		172
34		\N	\N	\N	\N		173
35		\N	\N	\N	\N		174
36		\N	\N	\N	\N		175
37		\N	\N	\N	\N		176
38		\N	\N	\N	\N		177
39		\N	\N	\N	\N		178
40		\N	\N	\N	\N		179
41		\N	\N	\N	\N		180
42		\N	\N	\N	\N		181
43		\N	\N	\N	\N		182
44		\N	\N	\N	\N		183
45		\N	\N	\N	\N		184
46		\N	\N	\N	\N		185
47		\N	\N	\N	\N		186
48		\N	\N	\N	\N		187
49		\N	\N	\N	\N		188
50		\N	\N	\N	\N		189
51		\N	\N	\N	\N		190
52		\N	\N	\N	\N		191
\.


--
-- Data for Name: accounts_delivery; Type: TABLE DATA; Schema: public; Owner: postgres
--

COPY public.accounts_delivery (id, "DeliveryPhoto", "DeliveryContract", "DeliveryIdentity", "VehicleModel", "VehicleColor", "plateNO", "Rating", "Orders", "ExperienceYears", user_id, governorate, accepted_delivery) FROM stdin;
\.


--
-- Data for Name: accounts_follow; Type: TABLE DATA; Schema: public; Owner: postgres
--

COPY public.accounts_follow (id, supplier_id, follower_content_type_id, follower_object_id) FROM stdin;
13	136	11	101
14	112	11	101
16	101	11	137
19	115	11	137
25	120	11	136
27	137	11	136
28	112	11	137
29	113	11	137
30	136	11	137
31	133	11	101
33	112	11	136
34	113	11	136
35	114	11	136
36	115	11	136
37	116	11	136
38	117	11	136
39	118	11	136
40	119	11	136
41	121	11	136
42	122	11	136
43	123	11	136
44	124	11	136
45	125	11	136
62	101	11	136
\.


--
-- Data for Name: accounts_onetimepassword; Type: TABLE DATA; Schema: public; Owner: postgres
--

COPY public.accounts_onetimepassword (id, otp, user_id, created_at) FROM stdin;
143	7526	171	2025-01-29 19:00:56.090539+00
144	8219	172	2025-01-29 19:01:41.118696+00
145	7751	173	2025-01-29 19:02:10.42291+00
146	4913	174	2025-01-29 19:02:40.168108+00
147	1158	175	2025-01-29 19:03:15.246702+00
148	2124	176	2025-01-29 19:03:58.810316+00
149	4360	177	2025-01-29 19:04:41.112964+00
150	8234	178	2025-01-29 19:05:17.019452+00
151	5057	179	2025-01-29 19:05:58.916431+00
152	3344	180	2025-01-29 19:06:49.665682+00
153	5639	181	2025-01-29 19:07:45.873968+00
154	4086	182	2025-01-29 19:08:34.689373+00
155	9530	183	2025-01-29 19:09:01.995516+00
156	1049	184	2025-01-29 19:09:33.198228+00
157	9556	185	2025-01-29 19:10:06.132615+00
158	3048	186	2025-01-29 19:10:33.215357+00
159	8891	187	2025-01-29 19:10:51.679154+00
160	7375	188	2025-01-29 19:11:29.788501+00
161	7310	189	2025-01-29 19:11:55.835195+00
162	2461	190	2025-01-29 19:12:22.208266+00
163	4971	191	2025-01-29 19:12:50.63015+00
164	5833	192	2025-01-29 19:18:16.899245+00
165	9534	193	2025-01-29 19:18:56.758011+00
166	4842	194	2025-01-29 19:19:20.39401+00
167	3781	195	2025-01-29 19:19:43.550926+00
168	6517	196	2025-01-29 19:20:05.017948+00
169	3153	197	2025-01-29 19:20:39.047445+00
170	9249	198	2025-01-29 19:21:19.5716+00
171	3906	199	2025-01-29 19:21:44.514963+00
172	2669	200	2025-01-29 19:22:45.093613+00
173	2076	201	2025-01-29 19:23:05.695845+00
174	4912	202	2025-01-29 19:23:38.563943+00
175	4981	203	2025-01-29 19:24:28.042508+00
176	6024	204	2025-01-29 19:24:45.439759+00
177	4634	205	2025-01-29 19:25:14.089119+00
178	7147	206	2025-01-29 19:26:15.755453+00
179	7974	207	2025-01-29 19:26:35.139188+00
180	9996	208	2025-01-29 19:27:02.800918+00
181	4354	209	2025-01-29 19:27:25.838324+00
182	9648	210	2025-01-29 19:27:48.002009+00
183	9240	211	2025-01-29 19:28:18.396209+00
184	5982	212	2025-01-29 19:28:38.774835+00
185	2242	213	2025-01-29 19:29:14.341223+00
186	9577	214	2025-01-29 19:29:33.08922+00
187	4208	215	2025-01-29 19:30:14.364287+00
\.


--
-- Data for Name: accounts_supplier; Type: TABLE DATA; Schema: public; Owner: postgres
--

COPY public.accounts_supplier (id, "SupplierPhoto", "SupplierCover", "CategoryTitle", "CreditCardNO", "CreditCardType", "CreditCardMonth", "CreditCardYear", "CreditCVV", "Logo", "SupplierContract", "SupplierIdentity", "FollowersNo", "ExperienceYears", "Rating", "Orders", user_id, accepted_supplier) FROM stdin;
126			crocheting	\N	\N	\N	\N	\N				0	12	5.00	\N	206	f
128			carpets	\N	\N	\N	\N	\N				0	20	5.00	\N	208	f
130			candles	\N	\N	\N	\N	\N				0	3	5.00	\N	210	f
132			bamboo	\N	\N	\N	\N	\N				0	23	5.00	\N	212	f
134			bamboo	\N	\N	\N	\N	\N				0	24	5.00	\N	214	f
120			leather	\N	\N	\N	\N	\N				1	12	5.00	\N	200	f
112			wooden	\N	\N	\N	\N	\N				3	10	5.00	\N	192	f
114			soap	\N	\N	\N	\N	\N				1	10	5.00	\N	194	f
116			soap	\N	\N	\N	\N	\N				1	10	5.00	\N	196	f
118			sewing	\N	\N	\N	\N	\N				1	5	5.00	\N	198	f
122			leather	\N	\N	\N	\N	\N				1	12	5.00	\N	202	f
124			jewelry	\N	\N	\N	\N	\N				1	12	5.00	\N	204	f
101	supplier_photos/25/07/20/waleed.jpg	supplier_covers/25/07/26/waleed.jpg	hand	\N	\N	\N	\N	\N		supplier_contracts/25/07/21/بيان_البواخر_المنتظرة_بدمياط_وبورسعيد.pdf	supplier_identities/25/07/21/wooden_18_uSbB52S.jpg	2	5	5.00	\N	159	f
136	supplier_photos/25/09/04/1000293491.jpg	supplier_covers/25/09/04/1000286477.jpg	Gold	\N	\N	\N	\N	\N		supplier_contracts/25/07/03/Ellipse_20.png	supplier_identities/25/07/03/Ellipse_19.png	3	150	3.86	7	216	t
133			bamboo	\N	\N	\N	\N	\N				1	24	5.00	\N	213	f
113			wooden	\N	\N	\N	\N	\N				2	10	5.00	\N	193	f
115			soap	\N	\N	\N	\N	\N				2	10	5.00	\N	195	f
117			sewing	\N	\N	\N	\N	\N				1	5	5.00	\N	197	f
119			pottery	\N	\N	\N	\N	\N				1	5	5.00	\N	199	f
121			leather	\N	\N	\N	\N	\N				1	12	5.00	\N	201	f
123			jewelry	\N	\N	\N	\N	\N				1	12	5.00	\N	203	f
125			jewelry	\N	\N	\N	\N	\N				1	12	5.00	\N	205	f
127			crocheting	\N	\N	\N	\N	\N				0	12	5.00	\N	207	f
129			carpets	\N	\N	\N	\N	\N				0	20	5.00	\N	209	f
131			candles	\N	\N	\N	\N	\N				0	3	5.00	\N	211	f
135			bamboo	\N	\N	\N	\N	\N				0	5	5.00	\N	215	f
137			bamboo	\N	\N	\N	\N	\N				1	7	5.00	\N	217	f
\.


--
-- Data for Name: accounts_user; Type: TABLE DATA; Schema: public; Owner: postgres
--

COPY public.accounts_user (password, id, email, first_name, last_name, "PhoneNO", is_staff, is_superuser, is_verified, is_active, date_joined, last_login, is_customer, is_supplier, is_delivery, last_password_reset_request, auth_provider, "Balance") FROM stdin;
pbkdf2_sha256$720000$yhMut6C4MqgqW2H8uUCwF7$DmmO6YEbkOzxhvwJD6NG4mBQkx8ota9/FfpixakNZ8s=	172	waheedsalah@gmail.com	Waheed	Salah	01101114633	f	f	f	t	2025-01-29 19:01:41.050454+00	2025-01-29 19:01:41.050492+00	t	f	f	\N	email	0.00
pbkdf2_sha256$720000$N0IaqPXn8IsU4B2JeGOwmf$DJrqlqkxTg0j556GIFcwsTEoBDD0BpGmCvjQSkkMZLM=	173	heshamashraf@gmail.com	Hesham	Ashraf	01101114644	f	f	f	t	2025-01-29 19:02:10.321792+00	2025-01-29 19:02:10.321814+00	t	f	f	\N	email	0.00
pbkdf2_sha256$720000$rE4uDQfT74gWbLfYDtxVUT$7OtOD2X02Iy48vDlJS1pFjChTcX1uryX5MGWcd9rsdE=	174	hussainashraf@gmail.com	Hussain	Ashraf	01101114655	f	f	f	t	2025-01-29 19:02:40.092122+00	2025-01-29 19:02:40.092152+00	t	f	f	\N	email	0.00
pbkdf2_sha256$720000$pS8RxxSGnGZfR4iyDcfy0y$9JqZCjrOrktWscXCiyjkLfRwm/LV33heTHDUhgLWL2E=	175	hanaaashraf@gmail.com	Hanaa	Ashraf	01101114666	f	f	f	t	2025-01-29 19:03:15.172146+00	2025-01-29 19:03:15.172176+00	t	f	f	\N	email	0.00
pbkdf2_sha256$720000$mEPWLZ7I0IVrBUyVZiDnRp$TvkZ22+gnE8GRCCUe36A4nEnT2gzYXx03c7xahQ0kC4=	178	amlzain@gmail.com	Aml	Zain	01101114699	f	f	f	t	2025-01-29 19:05:16.95362+00	2025-01-29 19:05:16.953652+00	t	f	f	\N	email	0.00
pbkdf2_sha256$720000$mftvhtcjUaUHreDaOMfgbT$+8ou/gH5Ievfk+3bluFgD9SSKvpLcAhV69Xkp47GQZo=	179	amlmohamed@gmail.com	Aml	Mohamed	01101114600	f	f	f	t	2025-01-29 19:05:58.841819+00	2025-01-29 19:05:58.841847+00	t	f	f	\N	email	0.00
pbkdf2_sha256$720000$TkcglFzW7hxnECgLhGAdpy$vjnEnxSEv9fJdGrKGILZtm3Fbsu6tcvDAKkaWMW9Fxg=	181	asemmohamed@gmail.com	Asem	Mohamed	01101114111	f	f	f	t	2025-01-29 19:07:45.755158+00	2025-01-29 19:07:45.75519+00	t	f	f	\N	email	0.00
pbkdf2_sha256$720000$t2SaDDIvyJGrwLb0HGHj9V$YyQIb7+E9dLX9BMKV6G9uTW7k6NUcYqWO/xn0VdQf8Y=	182	wesammohamed@gmail.com	Wesam	Mohamed	01101114122	f	f	f	t	2025-01-29 19:08:34.599245+00	2025-01-29 19:08:34.599289+00	t	f	f	\N	email	0.00
pbkdf2_sha256$720000$VjYg351GtA4QTEfE51svJ9$lfzsqU8u52SLOcblo3s4cgj5CvJ4D0ir14qwVPqhShE=	183	wesamismail@gmail.com	Wesam	Ismail	01101114133	f	f	f	t	2025-01-29 19:09:01.927327+00	2025-01-29 19:09:01.927362+00	t	f	f	\N	email	0.00
pbkdf2_sha256$720000$IFMG9djmZA2RT13uLnqaDI$4Dc25LQnQG5kvaveGDKWWsxRK/mir9t+updaEqGDtGY=	184	wesamhamed@gmail.com	Wesam	Hamed	01101114144	f	f	f	t	2025-01-29 19:09:33.12835+00	2025-01-29 19:09:33.128379+00	t	f	f	\N	email	0.00
pbkdf2_sha256$720000$iRyZdi8VxSaSgrLA1nanDA$IxvEKytKC3owm0P5WFMJJKlReCxbGgXgKQ7FSDvujvI=	187	waseemhamed@gmail.com	Waseem	Hamed	01101114177	f	f	f	t	2025-01-29 19:10:51.614808+00	2025-01-29 19:10:51.614839+00	t	f	f	\N	email	0.00
pbkdf2_sha256$720000$n02tT3DkPvU0PxbhZLlOt0$M0923Chp+AkZUMcLnYNGk9DyiXi2L06hTZkeIImjLjM=	188	waseemomar@gmail.com	Waseem	Omar	01101114188	f	f	f	t	2025-01-29 19:11:29.705497+00	2025-01-29 19:11:29.70554+00	t	f	f	\N	email	0.00
pbkdf2_sha256$720000$m9BlGOu3VYkH6uiiqEUlzF$cRNzwh4QoiKFlhhTnt4ZVkfYiFOodnloFw+Hy+fEQVQ=	190	asemomar@gmail.com	Asem	Omar	01101114100	f	f	f	t	2025-01-29 19:12:22.137162+00	2025-01-29 19:12:22.137191+00	t	f	f	\N	email	0.00
pbkdf2_sha256$720000$NnRIFtUZ8xYxS07DNSQJxx$y5nLPXFJ+LtoEE8MZU2GBkPnX1G3xBXgRfdIBGdjDGY=	180	adammohamed@gmail.com	Adam	Mohamed	01101114611	f	f	t	t	2025-01-29 19:06:49.599458+00	2025-01-29 19:14:07.916267+00	t	f	f	\N	email	0.00
pbkdf2_sha256$720000$CU76FfMvtPuT95RHcsE3Iv$GVvNk9c+2LCx77hdm08WuBKUU2QM/mATkQont2xChBY=	189	adamomar@gmail.com	Adam	Omar	01101114199	f	f	t	t	2025-01-29 19:11:55.768222+00	2025-01-29 19:14:32.249063+00	t	f	f	\N	email	0.00
pbkdf2_sha256$720000$iDntxAbmQox1wlOlPJU06p$RPt0EHYDslahsJmCZ+hfXOm+vbl/N+hJLectSVk25rM=	171	ahmeddarwesh@gmail.com	Ahmed	Darwesh	01101114622	f	f	t	t	2025-01-29 19:00:56.01704+00	2025-01-29 19:14:47.875655+00	t	f	f	\N	email	0.00
pbkdf2_sha256$720000$a1scpOssARNNfprs5EDgeT$BLsRrmnzFsJVBOQs8iuYUxFy+abp+S1XJVRyjz5e//o=	159	waleeddarwesh2002@gmail.com	Waleed	Darwesh	01101114638	f	f	t	t	2025-01-12 02:03:43.984002+00	2025-01-17 22:26:50.835483+00	f	t	f	\N	email	0.00
pbkdf2_sha256$720000$uxQF7SklLaiXB09rph50UF$0wKCNwmWNX1BzfQ4+aFeeCZ6lquaE+vRIYpMGRQXxXA=	1	CraftEG@craft.com	Craft	EG		t	t	t	t	2024-12-11 19:16:34.13843+00	2025-09-01 22:18:20.333608+00	f	f	f	\N	email	0.00
pbkdf2_sha256$720000$CzupJc317uTgulJdqEfWy6$oXIvOd2lOxf3fXB+Z3Xs/sNXXdsbApdH+aomNleRokY=	191	ahmedomar@gmail.com	Ahmed	Omar	01101114211	f	f	t	t	2025-01-29 19:12:50.564104+00	2025-01-29 19:31:29.739445+00	t	f	f	\N	email	0.00
pbkdf2_sha256$720000$zRuxq0cfsVwvednzaa5ZLI$kDo/xMw3FLLujooSbwzd1L33lbIPnQQ4E6o6HhNVj7A=	202	ahmedshehab@gmail.com	Ahmed	Shehab	01101114411	f	f	t	t	2025-01-29 19:23:38.496752+00	2025-01-29 19:31:49.328537+00	f	t	f	\N	email	0.00
pbkdf2_sha256$720000$hkZhLa5vJAb07xlN5RrqIm$ljBdGBMCROLlaD9MD2THrT6dZQPZ1l+b0+weKEuqm2U=	193	ahmedwael@gmail.com	Ahmed	Wael	01101114233	f	f	t	t	2025-01-29 19:18:56.667187+00	2025-01-29 19:32:03.683667+00	f	t	f	\N	email	0.00
pbkdf2_sha256$720000$x4NglVbDWNc1PW1jYC8Dk2$OKwNoxjJUyWWPXZ0cm1Ih2t+3bCQ2IvSqwjnuf1LtRo=	176	amalashraf@gmail.com	Amal	Ashraf	01101114677	f	f	t	t	2025-01-29 19:03:58.744285+00	2025-01-29 19:32:35.131556+00	t	f	f	\N	email	0.00
pbkdf2_sha256$720000$JbfnwK1X9bUzVrCGXMMuss$JfB7EutL3El2pwrWwFciK/CoBm4ILpYQ5T2kVDo9ZQA=	185	amalhamed@gmail.com	Amal	Hamed	01101114155	f	f	t	t	2025-01-29 19:10:06.056631+00	2025-01-29 19:32:50.68007+00	t	f	f	\N	email	0.00
pbkdf2_sha256$720000$hh6K7t3FMHs2rkOdzPeA5D$P6PZpiPXe35aC2l7lMonABi3D+EtMZM6QEmVxPT9mHA=	186	amlhamed@gmail.com	Aml	Hamed	01101114166	f	f	t	t	2025-01-29 19:10:33.134834+00	2025-01-29 19:33:04.602653+00	t	f	f	\N	email	0.00
pbkdf2_sha256$720000$3okYxvaE2E0Rweb7BeY1os$hIf4OiuHnhhrDCcwo6/jSthBRcUwiZZ2Wkmi6hs9sCo=	177	amlhussain@gmail.com	Aml	Hussain	01101114688	f	f	t	t	2025-01-29 19:04:41.024389+00	2025-01-29 19:33:18.845497+00	t	f	f	\N	email	0.00
pbkdf2_sha256$720000$N7oqdK7iUaj02gxSZE5YfO$1aazaztI+n3idvT0u7+X3fZ4D2hP/skqnWouOVjRZcs=	200	amrshehab@gmail.com	Amr	Shehab	01101114200	f	f	t	t	2025-01-29 19:22:45.02406+00	2025-01-29 19:34:02.283561+00	f	t	f	\N	email	0.00
pbkdf2_sha256$720000$L3fNurfKWqyEUc7GwD1MML$CrH2s7AGh+aC5QKANSGM4kRRVFEJjOGPt337WAseoOg=	192	loayomar@gmail.com	Loay	Omar	01101114222	f	f	t	t	2025-01-29 19:18:16.833682+00	2025-01-29 19:35:01.242443+00	f	t	f	\N	email	0.00
pbkdf2_sha256$720000$QluQuIw7a2Nch036y6n2yY$Kpg2rTwEli8j1+5QDVsye27+UWDnUucePMBKSxfDXiU=	201	omarshehab@gmail.com	Omar	Shehab	01101114311	f	f	t	t	2025-01-29 19:23:05.629126+00	2025-01-29 19:37:02.246026+00	f	t	f	\N	email	0.00
pbkdf2_sha256$720000$jitryrO2cWWOIeZWLoinoE$SuOFew+iR6EkYDPfX8D6GNE48Hs1t4x6aKPjfN03mYI=	196	salahhamed@gmail.com	Salah	Hamed	01101114266	f	f	t	t	2025-01-29 19:20:04.949872+00	2025-01-29 19:37:34.421689+00	f	t	f	\N	email	0.00
pbkdf2_sha256$720000$5KwhuX2fl7MOmOmIedkXpO$aqfWwqyTX+PbZFI5v1fOeRB/e20DVHJTiUwuoe/B9bs=	199	shahabamr@gmail.com	Shahab	Amr	01101114299	f	f	t	t	2025-01-29 19:21:44.447948+00	2025-01-29 19:37:49.75395+00	f	t	f	\N	email	0.00
pbkdf2_sha256$720000$rDG1ygV8O3TvJoaeFTJ1fC$t5uSM7QvHfIenyx8efhCreBtvL5n/treZDBxjo/tW3Y=	197	shahabhamed@gmail.com	Shahab	Hamed	01101114277	f	f	t	t	2025-01-29 19:20:38.982923+00	2025-01-29 19:38:05.394102+00	f	t	f	\N	email	0.00
pbkdf2_sha256$720000$LEaghIOATpHpFTawByds0u$Mg7dc3da+sNYHHiI8+vTnvPU1eTkGBVycAJZoP4ym3w=	198	shahabmohamed@gmail.com	Shahab	Mohamed	01101114288	f	f	t	t	2025-01-29 19:21:19.466221+00	2025-01-29 19:38:21.23083+00	f	t	f	\N	email	0.00
pbkdf2_sha256$720000$QQgY2dHN235cHks4SMzxL6$B1iut9KuLXs6PwQ4nb5HnE8HkPVgP/1wMBMrWx60GMQ=	195	waheedhamed@gmail.com	Waheed	Hamed	01101114255	f	f	t	t	2025-01-29 19:19:43.486147+00	2025-01-29 19:38:35.872153+00	f	t	f	\N	email	0.00
pbkdf2_sha256$720000$wSaDREWVilgqtodJfGuIdV$moZ3W+SfbTeU9jVco8XZI2K3Qx5xkcwAc6SYvYJjIvE=	203	adamshehab@gmail.com	Adam	Shehab	01101114422	f	f	t	t	2025-01-29 19:24:27.969868+00	2025-01-29 19:30:42.800783+00	f	t	f	\N	email	0.00
pbkdf2_sha256$720000$wGEvPql797PzVdjuzjWYwR$p4jT5SweZw4Gi8gG+YQsqTrLIgu7UIxA4qAtTMMAtgY=	208	ahmedkhaled2@gmail.com	Ahmed	Khaled	01101114477	f	f	t	t	2025-01-29 19:27:02.734049+00	2025-01-29 19:30:58.798096+00	f	t	f	\N	email	0.00
pbkdf2_sha256$720000$XO3cALbxznjuMgi0EZiR7H$WFN4wxWqCutT4K+tv3gM0y01w9Q0VrTaxXrIZ1uhnv0=	207	ahmedkhaled@gmail.com	Ahmed	Khaled	01101114466	f	f	t	t	2025-01-29 19:26:35.073472+00	2025-01-29 19:31:14.521227+00	f	t	f	\N	email	0.00
pbkdf2_sha256$720000$xs9LoADpisM4bMyGYKsVo3$Tii3Us2M5QG2OiiRD7OABLVqYMelg39gM4Bv4KrZhKM=	214	ahmedyasser6@gmail.com	Ahmed	Yasser	01101114544	f	f	t	t	2025-01-29 19:29:33.000372+00	2025-01-29 19:32:20.572161+00	f	t	f	\N	email	0.00
pbkdf2_sha256$720000$9jUUOX3O5SnQbivR0iYf60$e08y9ifX9YXeVjJUdvCrSqupO57WEbWrzFeQHoIQFao=	204	amlshehab@gmail.com	Aml	Shehab	01101114433	f	f	t	t	2025-01-29 19:24:45.375149+00	2025-01-29 19:33:47.983594+00	f	t	f	\N	email	0.00
pbkdf2_sha256$720000$4D5wGKygmdAuUlkggv2Pdw$7vT5vSxMf32WqWAPtFhmiXFRdtIM4WV8locFf1IdFqA=	205	ayselshehab@gmail.com	Aysel	Shehab	01101114444	f	f	t	t	2025-01-29 19:25:14.01608+00	2025-01-29 19:34:18.541955+00	f	t	f	\N	email	0.00
pbkdf2_sha256$720000$GDVFAh4g0MOEtD7wiMMJQz$pNuqRDMLYl2+eZawYserqR7Sb6bWa3Nf/z+tsR9mmac=	215	bahaayasser7@gmail.com	Bahaa	Yasser	01101114555	f	f	t	t	2025-01-29 19:30:14.298999+00	2025-01-29 19:34:42.184697+00	f	t	f	\N	email	0.00
pbkdf2_sha256$720000$g031V2CqqZF8TRDA0XDYgD$vbwcqqkyxTKuvp5tNqNmF7AhViMjbZvEzTMdlS5W1C8=	209	monakhaled3@gmail.com	Mona	Khaled	01101114488	f	f	t	t	2025-01-29 19:27:25.770419+00	2025-01-29 19:35:20.991789+00	f	t	f	\N	email	0.00
pbkdf2_sha256$720000$hYLT2gU71Tbyaw3Epo3c4a$xwK0LAOdC9+bjajJLOkwZWnjqWVYhtD4I3UvhUEybv0=	194	waheedwael@gmail.com	Waheed	Wael	01101114244	f	f	t	t	2025-01-29 19:19:20.32758+00	2025-01-29 19:35:35.57933+00	f	t	f	\N	email	0.00
pbkdf2_sha256$720000$bawmCCysBVC7JrF818UMI5$zCCqPWzyk6OYULmKsL3njwgXlmtTfBQJe5SnzhPvKPc=	210	monakhaled4@gmail.com	Mona	Khaled	01101114499	f	f	t	t	2025-01-29 19:27:47.936562+00	2025-01-29 19:35:56.301839+00	f	t	f	\N	email	0.00
pbkdf2_sha256$720000$DslRiqIS5MeuyfpnyPnewP$OvX386/ZJsJ4nEXypF5T51/bl9vqiyiNVTL/BSyPiLU=	206	monakhaled@gmail.com	Mona	Khaled	01101114455	f	f	t	t	2025-01-29 19:26:15.688612+00	2025-01-29 19:36:11.370027+00	f	t	f	\N	email	0.00
pbkdf2_sha256$720000$s0S8Gw3W3K83v0ILZylVWl$j7Dsrha+DReZKMhbFcAv0pwilU4hcJdYnzntpNvDfh4=	211	omarkhaled4@gmail.com	Omar	Khaled	01101114511	f	f	t	t	2025-01-29 19:28:18.298606+00	2025-01-29 19:36:30.567015+00	f	t	f	\N	email	0.00
pbkdf2_sha256$720000$EamLPTXiysRDqCOe38bFX1$wcRS61G8aN5gux7iZvbJlWMFduxk1ZMVH7+NH8b3xAc=	212	omarkhaled5@gmail.com	Omar	Khaled	01101114522	f	f	t	t	2025-01-29 19:28:38.710851+00	2025-01-29 19:36:47.393622+00	f	t	f	\N	email	0.00
pbkdf2_sha256$720000$m9nvHCjHqvc3LR86aQ5vWH$J8J8H+HrbSUkBStHuI+Ys8G8SQW/ZelGOg6HlJcg3AA=	213	omaryasser6@gmail.com	Omar	Yasser	01101114533	f	f	t	t	2025-01-29 19:29:14.274408+00	2025-01-29 19:37:19.130754+00	f	t	f	\N	email	0.00
pbkdf2_sha256$720000$puGpkShbS8iFyZ51m678VG$8tmPuEZCr5ET928lco3eYNOBaYtUntT3iLqddcNnzZw=	217	rezk@gmail.com	Rezk	Rezk	01005514321	f	f	t	t	2025-07-16 02:09:03.506444+00	2025-07-16 02:09:48.426087+00	f	t	f	\N	email	0.00
pbkdf2_sha256$720000$9qy81Q2WVqV9OJ6ZwGiZNn$bt1u67b8/MHUiIZU+9H+Ww3VuyH5qm4eJFQgLOSmfYg=	216	meidrezk1@gmail.com	Mohamed	Eid	01099415205	f	f	t	t	2025-05-19 08:07:42.5064+00	2025-09-04 21:44:20.490354+00	f	t	f	\N	email	0.00
\.


--
-- Data for Name: accounts_user_groups; Type: TABLE DATA; Schema: public; Owner: postgres
--

COPY public.accounts_user_groups (id, user_id, group_id) FROM stdin;
\.


--
-- Data for Name: accounts_user_user_permissions; Type: TABLE DATA; Schema: public; Owner: postgres
--

COPY public.accounts_user_user_permissions (id, user_id, permission_id) FROM stdin;
\.


--
-- Data for Name: admin_interface_theme; Type: TABLE DATA; Schema: public; Owner: postgres
--

COPY public.admin_interface_theme (id, name, active, title, title_visible, logo, logo_visible, css_header_background_color, title_color, css_header_text_color, css_header_link_color, css_header_link_hover_color, css_module_background_color, css_module_text_color, css_module_link_color, css_module_link_hover_color, css_module_rounded_corners, css_generic_link_color, css_generic_link_hover_color, css_save_button_background_color, css_save_button_background_hover_color, css_save_button_text_color, css_delete_button_background_color, css_delete_button_background_hover_color, css_delete_button_text_color, list_filter_dropdown, related_modal_active, related_modal_background_color, related_modal_rounded_corners, logo_color, recent_actions_visible, favicon, related_modal_background_opacity, env_name, env_visible_in_header, env_color, env_visible_in_favicon, related_modal_close_button_visible, language_chooser_active, language_chooser_display, list_filter_sticky, form_pagination_sticky, form_submit_sticky, css_module_background_selected_color, css_module_link_selected_color, logo_max_height, logo_max_width, foldable_apps, language_chooser_control, list_filter_highlight, list_filter_removal_links, show_fieldsets_as_tabs, show_inlines_as_tabs, css_generic_link_active_color, collapsible_stacked_inlines, collapsible_stacked_inlines_collapsed, collapsible_tabular_inlines, collapsible_tabular_inlines_collapsed) FROM stdin;
1	Django	t	Django administration	f		t	#0C4B33	#F5DD5D	#44B78B	#FFFFFF	#C9F0DD	#296C52	#FFFFFF	#FFFFFF	#C9F0DD	t	#0C3C26	#156641	#0C4B33	#0C3C26	#FFFFFF	#BA2121	#A41515	#FFFFFF	t	t	#000000	t	#FFFFFF	t		0.3		f	#E74C3C	f	t	t	code	t	f	f	#FFF8A9	#FFFFFF	100	400	t	default-select	t	f	f	f	#29B864	f	t	f	t
\.


--
-- Data for Name: auth_group; Type: TABLE DATA; Schema: public; Owner: postgres
--

COPY public.auth_group (id, name) FROM stdin;
\.


--
-- Data for Name: auth_group_permissions; Type: TABLE DATA; Schema: public; Owner: postgres
--

COPY public.auth_group_permissions (id, group_id, permission_id) FROM stdin;
\.


--
-- Data for Name: auth_permission; Type: TABLE DATA; Schema: public; Owner: postgres
--

COPY public.auth_permission (id, name, content_type_id, codename) FROM stdin;
1	Can add Theme	1	add_theme
2	Can change Theme	1	change_theme
3	Can delete Theme	1	delete_theme
4	Can view Theme	1	view_theme
5	Can add log entry	2	add_logentry
6	Can change log entry	2	change_logentry
7	Can delete log entry	2	delete_logentry
8	Can view log entry	2	view_logentry
9	Can add permission	3	add_permission
10	Can change permission	3	change_permission
11	Can delete permission	3	delete_permission
12	Can view permission	3	view_permission
13	Can add group	4	add_group
14	Can change group	4	change_group
15	Can delete group	4	delete_group
16	Can view group	4	view_group
17	Can add content type	5	add_contenttype
18	Can change content type	5	change_contenttype
19	Can delete content type	5	delete_contenttype
20	Can view content type	5	view_contenttype
21	Can add session	6	add_session
22	Can change session	6	change_session
23	Can delete session	6	delete_session
24	Can view session	6	view_session
25	Can add user	7	add_user
26	Can change user	7	change_user
27	Can delete user	7	delete_user
28	Can view user	7	view_user
29	Can add customer	8	add_customer
30	Can change customer	8	change_customer
31	Can delete customer	8	delete_customer
32	Can view customer	8	view_customer
33	Can add delivery	9	add_delivery
34	Can change delivery	9	change_delivery
35	Can delete delivery	9	delete_delivery
36	Can view delivery	9	view_delivery
37	Can add one time password	10	add_onetimepassword
38	Can change one time password	10	change_onetimepassword
39	Can delete one time password	10	delete_onetimepassword
40	Can view one time password	10	view_onetimepassword
41	Can add supplier	11	add_supplier
42	Can change supplier	11	change_supplier
43	Can delete supplier	11	delete_supplier
44	Can view supplier	11	view_supplier
45	Can add follow	12	add_follow
46	Can change follow	12	change_follow
47	Can delete follow	12	delete_follow
48	Can view follow	12	view_follow
49	Can add address	13	add_address
50	Can change address	13	change_address
51	Can delete address	13	delete_address
52	Can view address	13	view_address
53	Can add category	14	add_category
54	Can change category	14	change_category
55	Can delete category	14	delete_category
56	Can view category	14	view_category
57	Can add mat category	15	add_matcategory
58	Can change mat category	15	change_matcategory
59	Can delete mat category	15	delete_matcategory
60	Can view mat category	15	view_matcategory
61	Can add product	16	add_product
62	Can change product	16	change_product
63	Can delete product	16	delete_product
64	Can view product	16	view_product
65	Can add pro colors	17	add_procolors
66	Can change pro colors	17	change_procolors
67	Can delete pro colors	17	delete_procolors
68	Can view pro colors	17	view_procolors
69	Can add pro image	18	add_proimage
70	Can change pro image	18	change_proimage
71	Can delete pro image	18	delete_proimage
72	Can view pro image	18	view_proimage
73	Can add pro sizes	19	add_prosizes
74	Can change pro sizes	19	change_prosizes
75	Can delete pro sizes	19	delete_prosizes
76	Can view pro sizes	19	view_prosizes
77	Can add collection	20	add_collection
78	Can change collection	20	change_collection
79	Can delete collection	20	delete_collection
80	Can view collection	20	view_collection
81	Can add collection item	21	add_collectionitem
82	Can change collection item	21	change_collectionitem
83	Can delete collection item	21	delete_collectionitem
84	Can view collection item	21	view_collectionitem
85	Can add course	22	add_course
86	Can change course	22	change_course
87	Can delete course	22	delete_course
88	Can view course	22	view_course
89	Can add course videos	23	add_coursevideos
90	Can change course videos	23	change_coursevideos
91	Can delete course videos	23	delete_coursevideos
92	Can view course videos	23	view_coursevideos
93	Can add enrollment	24	add_enrollment
94	Can change enrollment	24	change_enrollment
95	Can delete enrollment	24	delete_enrollment
96	Can view enrollment	24	view_enrollment
97	Can add cart	25	add_cart
98	Can change cart	25	change_cart
99	Can delete cart	25	delete_cart
100	Can view cart	25	view_cart
101	Can add cart items	26	add_cartitems
102	Can change cart items	26	change_cartitems
103	Can delete cart items	26	delete_cartitems
104	Can view cart items	26	view_cartitems
105	Can add order	27	add_order
106	Can change order	27	change_order
107	Can delete order	27	delete_order
108	Can view order	27	view_order
109	Can add order item	28	add_orderitem
110	Can change order item	28	change_orderitem
111	Can delete order item	28	delete_orderitem
112	Can view order item	28	view_orderitem
113	Can add wishlist	29	add_wishlist
114	Can change wishlist	29	change_wishlist
115	Can delete wishlist	29	delete_wishlist
116	Can view wishlist	29	view_wishlist
117	Can add wishlist item	30	add_wishlistitem
118	Can change wishlist item	30	change_wishlistitem
119	Can delete wishlist item	30	delete_wishlistitem
120	Can view wishlist item	30	view_wishlistitem
121	Can add coupon	31	add_coupon
122	Can change coupon	31	change_coupon
123	Can delete coupon	31	delete_coupon
124	Can view coupon	31	view_coupon
125	Can add delivery order	32	add_deliveryorder
126	Can change delivery order	32	change_deliveryorder
127	Can delete delivery order	32	delete_deliveryorder
128	Can view delivery order	32	view_deliveryorder
129	Can add warehouse	33	add_warehouse
130	Can change warehouse	33	change_warehouse
131	Can delete warehouse	33	delete_warehouse
132	Can view warehouse	33	view_warehouse
133	Can add review	34	add_review
134	Can change review	34	change_review
135	Can delete review	34	delete_review
136	Can view review	34	view_review
137	Can add payment history	35	add_paymenthistory
138	Can change payment history	35	change_paymenthistory
139	Can delete payment history	35	delete_paymenthistory
140	Can view payment history	35	view_paymenthistory
141	Can add notification	36	add_notification
142	Can change notification	36	change_notification
143	Can delete notification	36	delete_notification
144	Can view notification	36	view_notification
145	Can add conversation	37	add_conversation
146	Can change conversation	37	change_conversation
147	Can delete conversation	37	delete_conversation
148	Can view conversation	37	view_conversation
149	Can add message	38	add_message
150	Can change message	38	change_message
151	Can delete message	38	delete_message
152	Can view message	38	view_message
153	Can add balance_ withdraw_ request	39	add_balance_withdraw_request
154	Can change balance_ withdraw_ request	39	change_balance_withdraw_request
155	Can delete balance_ withdraw_ request	39	delete_balance_withdraw_request
156	Can view balance_ withdraw_ request	39	view_balance_withdraw_request
157	Can add transactions	40	add_transactions
158	Can change transactions	40	change_transactions
159	Can delete transactions	40	delete_transactions
160	Can view transactions	40	view_transactions
161	Can add return request	41	add_returnrequest
162	Can change return request	41	change_returnrequest
163	Can delete return request	41	delete_returnrequest
164	Can view return request	41	view_returnrequest
165	Can add delivery return request	42	add_deliveryreturnrequest
166	Can change delivery return request	42	change_deliveryreturnrequest
167	Can delete delivery return request	42	delete_deliveryreturnrequest
168	Can view delivery return request	42	view_deliveryreturnrequest
169	Can add blacklisted token	43	add_blacklistedtoken
170	Can change blacklisted token	43	change_blacklistedtoken
171	Can delete blacklisted token	43	delete_blacklistedtoken
172	Can view blacklisted token	43	view_blacklistedtoken
173	Can add outstanding token	44	add_outstandingtoken
174	Can change outstanding token	44	change_outstandingtoken
175	Can delete outstanding token	44	delete_outstandingtoken
176	Can view outstanding token	44	view_outstandingtoken
177	Can add shipment	45	add_shipment
178	Can change shipment	45	change_shipment
179	Can delete shipment	45	delete_shipment
180	Can view shipment	45	view_shipment
181	Can add shipment item	46	add_shipmentitem
182	Can change shipment item	46	change_shipmentitem
183	Can delete shipment item	46	delete_shipmentitem
184	Can view shipment item	46	view_shipmentitem
\.


--
-- Data for Name: chatapp_conversation; Type: TABLE DATA; Schema: public; Owner: postgres
--

COPY public.chatapp_conversation (id, start_time, initiator_id, receiver_id) FROM stdin;
\.


--
-- Data for Name: chatapp_message; Type: TABLE DATA; Schema: public; Owner: postgres
--

COPY public.chatapp_message (id, text, attachment, "timestamp", conversation_id_id, sender_id) FROM stdin;
\.


--
-- Data for Name: course_course; Type: TABLE DATA; Schema: public; Owner: postgres
--

COPY public.course_course ("CourseID", "CourseTitle", "CourseHours", "Description", "Price", "Thumbnail", "FromDate", "ToDate", address, completed, "CategoryID_id", "Supplier_id", "Rating", "NumberOfRatings", "NumberOfLec", "NumberOfUploadedLec") FROM stdin;
4	fund. of labtob 2	50	lab	5000.00	course_thumbnails/2025/08/07/labtop.jpg	2025-08-03 10:00:00+00	2025-08-03 11:00:00+00	\N	f	11	136	5.00	0	50	0
5	test3	50	test	50.00	course_thumbnails/2025/08/07/wooden_18.jpg	2025-08-03 10:00:00+00	2025-08-03 11:00:00+00	gvcfdxsasdfgh	f	11	101	5.00	0	50	0
1	test4	50	test	50.00	course_thumbnails/2025/08/07/wooden_18_SlWbmgO.jpg	2025-08-03 10:00:00+00	2025-08-03 11:00:00+00	gvcfdxsasdfgh	f	11	101	5.00	0	50	0
7	fund. of labtob 3	50	lab	5000.00	course_thumbnails/2025/08/07/labtop_5sPTUUy.jpg	2025-08-03 10:00:00+00	2025-08-03 11:00:00+00	zagazig	f	11	136	5.00	0	50	0
9	motor	20	hvshfvv	2000.00	course_thumbnails/2025/08/07/8da938a1-112a-4802-8afc-921531efa520.jpg	2025-08-07 00:00:00+00	2025-08-28 00:00:00+00	\N	f	6	136	5.00	0	10	0
11	كورس عمل الشاي	23	الشاي	500.00	course_thumbnails/2025/08/07/ccc13743-491b-490c-ae5a-c79a6bdd754b.jpg	2025-08-07 00:00:00+00	2025-08-16 00:00:00+00	\N	f	5	136	5.00	0	30	0
12	طبخ api بالسمنه البلضاي	20	السمنه البلضاااي	5000.00	course_thumbnails/2025/08/07/6e3c23c0-0cdc-4ab0-8606-b3deefcef81b.jpg	2025-08-07 00:00:00+00	2025-08-21 00:00:00+00	\N	f	6	136	5.00	0	5	0
13	fund. of labtob 5	50	lab	5000.00	course_thumbnails/2025/08/07/labtop_T6zID3O.jpg	2025-08-03 10:00:00+00	2025-08-03 11:00:00+00	Online	f	11	136	5.00	0	50	0
14	برمجه	50	برمجه	6000.00	course_thumbnails/2025/08/07/76f062d3-0354-444a-90bb-92174473715a.jpg	2025-08-07 00:00:00+00	2025-08-25 00:00:00+00	\N	f	2	136	5.00	0	30	0
15	oop	68	cbfdhtx	2000.00	course_thumbnails/2025/08/07/87e4787d-3abe-4d10-a8bb-3718d6ec5c34.jpg	2025-08-07 00:00:00+00	2025-08-24 00:00:00+00	\N	f	5	136	5.00	0	30	0
18	test	50	test	50.00	course_thumbnails/2025/08/11/wooden_18.jpg	2025-08-03 10:00:00+00	2025-08-03 11:00:00+00	gvcfdxsasdfgh	f	11	101	5.00	0	50	0
16	mobile 3	50	development	5000.00	course_thumbnails/2025/08/08/456a0eb1-57bc-452e-99ed-53a2b87d11a9.jpg	2025-08-08 00:00:00+00	2025-08-29 00:00:00+00	\N	f	4	136	5.00	0	90	2
10	raiding motor	90	motor	2000.00	course_thumbnails/2025/08/07/14a70ebd-329f-4fbf-80f3-4f21a48d0e2a.jpg	2025-08-07 00:00:00+00	2025-08-07 00:00:00+00	\N	f	2	136	4.00	0	7	4
8	تعليم قيادة الموتسيكلات	10	تعالى بضهرك 😂	2000.00	course_thumbnails/2025/08/07/7def1928-87bd-4e1d-8502-ff51f2538a62.jpg	2025-08-07 00:00:00+00	2025-08-21 00:00:00+00	elsalehya	t	3	136	2.00	0	2	0
3	fund. of labtob	50	lab	5000.00	course_thumbnails/2025/08/06/labtop.jpg	2025-08-03 10:00:00+00	2025-08-03 11:00:00+00	\N	f	11	136	5.00	0	50	2
6	test6	50	test	50.00	course_thumbnails/2025/08/07/wooden_18_CaD1tCZ.jpg	2025-08-03 10:00:00+00	2025-08-03 11:00:00+00	gvcfdxsasdfgh	f	11	101	5.00	0	50	4
\.


--
-- Data for Name: course_coursevideos; Type: TABLE DATA; Schema: public; Owner: postgres
--

COPY public.course_coursevideos ("VideoID", "LectureTitle", "VideoNo", "Description", "VideoFile", "CourseID_id") FROM stdin;
17	test2	1	test	videos/25/08/14/1_oiLpgmJ.mp4	6
26	الاولى	1	الةربتبىىةىلل	videos/25/08/24/1000292885_XOYEsq0.mp4	16
28	lecture1	2	mohamed Eid Rezk Emam	videos/25/08/24/1000295424.mp4	16
\.


--
-- Data for Name: course_enrollment; Type: TABLE DATA; Schema: public; Owner: postgres
--

COPY public.course_enrollment ("EnrollmentID", "EnrollmentDate", "Course_id", "EnrolledUser_id") FROM stdin;
1	2025-08-11 00:51:16.991592+00	7	159
\.


--
-- Data for Name: django_admin_log; Type: TABLE DATA; Schema: public; Owner: postgres
--

COPY public.django_admin_log (id, action_time, object_id, object_repr, action_flag, change_message, content_type_id, user_id) FROM stdin;
1	2024-12-12 18:47:40.401599+00	4	waleeddarwesh200002@gmail.com	2	[{"changed": {"fields": ["Is verified"]}}]	7	1
2	2024-12-12 18:47:41.67943+00	4	waleeddarwesh200002@gmail.com	2	[]	7	1
3	2024-12-12 18:48:01.737944+00	4	waleeddarwesh200002@gmail.com	2	[]	7	1
4	2024-12-12 18:49:48.354869+00	1	Craft Eg	1	[{"added": {}}]	13	1
5	2024-12-13 19:37:47.242229+00	1	Craft Eg	3		13	1
6	2024-12-13 19:37:58.369846+00	1	Waleed Darwesh	3		8	1
7	2024-12-13 19:38:06.960378+00	1	waleed darwesh	3		9	1
8	2024-12-13 19:38:16.791313+00	4	waleed - otp code	3		10	1
9	2024-12-13 19:38:16.794194+00	3	waleed - otp code	3		10	1
10	2024-12-13 19:38:16.79618+00	2	waleed - otp code	3		10	1
11	2024-12-13 19:38:16.798001+00	1	Waleed - otp code	3		10	1
12	2024-12-13 19:38:30.682064+00	2	waleed darwesh	3		11	1
13	2024-12-13 19:38:30.686515+00	1	waleed darwesh	3		11	1
14	2024-12-13 19:38:41.048163+00	4	waleeddarwesh200002@gmail.com	3		7	1
15	2024-12-13 19:38:41.070075+00	5	waleeddarwesh20002@gmail.com	3		7	1
16	2024-12-13 19:38:41.110976+00	3	waleeddarwesh2002@gmail.com	3		7	1
17	2024-12-13 19:38:41.175281+00	2	Waleeddarwesh2002@gmail.com	3		7	1
18	2024-12-13 21:37:48.626606+00	7	rezk - otp code	3		10	1
19	2024-12-13 21:37:48.630194+00	6	Mohamed - otp code	3		10	1
20	2024-12-13 21:37:48.634213+00	5	waleed - otp code	3		10	1
21	2024-12-13 21:38:05.878347+00	5	rezk rezk	3		11	1
22	2024-12-13 21:38:05.881112+00	4	Mohamed Eid	3		11	1
23	2024-12-13 21:38:05.883045+00	3	waleed darwesh	3		11	1
24	2024-12-13 23:45:26.837401+00	26	CraftEG@Craft.com	3		7	1
25	2024-12-14 00:43:25.052127+00	1	Django	2	[{"changed": {"fields": ["Visible in header (marker and name)", "Visible in favicon (marker)"]}}]	1	1
26	2024-12-14 00:48:41.589199+00	1	Django	2	[{"changed": {"fields": ["Background color"]}}]	1	1
27	2024-12-14 00:48:54.434812+00	1	Django	2	[{"changed": {"fields": ["Background color"]}}]	1	1
28	2024-12-14 00:49:11.38846+00	1	Django	2	[{"changed": {"fields": ["Visible"]}}]	1	1
29	2024-12-14 00:49:25.404016+00	1	Django	2	[{"changed": {"fields": ["Background color"]}}]	1	1
30	2024-12-17 20:49:26.363046+00	1	Django	2	[{"changed": {"fields": ["Background selected color"]}}]	1	1
31	2024-12-17 20:50:39.533869+00	1	Django	2	[{"changed": {"fields": ["Background selected color"]}}]	1	1
32	2024-12-17 20:51:10.402736+00	1	Django	2	[{"changed": {"fields": ["Background selected color"]}}]	1	1
33	2024-12-18 01:05:14.896897+00	10	omar fathi	3		11	1
34	2024-12-18 01:05:14.900212+00	9	wwwww eeeee	3		11	1
35	2024-12-18 01:06:55.644301+00	16	Omar mohamed	3		11	1
36	2024-12-18 01:06:55.648212+00	15	Waleed Darwesh	3		11	1
37	2024-12-18 01:06:55.651192+00	14	ahmed mohamed	3		11	1
38	2024-12-18 01:06:55.653936+00	12	ali mohamed	3		11	1
39	2024-12-18 01:07:43.699308+00	14	mahmoud - otp code	3		10	1
40	2024-12-18 01:07:43.704759+00	12	Waleed - otp code	3		10	1
41	2024-12-18 01:07:43.707205+00	11	Waleed - otp code	3		10	1
42	2024-12-18 01:07:43.709162+00	10	Waleed - otp code	3		10	1
43	2024-12-18 01:07:43.711157+00	9	wwwww - otp code	3		10	1
44	2024-12-18 01:07:43.713195+00	8	Waleed - otp code	3		10	1
45	2024-12-18 01:07:43.715179+00	7	hesh - otp code	3		10	1
46	2024-12-18 01:07:43.717049+00	6	hesh - otp code	3		10	1
47	2024-12-18 01:07:43.718761+00	5	hesh - otp code	3		10	1
48	2024-12-18 01:07:43.720256+00	4	hesham - otp code	3		10	1
49	2024-12-18 01:07:43.721918+00	3	rezk - otp code	3		10	1
50	2024-12-18 01:07:43.723573+00	2	Mohamed - otp code	3		10	1
51	2024-12-18 01:07:43.725142+00	1	Omar - otp code	3		10	1
52	2024-12-18 01:10:35.573937+00	13	wwwww eeeee	3		11	1
53	2024-12-18 01:10:35.577156+00	8	wwwww eeeee	3		11	1
54	2024-12-18 01:10:35.57944+00	7	wwwww eeeee	3		11	1
55	2024-12-18 01:10:35.581476+00	6	Waleed Darwesh	3		11	1
56	2024-12-18 01:10:35.583402+00	5	hesham ashraf	3		11	1
57	2024-12-18 01:10:35.585408+00	4	rezk rezk	3		11	1
58	2024-12-18 01:10:35.587591+00	3	Mohamed Eid	3		11	1
59	2024-12-18 01:10:35.589812+00	2	waleed darwesh	3		11	1
60	2024-12-18 01:10:35.591678+00	1	Waleed Darwesh	3		11	1
61	2024-12-18 01:10:54.931292+00	10	customer1@customer.com	3		7	1
62	2024-12-18 01:10:54.934238+00	18	dah2509@gmail.com	3		7	1
63	2024-12-18 01:10:54.936725+00	14	dah512509@gmail.com	3		7	1
64	2024-12-18 01:10:54.938491+00	12	delivery1@delivery.com	3		7	1
65	2024-12-18 01:10:54.940228+00	22	hesham4@admin.com	3		7	1
66	2024-12-18 01:10:54.943441+00	19	hesham5@admin.com	3		7	1
67	2024-12-18 01:10:54.945224+00	20	hesham7@admin.com	3		7	1
68	2024-12-18 01:10:54.946824+00	21	hesham8@admin.com	3		7	1
69	2024-12-18 01:10:54.948832+00	9	hesham@admin.com	3		7	1
70	2024-12-18 01:10:54.950491+00	17	mMweh77e@example.com	3		7	1
71	2024-12-18 01:10:54.952244+00	16	mMwweh77e@example.com	3		7	1
72	2024-12-18 01:10:54.953883+00	15	MMwweh77e@example.com	3		7	1
73	2024-12-18 01:10:54.955879+00	7	mohamedeid@gmail.com	3		7	1
74	2024-12-18 01:10:54.957404+00	8	rezk@gmail.com	3		7	1
75	2024-12-18 01:10:54.959342+00	11	supplier1@supplier.com	3		7	1
76	2024-12-18 01:10:54.961216+00	6	waleeddarwesh2000002@gmail.com	3		7	1
77	2024-12-18 01:10:54.963288+00	26	waleeddarwesh200002@gmail.com	3		7	1
78	2024-12-18 01:10:54.964893+00	27	waleeddarwesh20902@gmail.com	3		7	1
79	2024-12-18 01:10:54.966711+00	13	Waleed@gmail.com	3		7	1
80	2024-12-19 21:45:24.373428+00	16	anas - otp code	3		10	1
81	2024-12-19 21:45:54.467724+00	16	anas Ahmed	3		11	1
82	2024-12-19 21:46:18.009409+00	36	anas@gmail.com	3		7	1
83	2024-12-29 22:28:47.000645+00	38	hesh - otp code	2	[{"changed": {"fields": ["Otp"]}}]	10	1
84	2024-12-29 22:31:19.596124+00	38	hesh - otp code	3		10	1
85	2024-12-29 22:31:19.619205+00	37	string - otp code	3		10	1
86	2024-12-29 22:31:19.641363+00	36	string - otp code	3		10	1
87	2024-12-29 22:31:19.663161+00	35	rezk - otp code	3		10	1
88	2024-12-29 22:31:19.685347+00	34	hany - otp code	3		10	1
89	2024-12-29 22:31:19.707284+00	33	medo - otp code	3		10	1
90	2024-12-29 22:31:19.736881+00	32	Mohamed - otp code	3		10	1
91	2024-12-29 22:31:19.760639+00	31	ali - otp code	3		10	1
92	2024-12-29 22:31:19.782572+00	30	yasser - otp code	3		10	1
93	2024-12-29 22:31:19.806022+00	29	adham - otp code	3		10	1
94	2024-12-29 22:31:19.850665+00	28	rezk - otp code	3		10	1
95	2024-12-29 22:31:19.877375+00	27	Mahmoodg - otp code	3		10	1
96	2024-12-29 22:31:19.899535+00	26	mahmood - otp code	3		10	1
97	2024-12-29 22:31:19.921211+00	25	Ali - otp code	3		10	1
98	2024-12-29 22:31:19.942824+00	24	hesham - otp code	3		10	1
99	2024-12-29 22:31:19.964885+00	23	Ali - otp code	3		10	1
100	2024-12-29 22:31:19.986433+00	22	Ali - otp code	3		10	1
101	2024-12-29 22:31:20.007805+00	21	Ali - otp code	3		10	1
102	2024-12-29 22:31:20.029907+00	20	Amgad - otp code	3		10	1
103	2024-12-29 22:31:20.055293+00	19	Ahmed - otp code	3		10	1
104	2024-12-29 22:31:20.091232+00	18	Mohamed - otp code	3		10	1
105	2024-12-29 22:31:20.116203+00	17	anas - otp code	3		10	1
106	2024-12-29 22:31:20.141573+00	15	lolo - otp code	3		10	1
107	2024-12-29 22:31:20.169374+00	14	lolo - otp code	3		10	1
108	2024-12-29 22:31:20.199851+00	13	Ahmed - otp code	3		10	1
109	2024-12-29 22:31:20.231989+00	12	Ahmed - otp code	3		10	1
110	2024-12-29 22:31:20.256616+00	11	hesham - otp code	3		10	1
111	2024-12-29 22:31:20.277983+00	10	Ali - otp code	3		10	1
112	2024-12-29 22:31:20.299875+00	9	waleed - otp code	3		10	1
113	2024-12-29 22:31:20.321718+00	8	waleed - otp code	3		10	1
114	2025-01-01 00:38:05.850884+00	29	waleeddarwesh2002@gmail.com	3		7	1
115	2025-01-01 00:38:05.873534+00	66	Waleeddarwesh2002@gmail.com	3		7	1
116	2025-01-01 01:05:13.404485+00	9	ewewew ash	3		8	1
117	2025-01-01 01:19:59.473229+00	67	Waleeddarwesh2002@gmail.com	3		7	1
118	2025-01-01 01:19:59.496256+00	28	waleeddarwesh20902@gmail.com	3		7	1
119	2025-01-01 01:19:59.518298+00	68	walidelmrgawy@gmail.com	3		7	1
120	2025-01-01 01:32:08.372119+00	70	heshamashraf577@gmail.com	3		7	1
121	2025-01-01 01:32:08.394151+00	73	waleeddarwesh20002@gmail.com	3		7	1
122	2025-01-01 01:32:08.415132+00	72	waleeddarwesh2002@gmail.com	3		7	1
123	2025-01-01 01:32:08.439116+00	74	waleeddarwesh202@gmail.com	3		7	1
124	2025-01-01 01:32:08.460552+00	71	walidelmrgawy@gmail.com	3		7	1
125	2025-01-01 01:53:22.120316+00	11	ewewew ash	3		8	1
126	2025-01-01 01:53:22.369594+00	10	ewewew ash	3		8	1
127	2025-01-01 01:59:41.174917+00	76	heshamashraf577@gmail.com	3		7	1
128	2025-01-01 01:59:41.469385+00	77	teamprofessional91@gmail.com	3		7	1
129	2025-01-01 02:25:57.98958+00	78	waleeddarwesh2002@gmail.com	3		7	1
130	2025-01-01 02:25:58.022317+00	75	waleeddarwesh202@gmail.com	3		7	1
131	2025-01-01 02:25:58.052017+00	80	walidelmrgawy@gmail.com	3		7	1
132	2025-01-01 02:33:53.36618+00	81	heshamashraf577@gmail.com	3		7	1
133	2025-01-01 02:48:21.012753+00	79	teamprofessional91@gmail.com	3		7	1
134	2025-01-01 02:49:06.847186+00	83	heshamashraf577@gmail.com	3		7	1
135	2025-01-01 02:57:55.916549+00	85	heshamashraf577@gmail.com	3		7	1
136	2025-01-01 03:09:12.176371+00	86	heshamashraf577@gmail.com	3		7	1
137	2025-01-01 03:15:49.866668+00	89	heshamashraf577@gmail.com	3		7	1
138	2025-01-01 03:28:04.13226+00	90	heshamashraf577@gmail.com	3		7	1
139	2025-01-01 03:28:04.161486+00	87	waleeddarwesh2002@gmail.com	3		7	1
140	2025-01-01 03:28:04.18452+00	82	walidelmrgawy@gmail.com	3		7	1
141	2025-01-01 03:28:04.209864+00	84	walidelrgawy@gmail.com	3		7	1
142	2025-01-01 03:55:58.689366+00	38	meidrezk1@gmail.com	3		7	1
143	2025-01-01 03:55:58.711849+00	52	meidrezk2@gmail.com	3		7	1
144	2025-01-01 03:57:04.760961+00	91	waleeddarwesh2002@gmail.com	3		7	1
145	2025-01-01 03:57:11.099171+00	45	ali1343@gmail.com	3		7	1
146	2025-01-01 03:58:33.493943+00	49	adham12@gmail.com	3		7	1
147	2025-01-01 04:08:12.61356+00	93	meidrezk1@gmail.com	3		7	1
148	2025-01-01 04:08:12.643535+00	92	waleeddarwesh2002@gmail.com	3		7	1
149	2025-01-01 04:45:20.531333+00	88	teamprofessional91@gmail.com	3		7	1
150	2025-01-01 05:21:17.678549+00	48	rezk7@gmail.com	2	[{"changed": {"fields": ["Is verified"]}}]	7	1
151	2025-01-01 05:21:40.968889+00	65	Heshamashraf222@gmail.com	3		7	1
152	2025-01-01 19:51:38.364272+00	94	teamprofessional91@gmail.com	3		7	1
153	2025-01-01 19:51:38.38704+00	95	waleeddarwesh2002@gmail.com	3		7	1
154	2025-01-01 19:54:58.986887+00	96	waleeddarwesh2002@gmail.com	3		7	1
155	2025-01-01 20:07:23.241862+00	97	waleeddarwesh2002@gmail.com	3		7	1
156	2025-01-01 20:17:22.208912+00	98	waleeddarwesh2002@gmail.com	3		7	1
157	2025-01-01 20:20:19.422393+00	100	waleeddarwesh2002@gmail.com	3		7	1
158	2025-01-01 20:20:45.204093+00	101	waleeddarwesh2002@gmail.com	3		7	1
159	2025-01-01 20:30:54.992717+00	102	waleeddarwesh2002@gmail.com	3		7	1
160	2025-01-01 20:35:22.398803+00	103	waleeddarwesh2002@gmail.com	3		7	1
161	2025-01-01 21:29:10.767953+00	106	waleeddarwesh20002@gmail.com	3		7	1
162	2025-01-01 21:29:10.791131+00	104	waleeddarwesh2002@gmail.com	3		7	1
163	2025-01-01 21:31:26.938225+00	107	Waleeddarwesh2002@gmail.com	3		7	1
164	2025-01-01 21:42:53.947013+00	108	Waleeddarwesh2002@gmail.com	3		7	1
165	2025-01-01 21:42:53.982752+00	109	WAleeddarwesh2002@gmail.com	3		7	1
166	2025-01-01 21:42:54.005601+00	110	WALeeddarwesh2002@gmail.com	3		7	1
167	2025-01-01 21:47:00.150621+00	113	waleeddarwesh20002@gmail.com	3		7	1
168	2025-01-01 21:47:00.186062+00	111	waleeddarwesh2002@gmail.com	3		7	1
169	2025-01-01 21:52:02.688616+00	114	heshamashraf577@gmail.com	3		7	1
170	2025-01-01 22:06:20.383685+00	118	heshamashraf577@gmail.com	3		7	1
171	2025-01-01 22:12:49.064308+00	119	heshamashraf577@gmail.com	3		7	1
172	2025-01-01 22:14:58.149622+00	121	heshamashraf577@gmail.com	3		7	1
173	2025-01-01 22:24:14.414035+00	122	heshamashraf577@gmail.com	3		7	1
174	2025-01-01 22:26:51.265466+00	123	heshamashraf577@gmail.com	3		7	1
175	2025-01-01 22:55:17.170491+00	124	heshamashraf577@gmail.com	3		7	1
176	2025-01-01 23:02:04.652746+00	128	heshamashraf577@gmail.com	3		7	1
177	2025-01-01 23:02:04.850096+00	128	heshamashraf577@gmail.com	3		7	1
178	2025-01-02 19:02:59.244307+00	117	waleeddarwesh2002@gmail.com	3		7	1
179	2025-01-02 19:26:11.481479+00	88	Waleed - otp code	2	[{"changed": {"fields": ["Created at"]}}]	10	1
180	2025-01-02 20:07:26.908732+00	89	Waleed - otp code	2	[{"changed": {"fields": ["Created at"]}}]	10	1
181	2025-01-02 20:09:00.038066+00	89	Waleed - otp code	2	[{"changed": {"fields": ["Created at"]}}]	10	1
182	2025-01-02 20:10:14.783943+00	93	Waleed - otp code	2	[{"changed": {"fields": ["Created at"]}}]	10	1
183	2025-01-02 20:11:11.424455+00	94	Waleed - otp code	2	[{"changed": {"fields": ["Created at"]}}]	10	1
184	2025-01-02 21:11:48.779359+00	86	Ewewew - otp code	2	[]	10	1
185	2025-01-02 21:19:02.904314+00	40	amgad@gmail.com	2	[{"changed": {"fields": ["Is verified"]}}]	7	1
186	2025-01-02 21:23:21.7324+00	57	user2@example.com	2	[{"changed": {"fields": ["Is verified"]}}]	7	1
187	2025-01-02 21:24:15.605279+00	130	waleeddarwesh2002@gmail.com	3		7	1
188	2025-01-02 21:46:18.175054+00	131	waleeddarwesh2002@gmail.com	3		7	1
189	2025-01-02 22:34:04.794251+00	132	waleeddarwesh2002@gmail.com	3		7	1
190	2025-01-04 23:18:22.592401+00	134	meidrezk1@gmail.com	3		7	1
191	2025-01-04 23:48:32.003671+00	135	meidrezk1@gmail.com	3		7	1
192	2025-01-05 03:31:05.22559+00	39	ahmed1@gmail.com	3		7	1
193	2025-01-05 03:31:05.249191+00	33	ahmed22@gmail.com	3		7	1
194	2025-01-05 03:31:05.270837+00	32	ahmed2@gmail.com	3		7	1
195	2025-01-05 03:31:05.292756+00	51	ali1234@gmail.com	3		7	1
196	2025-01-05 03:31:05.314425+00	43	ali133@gmail.com	3		7	1
197	2025-01-05 03:31:05.336864+00	42	ali13@gmail.com	3		7	1
198	2025-01-05 03:31:05.35796+00	41	ali1@gmail.com	3		7	1
199	2025-01-05 03:31:05.3927+00	62	ali5343@gmail.com	3		7	1
200	2025-01-05 03:31:05.413875+00	30	ali@gmail.com	3		7	1
201	2025-01-05 03:31:05.435155+00	40	amgad@gmail.com	3		7	1
202	2025-01-05 03:31:05.456453+00	37	anas@gmail.com	3		7	1
203	2025-01-05 03:31:05.478072+00	54	hany@gmail.com	3		7	1
204	2025-01-05 03:31:05.498521+00	35	lolo6@gmail.com	3		7	1
205	2025-01-05 03:31:05.519725+00	34	lolo@gmail.com	3		7	1
206	2025-01-05 03:31:05.540961+00	47	mag@gmail.com	3		7	1
207	2025-01-05 03:31:05.562487+00	136	meidrezk1@gmail.com	3		7	1
208	2025-01-05 03:31:05.58461+00	53	m@gmail.com	3		7	1
209	2025-01-05 03:31:05.606206+00	55	rezk22@gmail.com	3		7	1
210	2025-01-05 03:31:05.627643+00	48	rezk7@gmail.com	3		7	1
211	2025-01-05 03:31:05.649604+00	69	sasaaa@email.com	3		7	1
212	2025-01-05 03:31:05.6706+00	63	sasa@email.com	3		7	1
213	2025-01-05 03:31:05.69207+00	57	user2@example.com	3		7	1
214	2025-01-05 03:31:05.713466+00	133	waleeddarwesh2002@gmail.com	3		7	1
215	2025-01-05 03:31:05.734581+00	50	yasser@gmail.com	3		7	1
216	2025-01-05 03:31:05.755724+00	61	yazid@gmail.com	3		7	1
217	2025-01-05 03:31:05.776701+00	60	zoz@gmail.com	3		7	1
218	2025-01-05 03:58:46.087637+00	137	meidrezk1@gmail.com	3		7	1
219	2025-01-05 05:26:13.282439+00	138	meidrezk1@gmail.com	3		7	1
220	2025-01-05 05:26:13.307496+00	139	meidrezk2@gmail.com	3		7	1
221	2025-01-05 05:27:36.453315+00	140	meidrezk1@gmail.com	3		7	1
222	2025-01-05 23:54:47.453836+00	141	meidrezk1@gmail.com	3		7	1
223	2025-01-06 01:33:10.986602+00	142	meidrezk1@gmail.com	3		7	1
224	2025-01-06 05:15:13.694947+00	143	meidrezk1@gmail.com	3		7	1
225	2025-01-06 05:15:13.717897+00	144	vvccvjfc@gmail.com	3		7	1
226	2025-01-09 00:12:40.566366+00	146	meidrezk1@gmail.com	3		7	1
227	2025-01-09 15:54:29.667343+00	145	waleeddarwesh2002@gmail.com	3		7	1
228	2025-01-09 15:56:25.588962+00	148	waleeddarwesh2002@gmail.com	3		7	1
229	2025-01-10 19:47:15.325651+00	147	meidrezk1@gmail.com	3		7	1
230	2025-01-10 19:49:08.757228+00	150	meidrezk1@gmail.com	3		7	1
231	2025-01-12 00:06:07.966026+00	151	meidrezk1@gmail.com	3		7	1
232	2025-01-12 00:09:39.365859+00	152	meidrezk1@gmail.com	3		7	1
233	2025-01-12 00:40:49.961932+00	149	waleeddarwesh2002@gmail.com	3		7	1
234	2025-01-12 00:55:00.492075+00	154	waleeddarwesh2002@gmail.com	3		7	1
235	2025-01-12 01:03:22.919709+00	155	waleeddarwesh2002@gmail.com	3		7	1
236	2025-01-12 01:43:00.088408+00	156	waleeddarwesh20002@gmail.com	3		7	1
237	2025-01-12 01:43:00.120112+00	157	waleeddarwesh2002@gmail.com	3		7	1
238	2025-01-12 02:03:12.044658+00	158	waleeddarwesh2002@gmail.com	3		7	1
239	2025-01-13 03:50:31.189195+00	153	meidrezk1@gmail.com	3		7	1
240	2025-01-14 01:55:21.604256+00	160	meidrezk1@gmail.com	3		7	1
241	2025-01-14 04:39:15.725266+00	161	meidrezk1@gmail.com	3		7	1
242	2025-01-16 02:52:17.65082+00	104	Mohamed Eid	3		11	1
243	2025-01-16 02:52:34.119169+00	162	meidrezk1@gmail.com	3		7	1
244	2025-01-16 07:47:06.53412+00	163	meidrezk1@gmail.com	3		7	1
245	2025-01-17 00:47:44.580235+00	164	meidrezk1@gmail.com	3		7	1
246	2025-01-17 01:22:30.433898+00	165	meidrezk1@gmail.com	3		7	1
247	2025-01-17 01:34:29.069604+00	166	meidrezk1@gmail.com	3		7	1
248	2025-01-17 02:19:35.579253+00	167	meidrezk1@gmail.com	3		7	1
249	2025-01-17 02:39:47.199975+00	168	meidrezk1@gmail.com	3		7	1
250	2025-01-17 22:47:33.078685+00	1	iphone12	1	[{"added": {}}]	16	1
251	2025-01-17 22:49:55.967905+00	69825d5c-7444-4881-bc27-f6e8ebe016de	Cart object (69825d5c-7444-4881-bc27-f6e8ebe016de)	1	[{"added": {}}]	25	1
252	2025-01-17 22:50:24.082724+00	2	Waleed Darwesh	1	[{"added": {}}]	13	1
253	2025-01-17 22:52:55.209504+00	2	hesh ash	1	[{"added": {}}]	9	1
254	2025-01-17 22:53:29.42496+00	f7eeeb7d-1f13-431f-80a8-7660be35ad14	f7eeeb7d-1f13-431f-80a8-7660be35ad14	1	[{"added": {}}]	27	1
255	2025-01-17 22:55:07.762285+00	f7eeeb7d-1f13-431f-80a8-7660be35ad14	f7eeeb7d-1f13-431f-80a8-7660be35ad14	2	[{"changed": {"fields": ["Supplier"]}}]	27	1
256	2025-01-17 22:55:49.331784+00	f7eeeb7d-1f13-431f-80a8-7660be35ad14	f7eeeb7d-1f13-431f-80a8-7660be35ad14	2	[{"changed": {"fields": ["Supplier"]}}]	27	1
257	2025-01-17 22:58:33.21477+00	f7eeeb7d-1f13-431f-80a8-7660be35ad14	f7eeeb7d-1f13-431f-80a8-7660be35ad14	2	[{"changed": {"fields": ["Total amount"]}}]	27	1
258	2025-01-17 23:14:06.68568+00	1	Review object (1)	1	[{"added": {}}]	34	1
259	2025-01-17 23:31:28.278862+00	1	Review object (1)	2	[{"changed": {"fields": ["Product"]}}]	34	1
260	2025-01-17 23:34:37.474002+00	1	Review object (1)	2	[{"changed": {"fields": ["Image"]}}]	34	1
261	2025-01-18 01:21:27.243566+00	2	Mohamed Eid follows Mohamed Eid	3		12	1
262	2025-01-18 01:54:47.180418+00	4	Waleed Darwesh follows Mohamed Eid	3		12	1
263	2025-01-18 01:54:47.222045+00	3	Waleed Darwesh follows Mohamed Eid	3		12	1
264	2025-01-18 01:58:48.8189+00	5	Waleed Darwesh follows Mohamed Eid	3		12	1
265	2025-01-18 02:07:49.153173+00	7	Waleed Darwesh follows Waleed Darwesh	3		12	1
266	2025-01-18 02:07:49.184605+00	6	Waleed Darwesh follows Mohamed Eid	3		12	1
267	2025-01-18 02:14:52.951354+00	8	None follows Mohamed Eid	3		12	1
268	2025-01-18 02:21:19.936233+00	9	None follows Mohamed Eid	3		12	1
269	2025-01-18 04:44:58.211979+00	3	iphone12 in carpets	3		21	1
270	2025-01-18 04:44:58.248554+00	2	iphone12 in carpets	3		21	1
271	2025-01-18 04:44:58.274173+00	1	iphone12 in carpets	3		21	1
272	2025-01-18 04:48:02.776853+00	1	iphone12	2	[{"changed": {"fields": ["Supplier"]}}]	16	1
273	2025-01-18 04:50:19.180976+00	7	carpets	3		20	1
274	2025-01-18 04:50:19.207981+00	6	carpets	3		20	1
275	2025-01-18 04:50:19.241817+00	5	carpets	3		20	1
276	2025-01-18 04:50:19.279513+00	4	carpets	3		20	1
277	2025-01-18 04:50:19.31167+00	3	carpets	3		20	1
278	2025-01-18 04:50:19.341218+00	2	carpets	3		20	1
279	2025-01-27 18:28:29.001686+00	8	My Collection	2	[{"changed": {"fields": ["Supplier"]}}]	20	1
280	2025-01-27 18:29:25.353285+00	8	My Collection	2	[]	20	1
281	2025-01-27 18:34:10.297707+00	5	iphone12 in My Collection	3		21	1
282	2025-01-27 18:34:10.32283+00	4	iphone12 in My Collection	3		21	1
283	2025-01-27 18:34:37.493173+00	6	iphone12 in My Collection	1	[{"added": {}}]	21	1
284	2025-01-27 18:35:04.192048+00	1	iphone12	2	[{"changed": {"fields": ["Supplier"]}}]	16	1
285	2025-01-27 18:47:45.178203+00	1	iphone12	1	[{"added": {}}]	18	1
286	2025-01-27 18:48:59.245154+00	111	Mohamed Eid	2	[{"changed": {"fields": ["SupplierContract", "SupplierIdentity", "Accepted supplier"]}}]	11	1
287	2025-01-27 19:01:38.439027+00	111	Mohamed Eid	2	[{"changed": {"fields": ["SupplierPhoto"]}}]	11	1
288	2025-01-27 19:02:07.104059+00	6	iphone12 in My Collection	2	[{"changed": {"fields": ["Collection"]}}]	21	1
289	2025-01-27 19:08:12.217982+00	7	iphone12 in My Collection	1	[{"added": {}}]	21	1
290	2025-01-27 19:58:30.022041+00	8	My Collection	2	[{"changed": {"fields": ["Supplier"]}}]	20	1
291	2025-01-27 21:00:23.626147+00	1	iphone12	2	[{"changed": {"fields": ["Supplier"]}}]	16	1
292	2025-01-29 18:58:02.381473+00	59	hesham1@example.com	3		7	1
293	2025-01-29 18:58:02.406707+00	44	heshamashraf21@gmail.com	3		7	1
294	2025-01-29 18:58:02.428657+00	64	heshamashraf222@gmail.com	3		7	1
295	2025-01-29 18:58:02.450809+00	31	heshamashraf22@gmail.com	3		7	1
296	2025-01-29 18:58:02.472296+00	129	heshamashraf577@gmail.com	3		7	1
297	2025-01-29 18:58:02.494402+00	58	hesham@example.com	3		7	1
298	2025-01-29 18:58:02.516296+00	56	hesh@email.com	3		7	1
299	2025-01-29 18:58:02.538044+00	46	mahmoudlabeebsharaf2001@gmail.com	3		7	1
300	2025-01-29 18:58:02.559573+00	170	waleeddarwesh@gmail.com	3		7	1
301	2025-01-29 19:14:07.986888+00	180	adammohamed@gmail.com	2	[{"changed": {"fields": ["Is verified"]}}]	7	1
302	2025-01-29 19:14:32.31993+00	189	adamomar@gmail.com	2	[{"changed": {"fields": ["Is verified"]}}]	7	1
303	2025-01-29 19:14:47.956538+00	171	ahmeddarwesh@gmail.com	2	[{"changed": {"fields": ["Is verified"]}}]	7	1
304	2025-01-29 19:30:42.867092+00	203	adamshehab@gmail.com	2	[{"changed": {"fields": ["Is verified"]}}]	7	1
305	2025-01-29 19:30:58.862433+00	208	ahmedkhaled2@gmail.com	2	[{"changed": {"fields": ["Is verified"]}}]	7	1
306	2025-01-29 19:31:14.586953+00	207	ahmedkhaled@gmail.com	2	[{"changed": {"fields": ["Is verified"]}}]	7	1
307	2025-01-29 19:31:29.808693+00	191	ahmedomar@gmail.com	2	[{"changed": {"fields": ["Is verified"]}}]	7	1
308	2025-01-29 19:31:49.393985+00	202	ahmedshehab@gmail.com	2	[{"changed": {"fields": ["Is verified"]}}]	7	1
309	2025-01-29 19:32:03.783491+00	193	ahmedwael@gmail.com	2	[{"changed": {"fields": ["Is verified"]}}]	7	1
310	2025-01-29 19:32:20.641447+00	214	ahmedyasser6@gmail.com	2	[{"changed": {"fields": ["Is verified"]}}]	7	1
311	2025-01-29 19:32:35.206106+00	176	amalashraf@gmail.com	2	[{"changed": {"fields": ["Is verified"]}}]	7	1
312	2025-01-29 19:32:50.74652+00	185	amalhamed@gmail.com	2	[{"changed": {"fields": ["Is verified"]}}]	7	1
313	2025-01-29 19:33:04.671513+00	186	amlhamed@gmail.com	2	[{"changed": {"fields": ["Is verified"]}}]	7	1
314	2025-01-29 19:33:18.917185+00	177	amlhussain@gmail.com	2	[{"changed": {"fields": ["Is verified"]}}]	7	1
315	2025-01-29 19:33:48.051667+00	204	amlshehab@gmail.com	2	[{"changed": {"fields": ["Is verified"]}}]	7	1
316	2025-01-29 19:34:02.352019+00	200	amrshehab@gmail.com	2	[{"changed": {"fields": ["Is verified"]}}]	7	1
317	2025-01-29 19:34:18.607822+00	205	ayselshehab@gmail.com	2	[{"changed": {"fields": ["Is verified"]}}]	7	1
318	2025-01-29 19:34:42.250044+00	215	bahaayasser7@gmail.com	2	[{"changed": {"fields": ["Is verified"]}}]	7	1
319	2025-01-29 19:35:01.31171+00	192	loayomar@gmail.com	2	[{"changed": {"fields": ["Is verified"]}}]	7	1
320	2025-01-29 19:35:21.063793+00	209	monakhaled3@gmail.com	2	[{"changed": {"fields": ["Is verified"]}}]	7	1
321	2025-01-29 19:35:35.654301+00	194	waheedwael@gmail.com	2	[{"changed": {"fields": ["Is verified"]}}]	7	1
322	2025-01-29 19:35:56.374076+00	210	monakhaled4@gmail.com	2	[{"changed": {"fields": ["Is verified"]}}]	7	1
323	2025-01-29 19:36:11.447954+00	206	monakhaled@gmail.com	2	[{"changed": {"fields": ["Is verified"]}}]	7	1
324	2025-01-29 19:36:30.633318+00	211	omarkhaled4@gmail.com	2	[{"changed": {"fields": ["Is verified"]}}]	7	1
325	2025-01-29 19:36:47.461881+00	212	omarkhaled5@gmail.com	2	[{"changed": {"fields": ["Is verified"]}}]	7	1
326	2025-01-29 19:37:02.313292+00	201	omarshehab@gmail.com	2	[{"changed": {"fields": ["Is verified"]}}]	7	1
327	2025-01-29 19:37:19.212018+00	213	omaryasser6@gmail.com	2	[{"changed": {"fields": ["Is verified"]}}]	7	1
328	2025-01-29 19:37:34.493657+00	196	salahhamed@gmail.com	2	[{"changed": {"fields": ["Is verified"]}}]	7	1
329	2025-01-29 19:37:49.825516+00	199	shahabamr@gmail.com	2	[{"changed": {"fields": ["Is verified"]}}]	7	1
330	2025-01-29 19:38:05.466337+00	197	shahabhamed@gmail.com	2	[{"changed": {"fields": ["Is verified"]}}]	7	1
331	2025-01-29 19:38:21.296097+00	198	shahabmohamed@gmail.com	2	[{"changed": {"fields": ["Is verified"]}}]	7	1
332	2025-01-29 19:38:35.937168+00	195	waheedhamed@gmail.com	2	[{"changed": {"fields": ["Is verified"]}}]	7	1
333	2025-01-29 19:38:59.746249+00	11	None follows Mohamed Eid	3		12	1
334	2025-01-29 19:40:51.505158+00	None	Sewing Machines	1	[{"added": {}}]	15	1
335	2025-01-29 19:41:53.478676+00	None	Crochet Supplies	1	[{"added": {}}]	15	1
336	2025-01-29 19:43:11.398157+00	None	Accessories Supplies	1	[{"added": {}}]	15	1
337	2025-01-29 19:47:40.563175+00	1	Handmade Crochet Cardigan	2	[{"changed": {"fields": ["ProductName", "ProductDescription", "Category", "Supplier", "UnitPrice", "Discount"]}}]	16	1
338	2025-01-29 19:49:12.824818+00	1	Handmade Crochet Cardigan	2	[]	18	1
339	2025-01-29 19:49:25.177099+00	1	Handmade Crochet Cardigan	3		18	1
340	2025-01-29 19:50:07.792174+00	2	Handmade Crochet Cardigan	1	[{"added": {}}]	18	1
341	2025-01-29 19:51:38.434825+00	2	Leather pocket	1	[{"added": {}}]	16	1
342	2025-01-29 19:53:01.728174+00	3	Fruit Soap	1	[{"added": {}}]	16	1
343	2025-01-29 19:53:42.538652+00	4	Woody lamp	1	[{"added": {}}]	16	1
344	2025-01-29 19:54:49.850754+00	5	Woody Clock	1	[{"added": {}}]	16	1
345	2025-01-29 19:56:21.265014+00	6	Handmade Necklace For Men	1	[{"added": {}}]	16	1
346	2025-01-29 19:57:07.966152+00	7	Handmade Medal Elegant Key Chain	1	[{"added": {}}]	16	1
347	2025-01-29 19:57:52.609841+00	8	Bracelets	1	[{"added": {}}]	16	1
348	2025-01-29 19:58:32.873802+00	9	NECKLACES\\ FI6	1	[{"added": {}}]	16	1
349	2025-01-29 19:59:17.193469+00	10	NECKLACES\\ FI7	1	[{"added": {}}]	16	1
350	2025-01-29 20:00:43.518696+00	11	COFFEE HEAVEN Wooden Coffee Cup	1	[{"added": {}}]	16	1
351	2025-01-29 20:03:13.030235+00	3	NECKLACES\\ FI7	1	[{"added": {}}]	18	1
352	2025-01-29 20:03:20.962048+00	4	NECKLACES\\ FI6	1	[{"added": {}}]	18	1
353	2025-01-29 20:03:37.357068+00	5	COFFEE HEAVEN Wooden Coffee Cup	1	[{"added": {}}]	18	1
354	2025-01-29 20:03:51.629+00	6	Bracelets	1	[{"added": {}}]	18	1
355	2025-01-29 20:04:01.033551+00	7	Handmade Medal Elegant Key Chain	1	[{"added": {}}]	18	1
356	2025-01-29 20:04:11.178374+00	8	Handmade Necklace For Men	1	[{"added": {}}]	18	1
357	2025-01-29 20:04:50.846825+00	9	Woody Clock	1	[{"added": {}}]	18	1
358	2025-01-29 20:06:19.941085+00	10	Woody lamp	1	[{"added": {}}]	18	1
359	2025-01-29 20:06:39.824598+00	11	Woody lamp	1	[{"added": {}}]	18	1
360	2025-01-29 20:07:02.392034+00	12	Woody lamp	1	[{"added": {}}]	18	1
361	2025-01-29 20:08:20.692247+00	13	Leather pocket	1	[{"added": {}}]	18	1
362	2025-01-29 20:08:34.205209+00	14	Fruit Soap	1	[{"added": {}}]	18	1
363	2025-01-29 20:09:42.432513+00	15	Handmade Crochet Cardigan	1	[{"added": {}}]	18	1
364	2025-01-29 20:10:12.533564+00	10	Woody lamp	3		18	1
365	2025-01-29 20:11:11.22836+00	9	Wooden Collection	2	[{"changed": {"fields": ["Supplier", "Name"]}}]	20	1
366	2025-01-29 20:11:26.180539+00	8	Soap Collection	2	[{"changed": {"fields": ["Supplier", "Name"]}}]	20	1
367	2025-01-29 20:12:40.964739+00	1	Sewing Machines	1	[{"added": {}}]	15	1
368	2025-01-29 20:13:35.46636+00	2	Crochet supplies	1	[{"added": {}}]	15	1
369	2025-01-29 20:14:51.097733+00	3	Accessories supplies	1	[{"added": {}}]	15	1
370	2025-01-29 20:15:25.570696+00	4	Soap supplies	1	[{"added": {}}]	15	1
371	2025-01-29 20:16:32.384667+00	5	Carpentry tools	1	[{"added": {}}]	15	1
372	2025-01-29 20:17:46.950662+00	6	Fabric	1	[{"added": {}}]	15	1
373	2025-01-29 20:18:37.464821+00	7	Leather	1	[{"added": {}}]	15	1
374	2025-01-29 20:20:31.829471+00	8	Resin Supplies	1	[{"added": {}}]	15	1
375	2025-01-29 20:21:55.10795+00	2	Crochet supplies	2	[{"changed": {"fields": ["Picture"]}}]	15	1
376	2025-01-29 20:24:11.709199+00	1	Fruit Soap	1	[{"added": {}}]	19	1
377	2025-01-29 20:24:18.677672+00	2	Fruit Soap	1	[{"added": {}}]	19	1
378	2025-01-29 20:24:29.105747+00	3	COFFEE HEAVEN Wooden Coffee Cup	1	[{"added": {}}]	19	1
379	2025-01-29 20:24:35.806518+00	4	COFFEE HEAVEN Wooden Coffee Cup	1	[{"added": {}}]	19	1
380	2025-01-29 20:24:41.677602+00	5	COFFEE HEAVEN Wooden Coffee Cup	1	[{"added": {}}]	19	1
381	2025-01-29 20:24:54.626491+00	6	Woody Clock	1	[{"added": {}}]	19	1
382	2025-01-29 20:25:01.288656+00	7	Woody Clock	1	[{"added": {}}]	19	1
383	2025-01-29 20:25:07.515708+00	8	Woody Clock	1	[{"added": {}}]	19	1
384	2025-01-29 20:25:19.49703+00	9	Handmade Crochet Cardigan	1	[{"added": {}}]	19	1
385	2025-01-29 20:25:29.057203+00	10	Handmade Crochet Cardigan	1	[{"added": {}}]	19	1
386	2025-01-29 20:25:37.07926+00	11	Handmade Crochet Cardigan	1	[{"added": {}}]	19	1
387	2025-01-29 20:25:45.306276+00	12	Handmade Crochet Cardigan	1	[{"added": {}}]	19	1
388	2025-01-29 20:25:52.587336+00	13	Handmade Crochet Cardigan	1	[{"added": {}}]	19	1
389	2025-01-29 20:27:01.050326+00	9	Crochet Collection	2	[{"changed": {"fields": ["Name"]}}]	20	1
390	2025-01-29 20:27:20.222018+00	6	Fruit Soap in Soap Collection	2	[{"changed": {"fields": ["Product"]}}]	21	1
391	2025-01-29 20:27:37.307805+00	3	Fruit Soap	2	[{"changed": {"fields": ["Supplier"]}}]	16	1
392	2025-01-29 20:31:35.703268+00	1	Handmade Crochet Cardigan	1	[{"added": {}}]	17	1
393	2025-01-29 20:31:44.786598+00	2	Handmade Crochet Cardigan	1	[{"added": {}}]	17	1
394	2025-01-29 20:31:56.140047+00	3	Fruit Soap	1	[{"added": {}}]	17	1
395	2025-01-29 20:32:02.8284+00	4	Fruit Soap	1	[{"added": {}}]	17	1
396	2025-05-18 06:49:15.308684+00	169	meidrezk1@gmail.com	3		7	1
397	2025-05-19 08:32:15.518093+00	136	Mohamed Eid	2	[{"changed": {"fields": ["SupplierContract", "SupplierIdentity", "Rating", "Accepted supplier"]}}]	11	1
398	2025-06-07 14:55:05.869546+00	136	Mohamed Eid	2	[{"changed": {"fields": ["FollowersNo", "ExperienceYears", "Orders"]}}]	11	1
399	2025-06-07 15:56:41.999177+00	136	Mohamed Eid	2	[{"changed": {"fields": ["SupplierPhoto"]}}]	11	1
400	2025-06-07 16:33:34.524292+00	136	Mohamed Eid	2	[{"changed": {"fields": ["SupplierPhoto"]}}]	11	1
401	2025-06-09 15:20:11.974695+00	136	Mohamed Eid	2	[{"changed": {"fields": ["SupplierCover"]}}]	11	1
402	2025-06-17 07:02:28.867512+00	10	eid collections	1	[{"added": {}}]	20	1
403	2025-06-17 07:02:53.210297+00	10	eid collections	2	[]	20	1
404	2025-06-17 07:03:57.982322+00	8	Woody Clock in eid collections	1	[{"added": {}}]	21	1
405	2025-06-17 07:33:50.87363+00	8	Handmade Medal Elegant Key Chain in eid collections	2	[{"changed": {"fields": ["Product"]}}]	21	1
406	2025-06-18 10:07:33.157021+00	136	Mohamed Eid	2	[{"changed": {"fields": ["SupplierPhoto", "SupplierCover"]}}]	11	1
407	2025-06-18 10:07:34.418173+00	136	Mohamed Eid	2	[{"changed": {"fields": ["SupplierPhoto", "SupplierCover"]}}]	11	1
408	2025-06-19 10:01:08.445705+00	8	Handmade Medal Elegant Key Chain in eid collections	2	[]	21	1
409	2025-06-19 10:01:54.130743+00	11	rezk collections	1	[{"added": {}}]	20	1
410	2025-06-19 10:02:02.927708+00	11	rezk collections	2	[]	20	1
411	2025-06-19 10:02:26.275695+00	9	NECKLACES\\ FI7 in rezk collections	1	[{"added": {}}]	21	1
412	2025-06-19 10:02:44.815026+00	10	Woody Clock in eid collections	1	[{"added": {}}]	21	1
413	2025-06-19 10:03:01.587313+00	9	NECKLACES\\ FI7 in rezk collections	2	[]	21	1
414	2025-06-19 10:03:17.738352+00	11	Bracelets in rezk collections	1	[{"added": {}}]	21	1
415	2025-06-19 10:03:34.273609+00	12	Woody lamp in rezk collections	1	[{"added": {}}]	21	1
416	2025-06-21 03:10:18.862913+00	8	Resin Supplies	2	[{"changed": {"fields": ["Picture"]}}]	15	1
417	2025-06-21 03:10:39.340962+00	7	Leather	2	[{"changed": {"fields": ["Picture"]}}]	15	1
418	2025-06-21 03:11:07.589161+00	6	Fabric	2	[{"changed": {"fields": ["Picture"]}}]	15	1
419	2025-06-21 03:11:29.125113+00	5	Carpentry tools	2	[{"changed": {"fields": ["Picture"]}}]	15	1
420	2025-06-21 03:11:44.949249+00	4	Soap supplies	2	[{"changed": {"fields": ["Picture"]}}]	15	1
421	2025-06-21 03:12:00.555952+00	3	Accessories supplies	2	[{"changed": {"fields": ["Picture"]}}]	15	1
422	2025-06-21 03:12:14.101066+00	2	Crochet supplies	2	[{"changed": {"fields": ["Picture"]}}]	15	1
423	2025-06-21 03:12:30.185473+00	1	Sewing Machines	2	[{"changed": {"fields": ["Picture"]}}]	15	1
424	2025-06-22 08:22:37.48457+00	12	Woody lamp	2	[{"changed": {"fields": ["Image"]}}]	18	1
425	2025-06-22 08:22:59.583741+00	11	Woody lamp	2	[{"changed": {"fields": ["Image"]}}]	18	1
426	2025-06-22 08:23:25.063128+00	9	Woody Clock	2	[{"changed": {"fields": ["Image"]}}]	18	1
427	2025-06-22 08:23:42.71938+00	16	NECKLACES\\ FI7	1	[{"added": {}}]	18	1
428	2025-06-22 08:24:38.857254+00	11	Woody lamp	3		18	1
429	2025-06-22 08:25:10.51175+00	12	Woody lamp	3		18	1
430	2025-06-22 08:26:02.153976+00	16	NECKLACES\\ FI7	3		18	1
431	2025-06-22 08:26:02.46628+00	9	Woody Clock	3		18	1
432	2025-06-22 08:26:02.56581+00	8	Handmade Necklace For Men	3		18	1
433	2025-06-22 08:26:02.765285+00	7	Handmade Medal Elegant Key Chain	3		18	1
434	2025-06-22 08:26:02.799311+00	6	Bracelets	3		18	1
435	2025-06-22 08:26:02.865546+00	4	NECKLACES\\ FI6	3		18	1
436	2025-06-22 08:26:02.874719+00	3	NECKLACES\\ FI7	3		18	1
437	2025-06-22 08:26:24.489269+00	17	NECKLACES\\ FI7	1	[{"added": {}}]	18	1
438	2025-06-22 08:26:33.721087+00	18	NECKLACES\\ FI6	1	[{"added": {}}]	18	1
439	2025-06-22 08:26:46.251599+00	19	Bracelets	1	[{"added": {}}]	18	1
440	2025-06-22 08:26:58.888039+00	20	Handmade Medal Elegant Key Chain	1	[{"added": {}}]	18	1
441	2025-06-22 08:27:11.358077+00	21	Handmade Necklace For Men	1	[{"added": {}}]	18	1
442	2025-06-22 08:27:21.853497+00	22	Woody Clock	1	[{"added": {}}]	18	1
443	2025-06-22 08:27:29.532871+00	23	Woody lamp	1	[{"added": {}}]	18	1
444	2025-06-26 00:38:04.62558+00	23	Woody lamp	3		18	1
445	2025-06-26 00:38:04.631074+00	22	Woody Clock	3		18	1
446	2025-06-26 00:38:04.63479+00	21	Handmade Necklace For Men	3		18	1
447	2025-06-26 00:38:04.639564+00	20	Handmade Medal Elegant Key Chain	3		18	1
448	2025-06-26 00:38:04.643435+00	19	Bracelets	3		18	1
449	2025-06-26 00:38:04.647868+00	18	NECKLACES\\ FI6	3		18	1
450	2025-06-26 00:38:04.652171+00	17	NECKLACES\\ FI7	3		18	1
451	2025-06-26 00:38:28.657185+00	24	NECKLACES\\ FI7	1	[{"added": {}}]	18	1
452	2025-06-26 00:38:38.173156+00	25	NECKLACES\\ FI6	1	[{"added": {}}]	18	1
453	2025-06-26 00:38:48.663714+00	26	Bracelets	1	[{"added": {}}]	18	1
454	2025-06-26 00:38:59.056055+00	27	Handmade Medal Elegant Key Chain	1	[{"added": {}}]	18	1
455	2025-06-26 00:39:10.822603+00	28	Handmade Necklace For Men	1	[{"added": {}}]	18	1
456	2025-06-26 00:39:38.898733+00	29	Woody Clock	1	[{"added": {}}]	18	1
457	2025-06-26 00:39:50.833278+00	30	Woody lamp	1	[{"added": {}}]	18	1
458	2025-06-26 02:09:37.654711+00	12	computer component	1	[{"added": {}}]	20	1
459	2025-06-26 02:12:13.763441+00	12	Keyboard	1	[{"added": {}}]	16	1
460	2025-06-26 02:13:11.455376+00	13	mouse	1	[{"added": {}}]	16	1
461	2025-06-26 02:15:30.250607+00	31	mouse	1	[{"added": {}}]	18	1
462	2025-06-26 02:15:42.206063+00	32	Keyboard	1	[{"added": {}}]	18	1
463	2025-06-27 15:57:38.684274+00	33	NECKLACES\\ FI7	1	[{"added": {}}]	18	1
464	2025-06-27 15:57:38.775394+00	34	NECKLACES\\ FI7	1	[{"added": {}}]	18	1
465	2025-06-27 16:00:02.378965+00	33	NECKLACES\\ FI7	2	[{"changed": {"fields": ["Image"]}}]	18	1
466	2025-06-27 21:21:10.680294+00	31	mouse	2	[{"changed": {"fields": ["Image"]}}]	18	1
467	2025-06-27 21:21:20.501678+00	35	Keyboard	1	[{"added": {}}]	18	1
468	2025-06-27 21:21:37.803425+00	36	Woody lamp	1	[{"added": {}}]	18	1
469	2025-06-27 21:21:47.501816+00	37	Handmade Medal Elegant Key Chain	1	[{"added": {}}]	18	1
470	2025-06-27 21:25:34.893889+00	13	mouse in computer component	1	[{"added": {}}]	21	1
471	2025-06-27 21:25:56.809641+00	14	Keyboard in computer component	1	[{"added": {}}]	21	1
472	2025-06-27 21:27:04.903858+00	35	Keyboard	2	[{"changed": {"fields": ["Image"]}}]	18	1
473	2025-06-27 22:18:54.968019+00	14	t-shirt	1	[{"added": {}}]	16	1
474	2025-06-27 22:19:53.014815+00	15	short	1	[{"added": {}}]	16	1
475	2025-06-27 22:22:54.912245+00	38	short	1	[{"added": {}}]	18	1
476	2025-06-27 22:23:03.500853+00	39	t-shirt	1	[{"added": {}}]	18	1
477	2025-06-27 22:30:00.063888+00	15	short	2	[]	16	1
478	2025-06-28 00:14:28.093154+00	11	rezk collections	3		20	1
479	2025-06-28 00:14:28.10228+00	10	eid collections	3		20	1
480	2025-06-28 15:14:21.180546+00	12	Keyboard	3		16	1
481	2025-06-28 18:01:56.229838+00	16	LABTOP	1	[{"added": {}}]	16	1
482	2025-06-28 18:03:04.811551+00	40	LABTOP	1	[{"added": {}}]	18	1
483	2025-06-28 19:23:56.480595+00	64	computer component	3		20	1
484	2025-06-28 19:23:56.486555+00	63	computer component	3		20	1
485	2025-06-28 19:23:56.490623+00	62	computer component	3		20	1
486	2025-06-28 19:23:56.495337+00	61	computer component	3		20	1
487	2025-06-28 19:23:56.499351+00	60	koko	3		20	1
488	2025-06-28 19:23:56.50297+00	59	dddd	3		20	1
489	2025-06-28 19:23:56.506622+00	58	hi	3		20	1
490	2025-06-28 19:23:56.510347+00	57	face	3		20	1
491	2025-06-28 19:23:56.514694+00	56	insta	3		20	1
492	2025-06-28 19:23:56.518229+00	55	insta	3		20	1
493	2025-06-28 19:23:56.523114+00	54	insta	3		20	1
494	2025-06-28 19:23:56.527144+00	53	insta	3		20	1
495	2025-06-28 19:23:56.531161+00	52	insta	3		20	1
496	2025-06-28 19:23:56.534856+00	51	insta	3		20	1
497	2025-06-28 19:23:56.53925+00	50	insta	3		20	1
498	2025-06-28 19:23:56.546814+00	49	insta	3		20	1
499	2025-06-28 19:23:56.561519+00	48	insta	3		20	1
500	2025-06-28 19:23:56.565663+00	47	insta	3		20	1
501	2025-06-28 19:23:56.571478+00	46	insta	3		20	1
502	2025-06-28 19:23:56.595144+00	45	insta	3		20	1
503	2025-06-28 19:23:56.601124+00	44	insta	3		20	1
504	2025-06-28 19:23:56.606686+00	43	insta	3		20	1
505	2025-06-28 19:23:56.611564+00	42	insta	3		20	1
506	2025-06-28 19:23:56.61548+00	41	insta	3		20	1
507	2025-06-28 19:23:56.622414+00	40	insta	3		20	1
508	2025-06-28 19:23:56.627348+00	39	insta	3		20	1
509	2025-06-28 19:23:56.634118+00	38	insta	3		20	1
510	2025-06-28 19:23:56.638997+00	37	it	3		20	1
511	2025-06-28 19:23:56.646227+00	36	it	3		20	1
512	2025-06-28 19:23:56.65527+00	35	it	3		20	1
513	2025-06-28 19:23:56.660197+00	34	it	3		20	1
514	2025-06-28 19:23:56.66714+00	33	it	3		20	1
515	2025-06-28 19:23:56.673194+00	32	it	3		20	1
516	2025-06-28 19:23:56.677162+00	31	it	3		20	1
517	2025-06-28 19:23:56.681445+00	30	it	3		20	1
518	2025-06-28 19:23:56.685243+00	29	it	3		20	1
519	2025-06-28 19:23:56.689482+00	28	it	3		20	1
520	2025-06-28 19:23:56.693405+00	27	it	3		20	1
521	2025-06-28 19:23:56.697518+00	26	it	3		20	1
522	2025-06-28 19:23:56.702434+00	25	nn	3		20	1
523	2025-06-28 19:23:56.706845+00	24	k	3		20	1
524	2025-06-28 19:23:56.711877+00	23	m	3		20	1
525	2025-06-28 19:23:56.716337+00	22	تكنولوجيا	3		20	1
526	2025-06-28 19:23:56.720636+00	21	تكنولوجيا	3		20	1
527	2025-06-28 19:23:56.725051+00	20	تكنولوجيا	3		20	1
528	2025-06-28 19:23:56.730653+00	19	dodo	3		20	1
529	2025-06-28 19:23:56.734101+00	18	hamo	3		20	1
530	2025-06-28 19:23:56.738291+00	17	rezk	3		20	1
531	2025-06-28 19:23:56.74253+00	16	تكنولوجيا	3		20	1
532	2025-06-28 19:23:56.746881+00	15	تكنولوجيا	3		20	1
533	2025-06-28 19:23:56.751324+00	14	تكنولوجيا	3		20	1
534	2025-06-28 19:23:56.75596+00	13	My Collection	3		20	1
535	2025-06-28 19:23:56.761023+00	12	computer component	3		20	1
536	2025-06-29 15:03:07.942341+00	114	short in tech	3		21	1
537	2025-06-29 15:03:07.95175+00	113	t-shirt in tech	3		21	1
538	2025-06-29 15:03:07.957203+00	112	short in tech	3		21	1
539	2025-06-29 15:03:07.962427+00	111	mouse in tech	3		21	1
540	2025-06-29 15:03:07.968507+00	110	LABTOP in tech	3		21	1
541	2025-06-29 15:03:21.837225+00	67	tech	3		20	1
542	2025-06-29 15:03:21.844155+00	66	tech	3		20	1
543	2025-06-29 15:03:21.849972+00	65	tech	3		20	1
544	2025-06-29 15:12:20.500722+00	68	1 collection	3		20	1
545	2025-06-29 16:50:30.08515+00	82	1 collection	3		20	1
546	2025-06-29 16:50:30.091035+00	81	7	3		20	1
547	2025-06-29 16:50:30.099151+00	80	7	3		20	1
548	2025-06-29 16:50:30.103577+00	79	6	3		20	1
549	2025-06-29 16:50:30.10917+00	78	6	3		20	1
550	2025-06-29 16:50:30.113346+00	77	5	3		20	1
551	2025-06-29 16:50:30.122005+00	76	5	3		20	1
552	2025-06-29 16:50:30.126618+00	75	5	3		20	1
553	2025-06-29 16:50:30.130613+00	74	4	3		20	1
554	2025-06-29 16:50:30.134752+00	73	4	3		20	1
555	2025-06-29 16:50:30.138675+00	72	3	3		20	1
556	2025-06-29 16:50:30.143438+00	71	2 coll	3		20	1
557	2025-06-29 16:50:30.148051+00	70	1 collection	3		20	1
558	2025-06-29 16:50:30.15363+00	69	1 collection	3		20	1
559	2025-06-29 20:49:29.81775+00	84	2	3		20	1
560	2025-06-29 20:49:29.827921+00	83	1	3		20	1
561	2025-06-30 00:39:55.040649+00	89	100	3		20	1
562	2025-06-30 00:39:55.048249+00	85	7	3		20	1
563	2025-06-30 00:39:55.052785+00	86	77	3		20	1
564	2025-06-30 00:39:55.058494+00	87	88	3		20	1
565	2025-06-30 00:39:55.068219+00	88	9	3		20	1
566	2025-06-30 00:39:55.080717+00	90	زهقت	3		20	1
567	2025-07-01 16:36:08.231185+00	97	MER	3		20	1
568	2025-07-01 16:36:08.24976+00	96	meid	3		20	1
569	2025-07-01 16:36:08.259549+00	95	rezk	3		20	1
570	2025-07-01 16:36:08.282755+00	94	done	3		20	1
571	2025-07-01 16:36:08.295929+00	93	yyyy	3		20	1
572	2025-07-01 16:36:08.306728+00	92	mm	3		20	1
573	2025-07-01 16:36:08.312127+00	91	1	3		20	1
574	2025-07-01 17:42:06.982497+00	166	short in clothes	3		21	1
575	2025-07-01 17:42:06.991279+00	165	t-shirt in clothes	3		21	1
576	2025-07-01 17:42:34.952582+00	16	LABTOP	3		16	1
577	2025-07-01 17:42:34.964571+00	15	short	3		16	1
578	2025-07-01 17:42:34.973826+00	14	t-shirt	3		16	1
579	2025-07-01 17:42:34.985279+00	13	mouse	3		16	1
580	2025-07-01 20:14:38.801905+00	8	Resin Supplies	2	[{"changed": {"fields": ["Picture"]}}]	15	1
581	2025-07-01 20:15:16.797223+00	7	Leather	2	[{"changed": {"fields": ["Picture"]}}]	15	1
582	2025-07-01 20:15:26.375232+00	6	Fabric	2	[{"changed": {"fields": ["Picture"]}}]	15	1
583	2025-07-01 20:15:42.069342+00	5	Carpentry tools	2	[{"changed": {"fields": ["Picture"]}}]	15	1
584	2025-07-01 20:15:54.079168+00	4	Soap supplies	2	[{"changed": {"fields": ["Picture"]}}]	15	1
585	2025-07-01 20:16:06.184242+00	3	Accessories supplies	2	[{"changed": {"fields": ["Picture"]}}]	15	1
586	2025-07-01 20:16:21.275831+00	2	Crochet supplies	2	[{"changed": {"fields": ["Picture"]}}]	15	1
587	2025-07-01 20:34:40.987044+00	99	Mohamed Eid Rezk	1	[{"added": {}}]	20	1
588	2025-07-03 17:58:16.71628+00	28	T-Shirt	3		16	1
589	2025-07-03 17:58:16.728262+00	27	T-Shirt	3		16	1
590	2025-07-03 17:58:16.736221+00	26	T-Shirt	3		16	1
591	2025-07-03 17:58:16.751691+00	25	T-Shirt	3		16	1
592	2025-07-03 17:58:16.760294+00	24	T-Shirt	3		16	1
593	2025-07-03 17:58:16.768172+00	23	T-Shirt	3		16	1
594	2025-07-03 17:58:16.784745+00	22	T-Shirt	3		16	1
595	2025-07-03 17:58:16.791227+00	21	T-Shirt	3		16	1
596	2025-07-03 17:58:16.802341+00	20	T-Shirt	3		16	1
597	2025-07-03 17:58:16.809375+00	19	T-Shirt	3		16	1
598	2025-07-03 17:58:16.818149+00	18	T-Shirt	3		16	1
599	2025-07-03 17:58:16.824559+00	17	T-Shirt	3		16	1
600	2025-07-03 18:02:43.801484+00	30	Teal cotton fresh	1	[{"added": {}}]	16	1
601	2025-07-03 18:04:53.471946+00	30	Teal cotton fresh	2	[{"changed": {"fields": ["MatCategory"]}}]	16	1
602	2025-07-03 18:06:09.927433+00	29	T-Shirt	2	[{"changed": {"fields": ["MatCategory"]}}]	16	1
603	2025-07-03 18:07:47.410084+00	30	Teal cotton fresh	2	[]	16	1
604	2025-07-03 18:09:06.54126+00	30	Teal cotton fresh	2	[]	16	1
605	2025-07-03 18:10:33.543265+00	31	soft grip	1	[{"added": {}}]	16	1
606	2025-07-03 18:11:06.606161+00	64	soft grip	1	[{"added": {}}]	18	1
607	2025-07-03 18:11:28.755172+00	65	Teal cotton fresh	1	[{"added": {}}]	18	1
608	2025-07-03 23:14:56.779757+00	40	T-Shirt	2	[{"changed": {"fields": ["DiscountPercentage"]}}]	16	1
609	2025-07-03 23:15:11.087026+00	40	T-Shirt	2	[]	16	1
610	2025-07-03 23:46:34.147164+00	136	Mohamed Eid	2	[{"changed": {"fields": ["SupplierContract", "SupplierIdentity"]}}]	11	1
611	2025-07-03 23:48:00.16391+00	136	Mohamed Eid	2	[]	11	1
612	2025-07-04 00:28:55.088607+00	118	4444	1	[{"added": {}}]	20	1
613	2025-07-11 20:18:31.766409+00	44	T-Shirt	3		16	1
614	2025-07-11 20:18:31.780725+00	43	T-Shirt	3		16	1
615	2025-07-11 20:18:31.78962+00	42	T-Shirt	3		16	1
616	2025-07-11 20:18:31.800431+00	41	T-Shirt	3		16	1
617	2025-07-11 20:18:31.816039+00	40	T-Shirt	3		16	1
618	2025-07-11 20:18:31.852384+00	39	T-Shirt	3		16	1
619	2025-07-11 20:18:31.863944+00	38	T-Shirt	3		16	1
620	2025-07-11 20:18:31.875073+00	37	T-Shirt	3		16	1
621	2025-07-11 20:18:31.888488+00	36	dfdsa	3		16	1
622	2025-07-11 20:18:31.909457+00	35	dfdsa	3		16	1
623	2025-07-11 20:18:31.933939+00	34	dfdsa	3		16	1
624	2025-07-11 20:18:31.962619+00	33	dfdsa	3		16	1
625	2025-07-11 20:18:31.972125+00	32	T-Shirt	3		16	1
626	2025-07-11 20:18:31.990598+00	31	soft grip	3		16	1
627	2025-07-11 20:18:32.00112+00	30	Teal cotton fresh	3		16	1
628	2025-07-11 20:18:32.02203+00	29	T-Shirt	3		16	1
629	2025-07-20 12:39:36.001457+00	101	Waleed Darwesh	2	[{"changed": {"fields": ["SupplierPhoto"]}}]	11	1
630	2025-07-22 09:26:31.58146+00	46	الجمعه	2	[{"changed": {"fields": ["MatCategory"]}}]	16	1
631	2025-07-22 10:23:07.955946+00	46	الجمعه	2	[{"changed": {"fields": ["Discount"]}}]	16	1
632	2025-07-22 10:25:31.292252+00	46	الجمعه	2	[{"changed": {"fields": ["UnitPrice", "Discount"]}}]	16	1
633	2025-07-22 10:26:04.136935+00	46	الجمعه	2	[{"changed": {"fields": ["DiscountPercentage"]}}]	16	1
634	2025-07-22 10:47:38.950945+00	46	الجمعه	2	[{"changed": {"fields": ["UnitWeight", "Width", "Height", "Watt"]}}]	16	1
635	2025-07-22 10:48:21.577742+00	46	الجمعه	2	[]	16	1
636	2025-07-22 12:21:38.135808+00	46	الجمعه	2	[{"changed": {"fields": ["Category"]}}]	16	1
637	2025-07-23 07:36:53.902008+00	50	Soft Grip Crochet Hooks 6 Pack	1	[{"added": {}}]	16	1
638	2025-07-24 17:18:36.63642+00	51	LABTOP	1	[{"added": {}}]	16	1
639	2025-07-24 17:20:25.424999+00	51	LABTOP	2	[]	16	1
640	2025-07-24 17:21:01.687272+00	111	LABTOP	1	[{"added": {}}]	18	1
641	2025-07-26 12:17:17.894139+00	101	Waleed Darwesh	2	[{"changed": {"fields": ["SupplierCover"]}}]	11	1
642	2025-07-28 08:29:35.566961+00	136	Mohamed Eid	2	[{"changed": {"fields": ["SupplierPhoto", "SupplierCover", "ExperienceYears"]}}]	11	1
643	2025-07-28 09:01:35.151125+00	115	motor	1	[{"added": {}}]	18	1
644	2025-07-28 09:01:42.584754+00	115	motor	2	[]	18	1
645	2025-07-30 00:23:18.974831+00	47	motor	2	[{"changed": {"fields": ["MatCategory"]}}]	16	1
646	2025-07-31 14:52:12.535105+00	47	motor	2	[]	16	1
647	2025-07-31 14:52:46.342633+00	47	motor	2	[{"changed": {"fields": ["ProductDescription", "Width", "Height", "Watt"]}}]	16	1
648	2025-07-31 14:54:15.336583+00	46	الجمعه	2	[]	16	1
649	2025-07-31 14:54:45.001775+00	46	الجمعه	2	[{"changed": {"fields": ["DiscountAvailable"]}}]	16	1
650	2025-07-31 23:45:02.857484+00	52	api بالسمنه البلضاي	2	[{"changed": {"fields": ["Supplier"]}}]	16	1
651	2025-08-07 01:18:44.32528+00	8	Bracelets	2	[{"changed": {"fields": ["Stock"]}}]	16	1
652	2025-08-07 01:19:08.424699+00	8	Bracelets	2	[{"changed": {"fields": ["Stock"]}}]	16	1
653	2025-08-07 01:40:30.113656+00	8	CartItems object (8)	2	[{"changed": {"fields": ["Quantity"]}}]	26	1
654	2025-08-07 01:48:36.418113+00	8	CartItems object (8)	3		26	1
655	2025-08-07 01:48:36.427981+00	7	CartItems object (7)	3		26	1
656	2025-08-07 01:48:36.43543+00	6	CartItems object (6)	3		26	1
657	2025-08-07 01:48:36.440422+00	5	CartItems object (5)	3		26	1
658	2025-08-07 01:48:36.445224+00	4	CartItems object (4)	3		26	1
659	2025-08-07 01:48:36.449905+00	3	CartItems object (3)	3		26	1
660	2025-08-07 01:48:36.454055+00	2	CartItems object (2)	3		26	1
661	2025-08-07 01:48:36.458883+00	1	CartItems object (1)	3		26	1
662	2025-08-07 02:05:48.10654+00	3	Amr Shehab	1	[{"added": {}}]	13	1
663	2025-08-07 02:06:18.274794+00	3	Aysel Shehab	2	[{"changed": {"fields": ["User"]}}]	13	1
664	2025-08-07 02:07:48.881323+00	4	Craft Eg	1	[{"added": {}}]	13	1
665	2025-08-07 02:08:17.433789+00	1	zagazig	1	[{"added": {}}]	33	1
666	2025-08-07 02:09:38.783202+00	1	zagazig	2	[]	33	1
667	2025-08-07 02:09:54.06046+00	3	Aysel Shehab	2	[{"changed": {"fields": ["State"]}}]	13	1
668	2025-08-07 02:10:05.567544+00	2	Waleed Darwesh	2	[{"changed": {"fields": ["State"]}}]	13	1
669	2025-08-13 19:50:59.452805+00	1	test1	3		23	1
670	2025-08-13 19:50:59.465321+00	6	الأول	3		23	1
671	2025-08-13 19:50:59.471565+00	5	الأول	3		23	1
672	2025-08-13 19:50:59.47821+00	2	الأول	3		23	1
673	2025-08-13 19:50:59.484339+00	4	test1	3		23	1
674	2025-08-13 19:50:59.497319+00	9	الأول	3		23	1
675	2025-08-13 19:50:59.504434+00	8	الأول	3		23	1
676	2025-08-13 19:50:59.509098+00	7	الأول	3		23	1
677	2025-08-13 19:50:59.514895+00	10	مياو	3		23	1
678	2025-08-13 21:01:23.134633+00	12	test1	2	[{"changed": {"fields": ["CourseID"]}}]	23	1
679	2025-08-13 21:03:12.113906+00	15	test2	3		23	1
680	2025-08-13 21:03:12.118967+00	16	test2	3		23	1
681	2025-08-13 21:03:12.128609+00	12	test1	3		23	1
682	2025-08-13 22:49:41.757793+00	8	تعليم قيادة الموتسيكلات	2	[{"changed": {"fields": ["Completed"]}}]	22	1
683	2025-08-24 23:42:12.940416+00	53	Teal cotton fresh	1	[{"added": {}}]	16	1
684	2025-08-24 23:43:07.971336+00	116	Teal cotton fresh	1	[{"added": {}}]	18	1
685	2025-08-24 23:43:26.710465+00	116	Teal cotton fresh	2	[]	18	1
686	2025-08-24 23:43:45.600687+00	53	Teal cotton fresh	2	[]	16	1
687	2025-08-25 08:43:09.35458+00	54	mouse	1	[{"added": {}}]	16	1
688	2025-08-25 08:43:31.016446+00	54	mouse	2	[]	16	1
689	2025-08-30 20:58:08.26908+00	15	CartItems object (15)	3		26	1
690	2025-08-30 20:58:08.293793+00	14	CartItems object (14)	3		26	1
691	2025-09-01 23:05:37.148488+00	5	mohamed2025	2	[{"changed": {"fields": ["Supplier", "Terms"]}}]	31	1
692	2025-09-01 23:06:21.944669+00	6	mm2025	2	[{"changed": {"fields": ["Valid to", "Terms"]}}]	31	1
693	2025-09-01 23:07:28.375812+00	6	mm2025	2	[{"changed": {"fields": ["Supplier"]}}]	31	1
694	2025-09-01 23:08:35.237584+00	8	Bracelets	2	[{"changed": {"fields": ["Stock"]}}]	16	1
695	2025-09-02 15:26:03.419697+00	4	Craft Eg	3		13	1
696	2025-09-02 15:26:30.381427+00	2	Waleed Darwesh	2	[{"changed": {"fields": ["City", "State"]}}]	13	1
697	2025-09-02 15:28:01.439354+00	9	Damietta	2	[{"changed": {"fields": ["Name"]}}]	33	1
698	2025-09-02 15:28:10.472409+00	2	Alexandria	2	[{"changed": {"fields": ["Name"]}}]	33	1
699	2025-09-02 15:28:18.995599+00	3	Aswan	2	[{"changed": {"fields": ["Name"]}}]	33	1
700	2025-09-02 15:28:36.796642+00	2	Alexandria	3		33	1
701	2025-09-02 15:28:36.809519+00	3	Aswan	3		33	1
702	2025-09-02 15:28:36.827661+00	4	Asyut Warehouse	3		33	1
703	2025-09-02 15:28:36.837236+00	5	Beheira Warehouse	3		33	1
704	2025-09-02 15:28:36.844167+00	6	Beni Suef Warehouse	3		33	1
705	2025-09-02 15:28:36.85395+00	7	Cairo Warehouse	3		33	1
706	2025-09-02 15:28:36.858572+00	8	Dakahlia Warehouse	3		33	1
707	2025-09-02 15:28:36.87016+00	9	Damietta	3		33	1
708	2025-09-02 15:28:36.875497+00	10	Faiyum Warehouse	3		33	1
709	2025-09-02 15:28:36.886933+00	11	Gharbia Warehouse	3		33	1
710	2025-09-02 15:28:36.892068+00	12	Giza Warehouse	3		33	1
711	2025-09-02 15:28:36.901506+00	13	Ismailia Warehouse	3		33	1
712	2025-09-02 15:28:36.921979+00	14	Kafr El Sheikh Warehouse	3		33	1
713	2025-09-02 15:28:36.926819+00	15	Luxor Warehouse	3		33	1
714	2025-09-02 15:28:36.935231+00	16	Matrouh Warehouse	3		33	1
715	2025-09-02 15:28:36.947415+00	17	Minya Warehouse	3		33	1
716	2025-09-02 15:28:36.955831+00	18	Monufia Warehouse	3		33	1
717	2025-09-02 15:28:36.962488+00	19	New Valley Warehouse	3		33	1
718	2025-09-02 15:28:36.973506+00	20	North Sinai Warehouse	3		33	1
719	2025-09-02 15:28:36.985651+00	21	Port Said Warehouse	3		33	1
720	2025-09-02 15:28:36.992766+00	22	Qalyubia Warehouse	3		33	1
721	2025-09-02 15:28:37.002091+00	23	Qena Warehouse	3		33	1
722	2025-09-02 15:28:37.009154+00	24	Red Sea Warehouse	3		33	1
723	2025-09-02 15:28:37.017523+00	25	Sharqia Warehouse	3		33	1
724	2025-09-02 15:28:37.026449+00	26	Sohag Warehouse	3		33	1
725	2025-09-02 15:28:37.037192+00	27	South Sinai Warehouse	3		33	1
726	2025-09-02 15:28:37.050042+00	28	Suez Warehouse	3		33	1
727	2025-09-02 15:28:55.833355+00	51	Craft Eg	3		13	1
728	2025-09-02 15:28:55.846253+00	50	Craft Eg	3		13	1
729	2025-09-02 15:28:55.853956+00	49	Craft Eg	3		13	1
730	2025-09-02 15:28:55.860444+00	48	Craft Eg	3		13	1
731	2025-09-02 15:28:55.873472+00	47	Craft Eg	3		13	1
732	2025-09-02 15:28:55.878958+00	46	Craft Eg	3		13	1
733	2025-09-02 15:28:55.883039+00	45	Craft Eg	3		13	1
734	2025-09-02 15:28:55.887007+00	44	Craft Eg	3		13	1
735	2025-09-02 15:28:55.890137+00	43	Craft Eg	3		13	1
736	2025-09-02 15:28:55.893203+00	42	Craft Eg	3		13	1
737	2025-09-02 15:28:55.896732+00	41	Craft Eg	3		13	1
738	2025-09-02 15:28:55.900971+00	40	Craft Eg	3		13	1
739	2025-09-02 15:28:55.9194+00	39	Craft Eg	3		13	1
740	2025-09-02 15:28:55.924641+00	38	Craft Eg	3		13	1
741	2025-09-02 15:28:55.943886+00	37	Craft Eg	3		13	1
742	2025-09-02 15:28:55.950839+00	36	Craft Eg	3		13	1
743	2025-09-02 15:28:55.963506+00	35	Craft Eg	3		13	1
744	2025-09-02 15:28:55.968043+00	34	Craft Eg	3		13	1
745	2025-09-02 15:28:55.973256+00	33	Craft Eg	3		13	1
746	2025-09-02 15:28:55.977405+00	32	Craft Eg	3		13	1
747	2025-09-02 15:28:55.982201+00	31	Craft Eg	3		13	1
748	2025-09-02 15:28:55.985791+00	30	Craft Eg	3		13	1
749	2025-09-02 15:28:55.990204+00	29	Craft Eg	3		13	1
750	2025-09-02 15:28:55.993378+00	28	Craft Eg	3		13	1
751	2025-09-02 15:28:55.99775+00	27	Craft Eg	3		13	1
752	2025-09-02 15:28:56.002529+00	26	Craft Eg	3		13	1
753	2025-09-02 15:28:56.005986+00	25	Craft Eg	3		13	1
754	2025-09-02 15:31:50.533345+00	24	Mohamed Eid	2	[{"changed": {"fields": ["State"]}}]	13	1
755	2025-09-02 15:32:00.40317+00	3	Aysel Shehab	2	[{"changed": {"fields": ["State"]}}]	13	1
756	2025-09-02 17:01:03.94812+00	bcf551f5-59f6-4307-a1b1-418113adc3b1	bcf551f5-59f6-4307-a1b1-418113adc3b1	3		27	1
757	2025-09-02 17:01:03.969344+00	df553655-bfe2-4f24-9e84-ddf72396aa21	df553655-bfe2-4f24-9e84-ddf72396aa21	3		27	1
758	2025-09-02 17:01:03.97983+00	983786b0-4a4b-4622-9672-8e23cc822be9	983786b0-4a4b-4622-9672-8e23cc822be9	3		27	1
759	2025-09-02 17:01:03.989487+00	f7eb717c-95cc-4654-b0cb-0c77c713b4c8	f7eb717c-95cc-4654-b0cb-0c77c713b4c8	3		27	1
760	2025-09-02 17:01:04.0034+00	9a2f4b4d-c108-4f8e-b5c9-7d69578774b0	9a2f4b4d-c108-4f8e-b5c9-7d69578774b0	3		27	1
761	2025-09-02 17:01:04.026815+00	ab7029a2-d0a8-400a-9f15-fe631c26ea2a	ab7029a2-d0a8-400a-9f15-fe631c26ea2a	3		27	1
762	2025-09-02 17:01:04.052103+00	f9f67714-3d4b-48ff-8fcb-e71baa634133	f9f67714-3d4b-48ff-8fcb-e71baa634133	3		27	1
763	2025-09-02 17:01:04.070053+00	7c529a37-19ce-4a99-a726-e02c52640ed3	7c529a37-19ce-4a99-a726-e02c52640ed3	3		27	1
764	2025-09-02 17:01:04.074472+00	1dcbd0c2-1221-4048-9b53-cddf94b46be1	1dcbd0c2-1221-4048-9b53-cddf94b46be1	3		27	1
765	2025-09-02 17:01:04.081827+00	a05639ca-02d8-4522-af7a-ba1d08fd9c82	a05639ca-02d8-4522-af7a-ba1d08fd9c82	3		27	1
766	2025-09-02 17:01:04.091546+00	57051491-31fb-495f-ac68-fd5e9367c7b7	57051491-31fb-495f-ac68-fd5e9367c7b7	3		27	1
767	2025-09-02 17:01:04.101051+00	fdf7948b-890b-4d15-ab5c-0a17950c9154	fdf7948b-890b-4d15-ab5c-0a17950c9154	3		27	1
768	2025-09-02 17:01:04.114768+00	4818684d-ee66-453c-81f7-8df5216c49e0	4818684d-ee66-453c-81f7-8df5216c49e0	3		27	1
769	2025-09-02 17:01:04.120972+00	13a5a8d0-70fa-4555-a722-6eadb0851943	13a5a8d0-70fa-4555-a722-6eadb0851943	3		27	1
770	2025-09-02 17:01:04.13823+00	a7563c02-7f00-4b22-9945-4653b51927dc	a7563c02-7f00-4b22-9945-4653b51927dc	3		27	1
771	2025-09-02 17:01:04.145043+00	f54771a9-963c-4e67-905f-31b3b22b635f	f54771a9-963c-4e67-905f-31b3b22b635f	3		27	1
772	2025-09-02 17:01:04.154579+00	159f7be3-518d-41bf-ab3b-611acc26ec1c	159f7be3-518d-41bf-ab3b-611acc26ec1c	3		27	1
773	2025-09-02 17:01:04.175392+00	ddf1cae6-628b-44b0-bed7-a194ddc46013	ddf1cae6-628b-44b0-bed7-a194ddc46013	3		27	1
774	2025-09-02 17:01:04.18142+00	0c115ed9-ad72-4c63-9267-1c7b89aebc57	0c115ed9-ad72-4c63-9267-1c7b89aebc57	3		27	1
775	2025-09-02 18:45:35.803003+00	ce2b18b3-9e93-4dd2-abb1-daa4ec1c6a2f	OrderItem Bracelets by waleeddarwesh2002@gmail.com	3		28	1
776	2025-09-02 18:46:23.258224+00	25	Cart ID Cart ID:5aeb5f76-936b-4cc2-ad7a-654c80dcac5f for Mohamed Eid Cart Item: mouse	3		26	1
777	2025-09-02 18:50:36.238996+00	024d3266-c85d-4bc3-8082-92c734a7ba10	Order ID: 024d3266-c85d-4bc3-8082-92c734a7ba10 for waleeddarwesh2002@gmail.com	3		27	1
778	2025-09-02 18:50:37.204235+00	22156c61-62d7-4991-ae37-294657a4206a	Order ID: 22156c61-62d7-4991-ae37-294657a4206a for waleeddarwesh2002@gmail.com	3		27	1
779	2025-09-02 18:50:38.674454+00	0fac1a8e-33b5-4cc2-91cd-091d4fcd9bd2	Order ID: 0fac1a8e-33b5-4cc2-91cd-091d4fcd9bd2 for waleeddarwesh2002@gmail.com	3		27	1
780	2025-09-02 21:07:26.332191+00	f0d5fbd0-7eab-4efe-8dac-d64b67868495	Order ID: f0d5fbd0-7eab-4efe-8dac-d64b67868495 for waleeddarwesh2002@gmail.com	3		27	1
781	2025-09-02 21:07:27.113104+00	693a3a13-abb5-472c-bbc6-7b21bf4b2c1f	Order ID: 693a3a13-abb5-472c-bbc6-7b21bf4b2c1f for waleeddarwesh2002@gmail.com	3		27	1
782	2025-09-02 21:50:20.599452+00	03124596-9627-4854-98f2-1ba4b46bf5bf	OrderItem Bracelets by waleeddarwesh2002@gmail.com	3		28	1
783	2025-09-02 21:50:20.607017+00	aba37354-da37-4eac-9ad3-d3ed37deb55e	OrderItem Bracelets by waleeddarwesh2002@gmail.com	3		28	1
784	2025-09-02 21:50:20.614667+00	1bd44e70-69e1-45c0-b6b3-6b93069e5eb8	OrderItem Bracelets by waleeddarwesh2002@gmail.com	3		28	1
785	2025-09-02 21:50:20.617982+00	14833fa9-d6f5-475a-b8d2-72f6e1c730ff	OrderItem Bracelets by waleeddarwesh2002@gmail.com	3		28	1
786	2025-09-02 21:50:33.61272+00	c1425347-2bcc-4e68-bc83-9060f8594d24	Order ID: c1425347-2bcc-4e68-bc83-9060f8594d24 for waleeddarwesh2002@gmail.com	3		27	1
787	2025-09-02 21:50:33.826645+00	2019f576-7c56-41b5-920c-7ec43ad466ec	Order ID: 2019f576-7c56-41b5-920c-7ec43ad466ec for waleeddarwesh2002@gmail.com	3		27	1
788	2025-09-03 15:29:39.340284+00	3828b7d4-7985-4e90-b2a2-a988def596ad	OrderItem Bracelets by waleeddarwesh2002@gmail.com	3		28	1
789	2025-09-03 15:29:39.345989+00	288ed2cb-7836-418f-b406-584b013793f0	OrderItem Bracelets by waleeddarwesh2002@gmail.com	3		28	1
790	2025-09-05 22:35:17.774186+00	2	Review object (2)	1	[{"added": {}}]	34	1
791	2025-09-05 23:32:47.818641+00	3	Review object (3)	1	[{"added": {}}]	34	1
792	2025-09-05 23:33:34.988089+00	4	Review object (4)	1	[{"added": {}}]	34	1
793	2025-09-05 23:34:59.007562+00	5	Review object (5)	1	[{"added": {}}]	34	1
794	2025-09-05 23:36:38.744805+00	6	Review object (6)	1	[{"added": {}}]	34	1
795	2025-09-05 23:37:20.825104+00	7	Review object (7)	1	[{"added": {}}]	34	1
796	2025-09-05 23:38:53.720745+00	8	Review object (8)	1	[{"added": {}}]	34	1
\.


--
-- Data for Name: django_content_type; Type: TABLE DATA; Schema: public; Owner: postgres
--

COPY public.django_content_type (id, app_label, model) FROM stdin;
1	admin_interface	theme
2	admin	logentry
3	auth	permission
4	auth	group
5	contenttypes	contenttype
6	sessions	session
7	accounts	user
8	accounts	customer
9	accounts	delivery
10	accounts	onetimepassword
11	accounts	supplier
12	accounts	follow
13	accounts	address
14	products	category
15	products	matcategory
16	products	product
17	products	procolors
18	products	proimage
19	products	prosizes
20	products	collection
21	products	collectionitem
22	course	course
23	course	coursevideos
24	course	enrollment
25	orders	cart
26	orders	cartitems
27	orders	order
28	orders	orderitem
29	orders	wishlist
30	orders	wishlistitem
31	orders	coupon
32	orders	deliveryorder
33	orders	warehouse
34	reviews	review
35	payment	paymenthistory
36	notifications	notification
37	chatapp	conversation
38	chatapp	message
39	returnrequest	balance_withdraw_request
40	returnrequest	transactions
41	returnrequest	returnrequest
42	returnrequest	deliveryreturnrequest
43	token_blacklist	blacklistedtoken
44	token_blacklist	outstandingtoken
45	orders	shipment
46	orders	shipmentitem
\.


--
-- Data for Name: django_migrations; Type: TABLE DATA; Schema: public; Owner: postgres
--

COPY public.django_migrations (id, app, name, applied) FROM stdin;
1	contenttypes	0001_initial	2024-12-11 19:01:45.477956+00
2	contenttypes	0002_remove_content_type_name	2024-12-11 19:01:47.092226+00
3	auth	0001_initial	2024-12-11 19:01:52.110604+00
4	auth	0002_alter_permission_name_max_length	2024-12-11 19:01:52.920346+00
5	auth	0003_alter_user_email_max_length	2024-12-11 19:01:53.444872+00
6	auth	0004_alter_user_username_opts	2024-12-11 19:01:54.373099+00
7	auth	0005_alter_user_last_login_null	2024-12-11 19:01:55.284553+00
8	auth	0006_require_contenttypes_0002	2024-12-11 19:01:56.212026+00
9	auth	0007_alter_validators_add_error_messages	2024-12-11 19:01:57.139304+00
10	auth	0008_alter_user_username_max_length	2024-12-11 19:01:58.052354+00
11	auth	0009_alter_user_last_name_max_length	2024-12-11 19:01:58.969815+00
12	auth	0010_alter_group_name_max_length	2024-12-11 19:02:00.511868+00
13	auth	0011_update_proxy_permissions	2024-12-11 19:02:01.128952+00
14	auth	0012_alter_user_first_name_max_length	2024-12-11 19:02:02.048811+00
15	accounts	0001_initial	2024-12-11 19:02:12.381815+00
16	accounts	0002_remove_customer_buildingno_remove_customer_city_and_more	2024-12-11 19:02:16.033084+00
17	accounts	0003_alter_supplier_user	2024-12-11 19:02:16.285062+00
18	accounts	0004_alter_supplier_user	2024-12-11 19:02:17.031908+00
19	accounts	0005_delivery_governorate	2024-12-11 19:02:18.626154+00
20	accounts	0006_alter_address_buildingno	2024-12-11 19:02:19.767586+00
21	accounts	0007_remove_customer_balance_remove_delivery_balance_and_more	2024-12-11 19:02:23.245445+00
22	accounts	0008_delivery_accepted_delivery_and_more	2024-12-11 19:02:25.127396+00
23	accounts	0009_onetimepassword_created_at	2024-12-11 19:02:26.409834+00
24	admin	0001_initial	2024-12-11 19:02:28.973104+00
25	admin	0002_logentry_remove_auto_add	2024-12-11 19:02:29.254274+00
26	admin	0003_logentry_add_action_flag_choices	2024-12-11 19:02:30.029846+00
27	admin_interface	0001_initial	2024-12-11 19:02:31.535373+00
28	admin_interface	0002_add_related_modal	2024-12-11 19:02:34.702865+00
29	admin_interface	0003_add_logo_color	2024-12-11 19:02:36.248186+00
30	admin_interface	0004_rename_title_color	2024-12-11 19:02:37.475054+00
31	admin_interface	0005_add_recent_actions_visible	2024-12-11 19:02:39.116606+00
32	admin_interface	0006_bytes_to_str	2024-12-11 19:02:39.801476+00
33	admin_interface	0007_add_favicon	2024-12-11 19:02:41.580764+00
34	admin_interface	0008_change_related_modal_background_opacity_type	2024-12-11 19:02:43.413787+00
35	admin_interface	0009_add_enviroment	2024-12-11 19:02:45.663613+00
36	admin_interface	0010_add_localization	2024-12-11 19:02:46.209034+00
37	admin_interface	0011_add_environment_options	2024-12-11 19:02:49.263689+00
38	admin_interface	0012_update_verbose_names	2024-12-11 19:02:49.774888+00
39	admin_interface	0013_add_related_modal_close_button	2024-12-11 19:02:51.29274+00
40	admin_interface	0014_name_unique	2024-12-11 19:02:52.942347+00
41	admin_interface	0015_add_language_chooser_active	2024-12-11 19:02:54.281849+00
42	admin_interface	0016_add_language_chooser_display	2024-12-11 19:02:55.797886+00
43	admin_interface	0017_change_list_filter_dropdown	2024-12-11 19:02:56.423033+00
44	admin_interface	0018_theme_list_filter_sticky	2024-12-11 19:02:58.252759+00
45	admin_interface	0019_add_form_sticky	2024-12-11 19:03:00.259614+00
46	admin_interface	0020_module_selected_colors	2024-12-11 19:03:02.349021+00
47	admin_interface	0021_file_extension_validator	2024-12-11 19:03:02.880426+00
48	admin_interface	0022_add_logo_max_width_and_height	2024-12-11 19:03:05.42869+00
49	admin_interface	0023_theme_foldable_apps	2024-12-11 19:03:06.867328+00
50	admin_interface	0024_remove_theme_css	2024-12-11 19:03:07.992403+00
51	admin_interface	0025_theme_language_chooser_control	2024-12-11 19:03:09.524044+00
52	admin_interface	0026_theme_list_filter_highlight	2024-12-11 19:03:11.260087+00
53	admin_interface	0027_theme_list_filter_removal_links	2024-12-11 19:03:12.495971+00
54	admin_interface	0028_theme_show_fieldsets_as_tabs_and_more	2024-12-11 19:03:14.559891+00
55	admin_interface	0029_theme_css_generic_link_active_color	2024-12-11 19:03:15.889377+00
56	admin_interface	0030_theme_collapsible_stacked_inlines_and_more	2024-12-11 19:03:19.460463+00
57	chatapp	0001_initial	2024-12-11 19:03:23.550206+00
58	products	0001_initial	2024-12-11 19:03:30.523647+00
59	course	0001_initial	2024-12-11 19:03:35.230089+00
60	course	0002_course_rating	2024-12-11 19:03:36.449273+00
61	course	0003_remove_course_numberoflectures_and_more	2024-12-11 19:03:38.294408+00
62	course	0004_course_numberoflec	2024-12-11 19:03:39.842465+00
63	notifications	0001_initial	2024-12-11 19:03:41.983898+00
64	products	0002_alter_product_supplier	2024-12-11 19:03:44.954436+00
65	products	0003_product_stock_alter_product_outofstock	2024-12-11 19:03:46.424214+00
66	products	0004_alter_product_stock	2024-12-11 19:03:47.018075+00
67	products	0005_alter_product_outofstock	2024-12-11 19:03:47.877836+00
68	products	0006_alter_product_stock	2024-12-11 19:03:49.769034+00
69	products	0007_collection_collectionitem	2024-12-11 19:03:53.348243+00
70	products	0008_remove_product_reviews_alter_proimage_image	2024-12-11 19:03:54.223901+00
71	returnrequest	0001_initial	2024-12-11 19:04:01.756936+00
72	orders	0001_initial	2024-12-11 19:04:08.518097+00
73	orders	0002_alter_cartitems_quantity	2024-12-11 19:04:08.860733+00
74	orders	0003_alter_cartitems_quantity	2024-12-11 19:04:10.365107+00
75	orders	0004_remove_order_city_remove_order_postal_code_and_more	2024-12-11 19:04:13.224304+00
76	orders	0005_wishlist_wishlistitem	2024-12-11 19:04:16.595697+00
77	orders	0006_rename_productid_cartitems_product_and_more	2024-12-11 19:04:22.234253+00
78	orders	0007_rename_user_wishlist_user	2024-12-11 19:04:24.691171+00
79	orders	0008_rename_product_wishlistitem_product	2024-12-11 19:04:27.245425+00
80	orders	0009_coupon	2024-12-11 19:04:31.648856+00
81	orders	0010_rename_supplier_coupon_supplier	2024-12-11 19:04:33.80664+00
82	orders	0011_rename_supplier_coupon_supplier	2024-12-11 19:04:36.261539+00
83	orders	0012_alter_coupon_active	2024-12-11 19:04:37.493961+00
84	orders	0013_alter_coupon_active	2024-12-11 19:04:39.537234+00
85	orders	0014_alter_coupon_active	2024-12-11 19:04:40.213312+00
86	orders	0015_order_discount_amount_order_final_amount_and_more	2024-12-11 19:04:43.113681+00
87	orders	0016_order_confirmation_code_order_delivery_confirmed_at_and_more	2024-12-11 19:04:47.044751+00
88	orders	0017_remove_order_governorate_order_delivery_and_more	2024-12-11 19:04:51.524632+00
89	orders	0018_alter_order_cart	2024-12-11 19:04:53.671864+00
90	orders	0019_order_supplier_address	2024-12-11 19:04:55.508872+00
91	orders	0020_rename_supplier_address_order_from_address_and_more	2024-12-11 19:04:59.200227+00
92	orders	0021_alter_warehouse_delivery_fee	2024-12-11 19:05:00.532467+00
93	orders	0022_alter_order_status	2024-12-11 19:05:01.200301+00
94	orders	0023_order_delivery_fee	2024-12-11 19:05:02.809028+00
95	orders	0024_order_initial_status	2024-12-11 19:05:04.219125+00
96	orders	0025_alter_order_initial_status_alter_order_status	2024-12-11 19:05:04.897168+00
97	orders	0026_order_related_order	2024-12-11 19:05:07.187103+00
98	orders	0027_order_supplier	2024-12-11 19:05:08.817753+00
99	orders	0028_order_payment_method_alter_order_stripe_id	2024-12-11 19:05:10.459852+00
100	orders	0029_deliveryorder_returnrequest_and_more	2024-12-11 19:05:13.93609+00
101	orders	0030_remove_deliveryorder_returnrequest	2024-12-11 19:05:15.787755+00
102	payment	0001_initial	2024-12-11 19:05:18.563667+00
103	products	0009_product_discountpercentage	2024-12-11 19:05:19.597137+00
104	products	0010_product_height_product_watt_product_width	2024-12-11 19:05:21.418449+00
105	returnrequest	0002_returnrequest_order	2024-12-11 19:05:23.262527+00
106	returnrequest	0003_alter_returnrequest_initial_status_and_more	2024-12-11 19:05:23.648702+00
107	returnrequest	0004_deliveryreturnrequest	2024-12-11 19:05:26.649111+00
108	returnrequest	0005_alter_transactions_transaction_type	2024-12-11 19:05:26.982723+00
109	returnrequest	0006_alter_transactions_transaction_type	2024-12-11 19:05:28.009961+00
110	returnrequest	0007_alter_transactions_transaction_type	2024-12-11 19:05:28.957975+00
111	reviews	0001_initial	2024-12-11 19:05:33.098691+00
112	reviews	0002_review_supplier	2024-12-11 19:05:34.629755+00
113	reviews	0003_review_ease_of_place_order_review_image_and_more	2024-12-11 19:05:36.889183+00
114	reviews	0004_alter_review_ease_of_place_order_and_more	2024-12-11 19:05:37.583957+00
115	reviews	0005_alter_review_ease_of_place_order_and_more	2024-12-11 19:05:39.95489+00
116	sessions	0001_initial	2024-12-11 19:05:42.107858+00
117	token_blacklist	0001_initial	2024-12-11 19:05:44.571881+00
118	token_blacklist	0002_outstandingtoken_jti_hex	2024-12-11 19:05:45.47899+00
119	token_blacklist	0003_auto_20171017_2007	2024-12-11 19:05:46.812471+00
120	token_blacklist	0004_auto_20171017_2013	2024-12-11 19:05:48.649627+00
121	token_blacklist	0005_remove_outstandingtoken_jti	2024-12-11 19:05:49.789313+00
122	token_blacklist	0006_auto_20171017_2113	2024-12-11 19:05:51.018499+00
123	token_blacklist	0007_auto_20171017_2214	2024-12-11 19:05:53.985039+00
124	token_blacklist	0008_migrate_to_bigautofield	2024-12-11 19:05:58.492095+00
125	token_blacklist	0010_fix_migrate_to_bigautofield	2024-12-11 19:05:59.172509+00
126	token_blacklist	0011_linearizes_history	2024-12-11 19:06:00.018421+00
127	token_blacklist	0012_alter_outstandingtoken_user	2024-12-11 19:06:00.911358+00
128	accounts	0010_alter_onetimepassword_created_at	2025-01-01 00:48:51.69318+00
129	accounts	0011_rename_supplier_follow_supplier_and_more	2025-01-18 00:58:40.885027+00
130	products	0011_collection_created_at_collectionitem_added_at	2025-01-18 03:28:18.270644+00
131	orders	0031_orderitem_color_orderitem_size	2025-08-07 01:11:51.252434+00
132	orders	0032_remove_orderitem_color_remove_orderitem_size_and_more	2025-08-07 01:25:28.721463+00
133	orders	0033_orderitem_color_orderitem_size	2025-08-07 01:47:17.616321+00
134	course	0005_remove_enrollment_customer_enrollment_enrolleduser	2025-08-08 18:32:34.321364+00
135	orders	0034_alter_order_payment_method	2025-08-08 18:32:34.672212+00
136	course	0006_course_numberofuploadedlec	2025-08-10 19:53:04.274835+00
137	payment	0002_alter_paymenthistory_options_paymenthistory_course_and_more	2025-08-10 23:57:29.263218+00
138	orders	0035_remove_order_product_remove_order_stripe_id	2025-08-11 01:32:59.929754+00
139	payment	0003_paymenthistory_stripe_payment_intent_id	2025-08-11 01:33:01.761879+00
140	course	0007_coursevideos_unique_lecture_per_course	2025-08-13 19:51:13.269385+00
141	returnrequest	0008_alter_transactions_amount	2025-09-02 15:51:00.530559+00
142	orders	0036_shipment_and_more	2025-09-02 18:47:56.670016+00
143	orders	0037_order_status	2025-09-02 20:34:38.974311+00
144	orders	0038_shipmentitem_and_more	2025-09-03 15:33:37.109632+00
145	orders	0039_shipment_order_total_value_alter_order_status_and_more	2025-09-03 23:03:38.568141+00
146	returnrequest	0009_remove_returnrequest_delivery_and_more	2025-09-03 23:03:46.452045+00
\.


--
-- Data for Name: django_session; Type: TABLE DATA; Schema: public; Owner: postgres
--

COPY public.django_session (session_key, session_data, expire_date) FROM stdin;
\.


--
-- Data for Name: notifications_notification; Type: TABLE DATA; Schema: public; Owner: postgres
--

COPY public.notifications_notification (id, message, "timestamp", is_read, user_id) FROM stdin;
\.


--
-- Data for Name: orders_cart; Type: TABLE DATA; Schema: public; Owner: postgres
--

COPY public.orders_cart (id, "Created_at", "User_id") FROM stdin;
69825d5c-7444-4881-bc27-f6e8ebe016de	2025-01-17 22:49:55.945355+00	159
5aeb5f76-936b-4cc2-ad7a-654c80dcac5f	2025-08-07 00:08:11.427582+00	216
a94683dd-da5f-424a-b5ae-a100fa474cc2	2025-08-25 00:09:40.042986+00	217
\.


--
-- Data for Name: orders_cartitems; Type: TABLE DATA; Schema: public; Owner: postgres
--

COPY public.orders_cartitems (id, "Quantity", "CartID_id", "Product_id", "Color", "Size") FROM stdin;
\.


--
-- Data for Name: orders_coupon; Type: TABLE DATA; Schema: public; Owner: postgres
--

COPY public.orders_coupon (id, code, discount, valid_from, valid_to, active, terms, supplier_id) FROM stdin;
1	SUMMER2025	20.00	2025-08-01 00:00:00+00	2025-08-31 00:00:00+00	t		136
2	Rezk2025	20.00	2025-08-01 00:00:00+00	2025-08-31 00:00:00+00	t		136
3	Reezk2025	20.00	2025-08-01 00:00:00+00	2025-08-31 00:00:00+00	t		136
4	razoka2025	50.00	2025-08-07 00:00:00+00	2025-08-27 00:00:00+00	t		136
5	mohamed2025	30.00	2025-08-14 00:00:00+00	2025-08-30 00:00:00+00	t	dcvfd	101
6	mm2025	50.00	2025-08-03 00:00:00+00	2025-09-02 00:00:00+00	t	sdcvcds	101
\.


--
-- Data for Name: orders_coupon_products; Type: TABLE DATA; Schema: public; Owner: postgres
--

COPY public.orders_coupon_products (id, coupon_id, product_id) FROM stdin;
2	1	46
3	1	47
4	1	48
5	1	49
6	1	50
9	2	46
10	2	47
11	2	48
12	2	49
13	2	50
16	3	46
17	3	47
18	3	48
19	3	49
20	3	50
23	4	46
24	4	47
25	4	48
26	4	49
27	4	50
30	5	46
31	5	47
32	5	48
33	5	49
34	5	50
36	6	46
37	6	47
38	6	48
39	6	49
40	6	50
\.


--
-- Data for Name: orders_order; Type: TABLE DATA; Schema: public; Owner: postgres
--

COPY public.orders_order (id, address_id, paid, created_at, updated_at, user_id, discount_amount, final_amount, total_amount, delivery_fee, payment_method, status) FROM stdin;
20896212-86fa-4005-b1b6-b1df3ded3853	2	f	2025-09-04 14:09:48.965449+00	2025-09-04 14:09:48.965449+00	159	0.00	1620.00	1500.00	120.00	Cash on Delivery	created
e9016178-ef32-4974-a4c6-a82f42d766a1	2	f	2025-09-02 21:54:19.508879+00	2025-09-02 21:54:19.508911+00	159	0.00	1620.00	1500.00	120.00		created
6fe54334-31fe-494d-83bb-42fbccd89a7a	2	t	2025-09-03 15:36:07.44554+00	2025-09-03 15:37:06.130896+00	159	0.00	1620.00	1500.00	120.00	Cash on Delivery	paid
\.


--
-- Data for Name: orders_orderitem; Type: TABLE DATA; Schema: public; Owner: postgres
--

COPY public.orders_orderitem (id, quantity, price, created_at, updated_at, product_id, color, size, order_id) FROM stdin;
5ec36603-a8b2-4076-9f6e-c1a377db6c2b	5	300.00	2025-09-03 15:36:07.737744+00	2025-09-03 15:36:07.737744+00	8			6fe54334-31fe-494d-83bb-42fbccd89a7a
f184f22a-def0-4973-8ea2-c8bae537b2c3	5	300.00	2025-09-04 14:09:49.925288+00	2025-09-04 14:09:49.925288+00	8			20896212-86fa-4005-b1b6-b1df3ded3853
\.


--
-- Data for Name: orders_shipment; Type: TABLE DATA; Schema: public; Owner: postgres
--

COPY public.orders_shipment (id, from_state, to_state, confirmation_code, delivery_confirmed_at, status, delivery_person_id, from_address_id, order_id, supplier_id, to_address_id, order_total_value) FROM stdin;
74dc4747-0bc8-456d-aa0e-969ee6a36240	Sharqia	Damietta	0809	\N	In Transmit	\N	75	e9016178-ef32-4974-a4c6-a82f42d766a1	125	2	0.00
1bb0c501-2e88-4b0a-8568-23ecf72468ac	Sharqia	Damietta	8886	\N	created	\N	3	e9016178-ef32-4974-a4c6-a82f42d766a1	125	59	0.00
33805bb6-4a9e-48fe-8801-cd8945abdc95	Sharqia	Damietta	1120	\N	In Transmit	\N	75	6fe54334-31fe-494d-83bb-42fbccd89a7a	125	2	0.00
1833883e-34b8-40c6-a4b1-b382de2b2f52	Sharqia	Damietta	8868	\N	created	\N	3	6fe54334-31fe-494d-83bb-42fbccd89a7a	125	59	0.00
f1519d89-13c6-442c-83ba-ceb84e6299da	Sharqia	Damietta	4541	\N	In Transmit	\N	75	20896212-86fa-4005-b1b6-b1df3ded3853	125	2	1500.00
ec145e2e-a611-4fb1-8f92-4f03fbe7c221	Sharqia	Damietta	7735	\N	created	\N	3	20896212-86fa-4005-b1b6-b1df3ded3853	125	59	1500.00
\.


--
-- Data for Name: orders_shipmentitem; Type: TABLE DATA; Schema: public; Owner: postgres
--

COPY public.orders_shipmentitem (id, quantity, order_item_id, shipment_id) FROM stdin;
f8d70c90-3c21-49b7-9ec4-1e75e1a40016	5	5ec36603-a8b2-4076-9f6e-c1a377db6c2b	33805bb6-4a9e-48fe-8801-cd8945abdc95
f332f59f-d902-4fcf-8914-41efd9fbf981	5	5ec36603-a8b2-4076-9f6e-c1a377db6c2b	1833883e-34b8-40c6-a4b1-b382de2b2f52
bcf8a5be-4ed7-41e1-8f13-09b6c5c28c0b	5	f184f22a-def0-4973-8ea2-c8bae537b2c3	f1519d89-13c6-442c-83ba-ceb84e6299da
4718a240-b402-4b21-977e-f0790e5cabc1	5	f184f22a-def0-4973-8ea2-c8bae537b2c3	ec145e2e-a611-4fb1-8f92-4f03fbe7c221
\.


--
-- Data for Name: orders_warehouse; Type: TABLE DATA; Schema: public; Owner: postgres
--

COPY public.orders_warehouse (id, name, contact_person, contact_phone, delivery_fee, "Address_id") FROM stdin;
29	Alexandria	Waleed Darwesh	01101114638	50.00	52
30	Aswan	Waleed Darwesh	01101114638	50.00	53
31	Asyut	Waleed Darwesh	01101114638	50.00	54
32	Beheira	Waleed Darwesh	01101114638	50.00	55
33	Beni Suef	Waleed Darwesh	01101114638	50.00	56
34	Cairo	Waleed Darwesh	01101114638	50.00	57
35	Dakahlia	Waleed Darwesh	01101114638	50.00	58
36	Damietta	Waleed Darwesh	01101114638	50.00	59
37	Faiyum	Waleed Darwesh	01101114638	50.00	60
38	Gharbia	Waleed Darwesh	01101114638	50.00	61
39	Giza	Waleed Darwesh	01101114638	50.00	62
40	Ismailia	Waleed Darwesh	01101114638	50.00	63
41	Kafr El Sheikh	Waleed Darwesh	01101114638	50.00	64
42	Luxor	Waleed Darwesh	01101114638	50.00	65
43	Matrouh	Waleed Darwesh	01101114638	50.00	66
44	Minya	Waleed Darwesh	01101114638	50.00	67
45	Monufia	Waleed Darwesh	01101114638	50.00	68
46	New Valley	Waleed Darwesh	01101114638	50.00	69
47	North Sinai	Waleed Darwesh	01101114638	50.00	70
48	Port Said	Waleed Darwesh	01101114638	50.00	71
49	Qalyubia	Waleed Darwesh	01101114638	50.00	72
50	Qena	Waleed Darwesh	01101114638	50.00	73
51	Red Sea	Waleed Darwesh	01101114638	50.00	74
52	Sharqia	Waleed Darwesh	01101114638	50.00	75
53	Sohag	Waleed Darwesh	01101114638	50.00	76
54	South Sinai	Waleed Darwesh	01101114638	50.00	77
55	Suez	Waleed Darwesh	01101114638	50.00	78
\.


--
-- Data for Name: orders_wishlist; Type: TABLE DATA; Schema: public; Owner: postgres
--

COPY public.orders_wishlist (id, "Created_at", user_id) FROM stdin;
\.


--
-- Data for Name: orders_wishlistitem; Type: TABLE DATA; Schema: public; Owner: postgres
--

COPY public.orders_wishlistitem (id, product_id, wishlist_id) FROM stdin;
\.


--
-- Data for Name: payment_paymenthistory; Type: TABLE DATA; Schema: public; Owner: postgres
--

COPY public.payment_paymenthistory (id, date, payment_status, order_id, user_id, course_id, stripe_session_id, stripe_payment_intent_id) FROM stdin;
1	2025-08-10 23:58:24.936798+00	pending	\N	159	7	cs_test_a1SUjmsdhw4XqFO66TopRhf578ebxCv0ctxC6nm87SGq46rHiZQSKgWbDx	\N
2	2025-08-11 00:00:53.541942+00	pending	\N	159	7	cs_test_a192D2T6ccyMgHOmmlgehGHFDkdTtpyxkcfXTfVYp3QMKshfihQc9VeqyQ	\N
3	2025-08-11 00:05:28.656663+00	pending	\N	159	7	cs_test_a1S6HbjgN0Rvq1ADGLT5Mc3RHI7HeanlFjN1y7yX7oIASf2aBWjWFpgvyl	\N
4	2025-08-11 00:08:40.599674+00	pending	\N	159	7	cs_test_a1FqaUcKCEDTlHldhwwhBngf33dmuL6aKCT25oSVzpOUhW2OKLSMp8qIoo	\N
7	2025-08-11 00:51:06.257458+00	succeeded	\N	159	7	cs_test_a1SylrAkhcbYoRijoU1KItm30na30nsUYxdQM6iJwaXsH9ht7ZtcC3fz3e	\N
5	2025-08-11 00:32:31.260638+00	succeeded	\N	159	7	cs_test_a1GqfHSbl5AxCXCfJE8a9vCOh01ws4I0pHCGQAmLjSOsYSywzurSWSUgyK	\N
6	2025-08-11 00:34:06.179051+00	succeeded	\N	159	7	cs_test_a1RjpJoZavLmoi73lC3p17xhfi0hrBdJjrv9azfBRj9rvTOmH2G0BTNLEX	\N
8	2025-08-11 00:56:11.342503+00	succeeded	\N	159	\N	cs_test_b1Ynnkqo10YWomEJqczxpvmjcpHJ7QXIvpQg4X5bKt1TkO1B4L3GsMHMjT	\N
9	2025-08-11 01:38:59.30442+00	succeeded	\N	159	\N	cs_test_b1m8bb3iQZSROaRQdoUH0Pr9fgriBFpKEH7euMkY4BRstdyfKSCeVAldvd	pi_3RukhdRuzd5caPY00Lxqi5Cu
10	2025-09-02 19:01:04.373057+00	succeeded	\N	159	\N	cs_test_b1YsbZnLiZqyx9QrHbyncwK0titmtO8ITpKNlmKeRDDChdbV1TqT5W7eM4	pi_3S2zSlRuzd5caPY01nlMTcVq
11	2025-09-02 19:13:55.961021+00	pending	\N	159	\N	\N	\N
12	2025-09-02 19:21:15.261229+00	succeeded	\N	159	\N	cs_test_a1MnV5R0wuGB2rBG88GDkCZOLhpRb0FfCE8O97DwTcXMFlz3xlcfs8nAFz	pi_3S2zlzRuzd5caPY01gxBY664
13	2025-09-02 19:28:47.138184+00	succeeded	\N	159	\N	cs_test_a1ySpF0xD4U7KNxk9rnZpaxFretdYQFLEgyeAiohtwttV96G5zzBbssZLH	pi_3S2zt1Ruzd5caPY00OD8GwYf
14	2025-09-02 19:57:25.21153+00	succeeded	\N	159	\N	cs_test_b1U2MSo1YDjumG6mCgJNZblX2O0su8WsN7YnMab8501NDfRmq0eBEOU6GU	pi_3S30KjRuzd5caPY00I7oNIEa
15	2025-09-02 21:08:52.516092+00	succeeded	\N	159	\N	cs_test_b188CocwU2kWYu5wGJuPz6nqZeDy9gwGiRrMDeckmF1hwdl3bGfk9Kbwbh	pi_3S31RxRuzd5caPY00b8Dz62i
16	2025-09-02 21:21:18.404323+00	pending	\N	159	\N	\N	\N
17	2025-09-02 21:22:42.104968+00	pending	\N	159	\N	\N	\N
18	2025-09-02 21:23:50.059354+00	pending	\N	159	\N	\N	\N
19	2025-09-02 21:48:52.733185+00	succeeded	\N	159	\N	cs_test_b1mZaTPnaeBDoV0dIP2lUUdOQ3KftixhkCrQang3yrK6JDmGYLd4jT4pTA	pi_3S324hRuzd5caPY00Zr2pP9E
20	2025-09-03 15:36:52.363473+00	succeeded	6fe54334-31fe-494d-83bb-42fbccd89a7a	159	\N	cs_test_b1tGYoQNao72Jis45jK9Sqn0KrhLJOfeqxTJPgu3uSXC3hrvi1CcxMj7bL	pi_3S3Ik8Ruzd5caPY00Gu5gClq
\.


--
-- Data for Name: products_category; Type: TABLE DATA; Schema: public; Owner: postgres
--

COPY public.products_category ("CategoryID", "Title", "Description", "Picture", "Active", "Slug") FROM stdin;
2	bamboo	Lorem ipsum dolor sit amet, consectetur adipiscing elit. Cras viverra condimentum metus, at rhoncus massa suscipit imperdiet. Fusce facilisis sed sapien non egestas. Ut sit amet eleifend nisl. Praesent vitae urna metus. Morbi vel porta dolor. Aliquam condimentum tristique tellus, sed facilisis ligula faucibus et.	category_images/24/07/06/bamboo_0.jpg	t	bamboo
3	candles	Lorem ipsum dolor sit amet, consectetur adipiscing elit. Cras viverra condimentum metus, at rhoncus massa suscipit imperdiet. Fusce facilisis sed sapien non egestas. Ut sit amet eleifend nisl. Praesent vitae urna metus. Morbi vel porta dolor. Aliquam condimentum tristique tellus, sed facilisis ligula faucibus et.	category_images/24/07/06/candles_25.jpg	t	candles
4	carpets	Lorem ipsum dolor sit amet, consectetur adipiscing elit. Cras viverra condimentum metus, at rhoncus massa suscipit imperdiet. Fusce facilisis sed sapien non egestas. Ut sit amet eleifend nisl. Praesent vitae urna metus. Morbi vel porta dolor. Aliquam condimentum tristique tellus, sed facilisis ligula faucibus et.	category_images/24/07/06/carpets_39.jpg	t	carpets
5	crocheting	Lorem ipsum dolor sit amet, consectetur adipiscing elit. Cras viverra condimentum metus, at rhoncus massa suscipit imperdiet. Fusce facilisis sed sapien non egestas. Ut sit amet eleifend nisl. Praesent vitae urna metus. Morbi vel porta dolor. Aliquam condimentum tristique tellus, sed facilisis ligula faucibus et.	category_images/24/07/06/crocheting_30.jpg	t	crocheting
6	jewelry	Lorem ipsum dolor sit amet, consectetur adipiscing elit. Cras viverra condimentum metus, at rhoncus massa suscipit imperdiet. Fusce facilisis sed sapien non egestas. Ut sit amet eleifend nisl. Praesent vitae urna metus. Morbi vel porta dolor. Aliquam condimentum tristique tellus, sed facilisis ligula faucibus et.	category_images/24/07/06/jewelry_50.jpg	t	jewelry
7	leather	Lorem ipsum dolor sit amet, consectetur adipiscing elit. Cras viverra condimentum metus, at rhoncus massa suscipit imperdiet. Fusce facilisis sed sapien non egestas. Ut sit amet eleifend nisl. Praesent vitae urna metus. Morbi vel porta dolor. Aliquam condimentum tristique tellus, sed facilisis ligula faucibus et.	category_images/24/07/06/leather_7.jpg	t	leather
8	pottery	Lorem ipsum dolor sit amet, consectetur adipiscing elit. Cras viverra condimentum metus, at rhoncus massa suscipit imperdiet. Fusce facilisis sed sapien non egestas. Ut sit amet eleifend nisl. Praesent vitae urna metus. Morbi vel porta dolor. Aliquam condimentum tristique tellus, sed facilisis ligula faucibus et.	category_images/24/07/06/pottery_4.jpg	t	pottery
9	sewing	Lorem ipsum dolor sit amet, consectetur adipiscing elit. Cras viverra condimentum metus, at rhoncus massa suscipit imperdiet. Fusce facilisis sed sapien non egestas. Ut sit amet eleifend nisl. Praesent vitae urna metus. Morbi vel porta dolor. Aliquam condimentum tristique tellus, sed facilisis ligula faucibus et.	category_images/24/07/06/sewing_2.jpg	t	sewing
10	soap	Lorem ipsum dolor sit amet, consectetur adipiscing elit. Cras viverra condimentum metus, at rhoncus massa suscipit imperdiet. Fusce facilisis sed sapien non egestas. Ut sit amet eleifend nisl. Praesent vitae urna metus. Morbi vel porta dolor. Aliquam condimentum tristique tellus, sed facilisis ligula faucibus et.	category_images/24/07/06/soap_4.jpg	t	soap
11	wooden	Lorem ipsum dolor sit amet, consectetur adipiscing elit. Cras viverra condimentum metus, at rhoncus massa suscipit imperdiet. Fusce facilisis sed sapien non egestas. Ut sit amet eleifend nisl. Praesent vitae urna metus. Morbi vel porta dolor. Aliquam condimentum tristique tellus, sed facilisis ligula faucibus et.	category_images/24/07/06/wooden_14.jpg	t	wooden
\.


--
-- Data for Name: products_collection; Type: TABLE DATA; Schema: public; Owner: postgres
--

COPY public.products_collection (id, name, supplier_id, created_at) FROM stdin;
118	4444	101	2025-07-04 00:28:55.080059+00
119	mohamed eid rezk	136	2025-07-04 20:09:55.619181+00
\.


--
-- Data for Name: products_collectionitem; Type: TABLE DATA; Schema: public; Owner: postgres
--

COPY public.products_collectionitem (id, collection_id, product_id, added_at) FROM stdin;
197	119	47	2025-07-16 10:38:57.656711+00
\.


--
-- Data for Name: products_matcategory; Type: TABLE DATA; Schema: public; Owner: postgres
--

COPY public.products_matcategory ("MatID", "Title", "Picture", "Active", "Slug") FROM stdin;
1	Sewing Machines	category_images/25/06/21/material_CNzzALP.png	t	sewing-machines
8	Resin Supplies	category_images/25/07/01/material.png	t	resin-supplies
7	Leather	category_images/25/07/01/material_zM9rBAU.png	t	leather
6	Fabric	category_images/25/07/01/material_tfdVRrK.png	t	fabric
5	Carpentry tools	category_images/25/07/01/material_Iedrx0C.png	t	carpentry-tools
4	Soap supplies	category_images/25/07/01/material_QiTkEA3.png	t	soap-supplies
3	Accessories supplies	category_images/25/07/01/material_AHqdnqa.png	t	accessories-supplies
2	Crochet supplies	category_images/25/07/01/material_iuwKzQQ.png	t	crochet-supplies
\.


--
-- Data for Name: products_procolors; Type: TABLE DATA; Schema: public; Owner: postgres
--

COPY public.products_procolors (id, "Color", product_id) FROM stdin;
33	4286141768	46
34	4283215696	46
35	4294961979	47
36	4286141768	47
37	4283215696	48
38	4286141768	48
39	4294961979	49
40	4294198070	49
\.


--
-- Data for Name: products_product; Type: TABLE DATA; Schema: public; Owner: postgres
--

COPY public.products_product (id, "ProductName", "ProductDescription", "QuantityPerUnit", "UnitPrice", "UnitWeight", "OutOfStock", "DiscountAvailable", "Discount", "Rating", "Publish_Date", "Category_id", "MatCategory_id", "Supplier_id", "Stock", "DiscountPercentage", height, watt, width) FROM stdin;
4	Woody lamp	Woody lamp	1	300.00	50.00	f	f	0.00	5.00	2025-01-29 19:53:42.517665+00	11	\N	133	400	0.00	\N	\N	\N
5	Woody Clock	Woody Clock	1	300.00	50.00	f	f	0.00	5.00	2025-01-29 19:54:49.828492+00	11	\N	129	400	0.00	\N	\N	\N
6	Handmade Necklace For Men	Handmade Necklace For Men	1	300.00	50.00	f	f	0.00	5.00	2025-01-29 19:56:21.243343+00	6	\N	127	400	0.00	\N	\N	\N
7	Handmade Medal Elegant Key Chain	Handmade Medal Elegant Key Chain	1	300.00	50.00	f	f	0.00	5.00	2025-01-29 19:57:07.943975+00	6	\N	125	400	0.00	\N	\N	\N
9	NECKLACES\\ FI6	NECKLACES\\ FI6	1	300.00	50.00	f	f	0.00	5.00	2025-01-29 19:58:32.853157+00	6	\N	116	400	0.00	\N	\N	\N
10	NECKLACES\\ FI7	NECKLACES\\ FI7	1	300.00	50.00	f	f	0.00	5.00	2025-01-29 19:59:17.172513+00	6	\N	124	400	0.00	\N	\N	\N
49	mm	ccc	14	80.00	88.00	f	f	0.00	5.00	2025-07-20 09:02:03.786679+00	2	\N	136	6	0.00	\N	\N	\N
48	mody	cccnh	99	89.00	58.00	f	f	0.00	5.00	2025-07-20 08:57:14.293223+00	7	\N	136	58	0.00	\N	\N	\N
8	Bracelets	Bracelets	1	300.00	50.00	f	f	0.00	5.00	2025-01-29 19:57:52.58941+00	6	\N	125	37	0.00	\N	\N	\N
50	Soft Grip Crochet Hooks 6 Pack	Soft Grip Crochet Hooks 6 Pack\r\nSoft Grip Crochet Hooks 6 Pack\r\nSoft Grip Crochet Hooks 6 Pack\r\nSoft Grip Crochet Hooks 6 Pack\r\nSoft Grip Crochet Hooks 6 Pack\r\nSoft Grip Crochet Hooks 6 Pack\r\nSoft Grip Crochet Hooks 6 Pack	1000	4500.00	350.00	f	f	500.00	4.30	2025-07-23 07:36:53.899811+00	\N	6	136	10	10.00	100.00	80.00	90.00
51	LABTOP	labtop from waleed darwesh	1000	2116.00	60.00	f	f	184.00	4.50	2025-07-24 17:18:36.634394+00	6	\N	101	9	8.00	75.00	80.00	63.00
46	الجمعه	يوم الجمعة 11/7	5	1819.07	150.00	f	t	158.18	5.00	2025-07-11 20:37:44.846366+00	\N	6	136	8	8.00	70.00	90.00	50.00
53	Teal cotton fresh	ilktu,itu,otl;ouiktj	1000	410.64	87.00	f	f	21.61	5.00	2025-08-24 23:42:12.927755+00	\N	6	136	7	5.00	87.00	47.00	87.00
54	mouse	ف5بلغعاهتخنحمنختهاعلغبفيقفبلتانم	1000	43.74	65.00	f	f	4.86	5.00	2025-08-25 08:43:09.346104+00	\N	6	137	152	10.00	\N	\N	\N
47	motor	dayun 4	54	26000.00	45.00	f	f	0.00	5.00	2025-07-16 10:38:23.704035+00	6	7	136	1	0.00	48.00	87.00	55.00
\.


--
-- Data for Name: products_proimage; Type: TABLE DATA; Schema: public; Owner: postgres
--

COPY public.products_proimage (id, image, product_id) FROM stdin;
24	product_images/25/06/26/p.png	10
25	product_images/25/06/26/p_egaEPWv.png	9
26	product_images/25/06/26/p_mGgC9hF.png	8
27	product_images/25/06/26/p_pb1TWPb.png	7
28	product_images/25/06/26/p_XLOQ0zA.png	6
29	product_images/25/06/26/p_6e9Eowj.png	5
30	product_images/25/06/26/p_YbZkWmz.png	4
34	product_images/25/06/27/1_3.jpg	10
33	product_images/25/06/27/1.jpg	10
36	product_images/25/06/27/download.jpeg	4
37	product_images/25/06/27/download_2jTG56S.jpeg	7
99	product_images/25/07/11/scaled_1000269347.jpg	46
100	product_images/25/07/11/scaled_1000270074.jpg	46
101	product_images/25/07/11/scaled_1000269704.jpg	46
102	product_images/25/07/16/7735fd80-29cb-4021-83ef-39e321f9b71c.jpg	47
103	product_images/25/07/16/1d21e1e8-99e6-49e9-b87c-8e559b28bcef.jpg	47
104	product_images/25/07/16/f7c2cf2d-6086-4a2a-9ace-20822de3f2f1.jpg	47
105	product_images/25/07/20/e5c30933-6078-4055-b621-2472bb55bec4.jpg	48
106	product_images/25/07/20/e63d08f8-4e1a-40f8-b817-1c6fc33e72bb.jpg	48
107	product_images/25/07/20/02288643-b153-48de-b509-c3efbf72fa7e.jpg	48
108	product_images/25/07/20/2665642d-d0c1-48a9-813b-eb4f25991fb3.jpg	49
109	product_images/25/07/20/723e0d5f-8288-47d2-b75a-ac4691649921.jpg	49
110	product_images/25/07/20/d41be160-83ab-4749-90f4-5ca57c539552.jpg	49
111	product_images/25/07/24/labtop.jpg	51
115	product_images/25/07/28/motor.jpeg	47
116	product_images/25/08/24/Endpoints.jpg	53
\.


--
-- Data for Name: products_prosizes; Type: TABLE DATA; Schema: public; Owner: postgres
--

COPY public.products_prosizes (id, "Size", product_id) FROM stdin;
6	1	5
7	2	5
8	3	5
42	S	46
43	M	46
44	M	47
45	XXL	47
46	M	48
47	XL	48
48	S	49
49	L	49
\.


--
-- Data for Name: returnrequest_balance_withdraw_request; Type: TABLE DATA; Schema: public; Owner: postgres
--

COPY public.returnrequest_balance_withdraw_request (id, transfer_number, transfer_type, transfer_status, amount, notes, user_id) FROM stdin;
\.


--
-- Data for Name: returnrequest_returnrequest; Type: TABLE DATA; Schema: public; Owner: postgres
--

COPY public.returnrequest_returnrequest (id, quantity, from_state, to_state, confirmation_code, delivery_confirmed_at, status, amount, created_at, updated_at, from_address_id, product_id, supplier_id, to_address_id, user_id, order_id, delivery_person_id) FROM stdin;
\.


--
-- Data for Name: returnrequest_transactions; Type: TABLE DATA; Schema: public; Owner: postgres
--

COPY public.returnrequest_transactions (id, transaction_type, amount, created_at, user_id) FROM stdin;
1	Cash Back	17.50	2025-08-07 02:11:09.55677+00	159
2	Cash Back	17.50	2025-08-07 02:37:22.854403+00	159
3	Cash Back	17.50	2025-08-08 18:48:01.265898+00	159
4	Cash Back	17.50	2025-08-11 00:54:39.85405+00	159
5	Cash Back	17.50	2025-08-11 01:38:43.561787+00	159
6	Cash Back	32.50	2025-09-01 22:46:55.628362+00	159
7	Cash Back	17.50	2025-09-01 23:06:47.410895+00	159
8	Cash Back	17.50	2025-09-01 23:08:55.044518+00	159
9	Cash Back	17.50	2025-09-01 23:09:12.510793+00	159
10	Cash Back	17.50	2025-09-02 13:39:24.958986+00	159
11	Cash Back	81.00	2025-09-02 16:59:49.311854+00	159
12	Cash Back	153.50	2025-09-02 17:01:37.917876+00	159
13	Cash Back	81.00	2025-09-02 18:53:30.385682+00	159
14	Cash Back	156.00	2025-09-02 19:56:03.73592+00	159
15	Cash Back	81.00	2025-09-02 21:08:23.437274+00	159
16	Cash Back	81.00	2025-09-02 21:22:29.01713+00	159
17	Cash Back	81.00	2025-09-02 21:54:19.52348+00	159
18	Cash Back	81.00	2025-09-03 15:36:11.634084+00	159
19	Cash Back	81.00	2025-09-04 14:09:55.621977+00	159
\.


--
-- Data for Name: reviews_review; Type: TABLE DATA; Schema: public; Owner: postgres
--

COPY public.reviews_review (id, rating, comment, created_at, course_id, customer_id, delivery_id, product_id, supplier_id, ease_of_place_order, image, product_packaging, speed_of_delivery) FROM stdin;
2	4	زي الفل موت الموووت	2025-09-05 22:35:17.760279+00	10	33	\N	49	136	\N	product_reviews_images/25/09/05/me.jpg	\N	\N
3	2	توب التوب	2025-09-05 23:32:47.81079+00	8	36	\N	46	136	\N	product_reviews_images/25/09/05/cover.jpg	\N	\N
4	5	مووووووت	2025-09-05 23:33:34.976396+00	3	39	\N	49	136	\N	product_reviews_images/25/09/05/rezk.jpg	\N	\N
5	5	مطرشمات	2025-09-05 23:34:58.998867+00	\N	40	\N	53	136	\N	product_reviews_images/25/09/05/cover_c7a0JVq.jpg	\N	\N
6	4	قققققققققققققققققلارغنمهعم	2025-09-05 23:36:38.739603+00	\N	46	\N	47	136	\N		\N	\N
7	3	قثللاغفتن8هعغمونه87زه	2025-09-05 23:37:20.819131+00	\N	49	\N	10	136	\N		\N	\N
8	4	جامد	2025-09-05 23:38:53.716585+00	\N	52	\N	10	136	\N	product_reviews_images/25/09/05/me_sfhPEwH.jpg	\N	\N
\.


--
-- Data for Name: token_blacklist_blacklistedtoken; Type: TABLE DATA; Schema: public; Owner: postgres
--

COPY public.token_blacklist_blacklistedtoken (id, blacklisted_at, token_id) FROM stdin;
1	2025-01-02 23:49:00.196346+00	53
2	2025-01-12 02:01:53.602733+00	71
3	2025-07-12 02:39:42.924728+00	193
4	2025-07-12 02:41:01.634654+00	194
5	2025-07-12 02:42:55.776523+00	195
6	2025-07-16 09:52:32.951135+00	205
7	2025-07-16 09:58:58.606807+00	207
8	2025-07-16 10:01:41.092143+00	209
9	2025-07-16 10:04:31.987823+00	211
10	2025-07-16 10:06:55.14488+00	213
11	2025-07-16 10:15:18.667484+00	215
12	2025-07-16 10:27:05.988018+00	217
13	2025-07-20 09:04:27.970744+00	221
14	2025-07-20 09:05:24.74334+00	223
15	2025-07-20 12:09:42.689641+00	227
16	2025-07-25 03:52:57.140981+00	236
17	2025-07-28 08:25:12.092778+00	243
18	2025-07-28 08:26:04.704637+00	245
19	2025-07-30 08:05:06.629979+00	251
20	2025-07-30 08:54:41.49301+00	254
21	2025-07-30 12:08:41.274828+00	256
22	2025-07-31 23:40:30.535023+00	267
23	2025-08-03 07:54:59.342219+00	271
24	2025-08-03 08:43:27.080171+00	274
25	2025-09-04 21:24:26.295883+00	336
\.


--
-- Data for Name: token_blacklist_outstandingtoken; Type: TABLE DATA; Schema: public; Owner: postgres
--

COPY public.token_blacklist_outstandingtoken (id, token, created_at, expires_at, user_id, jti) FROM stdin;
1	eyJhbGciOiJIUzI1NiIsInR5cCI6IkpXVCJ9.eyJ0b2tlbl90eXBlIjoicmVmcmVzaCIsImV4cCI6MTczNDA0NjYxNCwiaWF0IjoxNzMzOTYwMjE0LCJqdGkiOiJiYzdlOTQwNzBmNTI0MDI3YjI5MDQ3OTlkMDkyNGUxNiIsInVzZXJfaWQiOjF9._sbUq-3vJ1KxLbZ3xq3-QeVl-JwFY3rQXYcY4-OdXFA	2024-12-11 23:36:54.309699+00	2024-12-12 23:36:54+00	1	bc7e94070f524027b2904799d0924e16
2	eyJhbGciOiJIUzI1NiIsInR5cCI6IkpXVCJ9.eyJ0b2tlbl90eXBlIjoicmVmcmVzaCIsImV4cCI6MTczNDExMjg1OSwiaWF0IjoxNzM0MDI2NDU5LCJqdGkiOiJkNGIxMWQxMzdmMzQ0ZjZkYWNlYzQ2NmFlNjY3MTc4YiIsInVzZXJfaWQiOjF9.aUevO48YW6sNz_lsEnQPDnuXPLxcY-nVSI4avjptaWY	2024-12-12 18:00:59.7713+00	2024-12-13 18:00:59+00	1	d4b11d137f344f6dacec466ae667178b
3	eyJhbGciOiJIUzI1NiIsInR5cCI6IkpXVCJ9.eyJ0b2tlbl90eXBlIjoicmVmcmVzaCIsImV4cCI6MTczNDExMzg1NCwiaWF0IjoxNzM0MDI3NDU0LCJqdGkiOiJkZDJjNzUzOGZjYWI0NGE3ODc5NzUwNDQ0ZjBjZWM4ZSIsInVzZXJfaWQiOjF9.O5Jvn3xqEmSLHLv6-ugLzDwzXdBy94maQ0d7Aa0ZmYg	2024-12-12 18:17:34.320926+00	2024-12-13 18:17:34+00	1	dd2c7538fcab44a7879750444f0cec8e
76	eyJhbGciOiJIUzI1NiIsInR5cCI6IkpXVCJ9.eyJ0b2tlbl90eXBlIjoicmVmcmVzaCIsImV4cCI6MTczNjgyNjcxMSwiaWF0IjoxNzM2NzQwMzExLCJqdGkiOiJmOTJkZmZlMjg1MWE0YzhlYTY2YTgxNzkyZmZiM2M3OCIsInVzZXJfaWQiOjE2MH0.SF0RDz7NooeB6IHkaaw96FCdftjyCmIwwaFVDPlZ4xE	2025-01-13 03:51:51.733855+00	2025-01-14 03:51:51+00	\N	f92dffe2851a4c8ea66a81792ffb3c78
81	eyJhbGciOiJIUzI1NiIsInR5cCI6IkpXVCJ9.eyJ0b2tlbl90eXBlIjoicmVmcmVzaCIsImV4cCI6MTczNjkwNTkwNCwiaWF0IjoxNzM2ODE5NTA0LCJqdGkiOiIxYjE0ODI3YjU3NDU0ZDdmODk2YmUzMDI1MjhkY2ZjOSIsInVzZXJfaWQiOjE2MH0.D50VXZ-mVv0EpJ1pvISuc2gVgU0X50ZmUXnUCo_J9S8	2025-01-14 01:51:44.035755+00	2025-01-15 01:51:44+00	\N	1b14827b57454d7f896be302528dcfc9
4	eyJhbGciOiJIUzI1NiIsInR5cCI6IkpXVCJ9.eyJ0b2tlbl90eXBlIjoicmVmcmVzaCIsImV4cCI6MTczNDIwOTU5MywiaWF0IjoxNzM0MTIzMTkzLCJqdGkiOiI0MzdjY2E3NTY2NTU0MmJiYTNhMWM1NmIwNDRhNWFjNCIsInVzZXJfaWQiOjd9.U8Fca1U-mH4OwLVR29Kdy2WtwaEqrPkpm_01EDN8WRg	2024-12-13 20:53:13.82231+00	2024-12-14 20:53:13+00	\N	437cca75665542bba3a1c56b044a5ac4
5	eyJhbGciOiJIUzI1NiIsInR5cCI6IkpXVCJ9.eyJ0b2tlbl90eXBlIjoicmVmcmVzaCIsImV4cCI6MTczNDIxMjI2MCwiaWF0IjoxNzM0MTI1ODYwLCJqdGkiOiJkM2M4N2M3M2YwZGQ0MjQ3ODVmMmUzNThlMWUxNDVlMSIsInVzZXJfaWQiOjh9.A-mtUXUxgiJb1ruH_q8K000HzJ_J1uxQ2weWZdiFzok	2024-12-13 21:37:40.917631+00	2024-12-14 21:37:40+00	\N	d3c87c73f0dd424785f2e358e1e145e1
6	eyJhbGciOiJIUzI1NiIsInR5cCI6IkpXVCJ9.eyJ0b2tlbl90eXBlIjoicmVmcmVzaCIsImV4cCI6MTczNDU2ODM5MSwiaWF0IjoxNzM0NDgxOTkxLCJqdGkiOiJjOGI5ZGQ1MjI3NDI0YTkzYTJkOTlkZjk1ZjU5NzUzYSIsInVzZXJfaWQiOjh9.mznatdzKyGSbiSRfq7e8NYOXNMH-3KdhurlAYyY7MJ4	2024-12-18 00:33:11.46133+00	2024-12-19 00:33:11+00	\N	c8b9dd5227424a93a2d99df95f59753a
7	eyJhbGciOiJIUzI1NiIsInR5cCI6IkpXVCJ9.eyJ0b2tlbl90eXBlIjoicmVmcmVzaCIsImV4cCI6MTczNDU2ODQyNiwiaWF0IjoxNzM0NDgyMDI2LCJqdGkiOiIyZjNiNjRmYzVjMTc0NzYwYjkwZjNlNjQwYmIwYzBmMiIsInVzZXJfaWQiOjh9.jwnnSiDrmJDcRRfJExyr6FBtXGdlGkNuoVLzn2wbFzI	2024-12-18 00:33:46.219212+00	2024-12-19 00:33:46+00	\N	2f3b64fc5c174760b90f3e640bb0c0f2
8	eyJhbGciOiJIUzI1NiIsInR5cCI6IkpXVCJ9.eyJ0b2tlbl90eXBlIjoicmVmcmVzaCIsImV4cCI6MTczNDU2ODQyOSwiaWF0IjoxNzM0NDgyMDI5LCJqdGkiOiJkNWEzODRmY2VjY2M0Y2I0OTMxOWQwZDM1MTdjOGIzZCIsInVzZXJfaWQiOjh9._lXh3tt6KmPQfB2C-JXod4jLjCFhaCCYildZO50K_zw	2024-12-18 00:33:49.9228+00	2024-12-19 00:33:49+00	\N	d5a384fceccc4cb49319d0d3517c8b3d
85	eyJhbGciOiJIUzI1NiIsInR5cCI6IkpXVCJ9.eyJ0b2tlbl90eXBlIjoicmVmcmVzaCIsImV4cCI6MTczNzE2MzQ2NCwiaWF0IjoxNzM3MDc3MDY0LCJqdGkiOiI1YjRlOWNjMjRiYmU0YjMxODFlYjgxNTAzODBhZTE0MSIsInVzZXJfaWQiOjE2Nn0.ZCNSY2sBXUrHE2yZa2xwR48sNOjqCI_D5jq4AKlMgvY	2025-01-17 01:24:24.069462+00	2025-01-18 01:24:24+00	\N	5b4e9cc24bbe4b3181eb8150380ae141
90	eyJhbGciOiJIUzI1NiIsInR5cCI6IkpXVCJ9.eyJ0b2tlbl90eXBlIjoicmVmcmVzaCIsImV4cCI6MTczNzIzODY2NSwiaWF0IjoxNzM3MTUyMjY1LCJqdGkiOiIyMDRjMGJlYzliOWI0OGJkOWZjZDU2ZjhkMTc4ZmU3MyIsInVzZXJfaWQiOjE1OX0.OrMa_wiE_gdNsCSJcX8U3RGF-rRbTCnvJfjDG4mpIeE	2025-01-17 22:17:45.252202+00	2025-01-18 22:17:45+00	159	204c0bec9b9b48bd9fcd56f8d178fe73
95	eyJhbGciOiJIUzI1NiIsInR5cCI6IkpXVCJ9.eyJ0b2tlbl90eXBlIjoicmVmcmVzaCIsImV4cCI6MTczODE4MjY2OCwiaWF0IjoxNzM4MDk2MjY4LCJqdGkiOiI1Nzc1ZGVjMjkxZDY0NzMzOWFhN2ZmOTIyOWI3ZmRlMCIsInVzZXJfaWQiOjE2OX0.sCuB0HW1B4i1xrzUIcz6y8YLHEevG5if2Av0sDX679k	2025-01-28 20:31:08.332633+00	2025-01-29 20:31:08+00	\N	5775dec291d647339aa7ff9229b7fde0
89	eyJhbGciOiJIUzI1NiIsInR5cCI6IkpXVCJ9.eyJ0b2tlbl90eXBlIjoicmVmcmVzaCIsImV4cCI6MTczNzE3MTk2NywiaWF0IjoxNzM3MDg1NTY3LCJqdGkiOiJmNmFkZmRlZDhjMWU0YTUyOTk5NWJjNGY1Y2UyYTI5ZSIsInVzZXJfaWQiOjE2OX0.PCoYomGVhsYw1l-3cIU8vev0x4bp8uHiQP80kWFikEQ	2025-01-17 03:46:07.786286+00	2025-01-18 03:46:07+00	\N	f6adfded8c1e4a529995bc4f5ce2a29e
102	eyJhbGciOiJIUzI1NiIsInR5cCI6IkpXVCJ9.eyJ0b2tlbl90eXBlIjoicmVmcmVzaCIsImV4cCI6MTc0NzczMjM5NiwiaWF0IjoxNzQ3NjQ1OTk2LCJqdGkiOiJiOTRhMjIxMWNjYWY0NDJiYTVmODRiZWVkMzI2M2E1MCIsInVzZXJfaWQiOjIxNn0.pFXdAbvBhLei_0xasif95f1HqhTg9payBG1zVA8-jxI	2025-05-19 09:13:16.794457+00	2025-05-20 09:13:16+00	216	b94a2211ccaf442ba5f84beed3263a50
104	eyJhbGciOiJIUzI1NiIsInR5cCI6IkpXVCJ9.eyJ0b2tlbl90eXBlIjoicmVmcmVzaCIsImV4cCI6MTc0NzczMzczMCwiaWF0IjoxNzQ3NjQ3MzMwLCJqdGkiOiIyNzcwYjVhMzQwY2Y0MTFlYTcxNjQ3N2QyZDUzNDQyYiIsInVzZXJfaWQiOjIxNn0.FIZjfizOvsBFA3tydR7NEp8y_shv7gcai470CEEVLSM	2025-05-19 09:35:30.61702+00	2025-05-20 09:35:30+00	216	2770b5a340cf411ea716477d2d53442b
106	eyJhbGciOiJIUzI1NiIsInR5cCI6IkpXVCJ9.eyJ0b2tlbl90eXBlIjoicmVmcmVzaCIsImV4cCI6MTc0NzgxNTYyOCwiaWF0IjoxNzQ3NzI5MjI4LCJqdGkiOiIwNzAxOGVkYjk3NDA0ZGJjOGExMDU2NDJjMDEyMTFjNiIsInVzZXJfaWQiOjIxNn0.FWWzcJIaQ03nlxnV6a54h8Y62OVXxqCa7atpTHrWG2E	2025-05-20 08:20:28.644948+00	2025-05-21 08:20:28+00	216	07018edb97404dbc8a105642c01211c6
107	eyJhbGciOiJIUzI1NiIsInR5cCI6IkpXVCJ9.eyJ0b2tlbl90eXBlIjoicmVmcmVzaCIsImV4cCI6MTc0ODUyMjEyOCwiaWF0IjoxNzQ4NDM1NzI4LCJqdGkiOiIzZTllNGNjODM5NmE0YjA3YTE3YzBmNmZkOGE0NzJkZCIsInVzZXJfaWQiOjIxNn0.dVfBlwBQqCz_ArQFbENr4c0swhxedgaOAhYOVd_n1uc	2025-05-28 12:35:28.044646+00	2025-05-29 12:35:28+00	216	3e9e4cc8396a4b07a17c0f6fd8a472dd
9	eyJhbGciOiJIUzI1NiIsInR5cCI6IkpXVCJ9.eyJ0b2tlbl90eXBlIjoicmVmcmVzaCIsImV4cCI6MTczNDU3MTE2MywiaWF0IjoxNzM0NDg0NzYzLCJqdGkiOiI1ODQyMDg0ODkyMjg0NDVjODAwYzMwMGI3MjgyMjFkYiIsInVzZXJfaWQiOjMwfQ.Tt4OwLP4f3QCav2K0ABKeQHz5hLo1XKw0pfX1vIuxYk	2024-12-18 01:19:23.263654+00	2024-12-19 01:19:23+00	\N	584208489228445c800c300b728221db
10	eyJhbGciOiJIUzI1NiIsInR5cCI6IkpXVCJ9.eyJ0b2tlbl90eXBlIjoicmVmcmVzaCIsImV4cCI6MTczNDg3NjI2NCwiaWF0IjoxNzM0Nzg5ODY0LCJqdGkiOiIxMDMyMjA1NjkxZDc0ZGY5OTdjOTkxOTNhNTdkNGQyOCIsInVzZXJfaWQiOjMwfQ.d8Jdccc0JaiUVfDtSl3wU7MdLcCg7WniNv5fN8yAWLE	2024-12-21 14:04:24.590532+00	2024-12-22 14:04:24+00	\N	1032205691d74df997c99193a57d4d28
11	eyJhbGciOiJIUzI1NiIsInR5cCI6IkpXVCJ9.eyJ0b2tlbl90eXBlIjoicmVmcmVzaCIsImV4cCI6MTczNDg3ODgyMSwiaWF0IjoxNzM0NzkyNDIxLCJqdGkiOiJjMDQ1MmExOTZjMTc0ZmI0YmI2ZDQyZDlhNzFmNDU3ZCIsInVzZXJfaWQiOjMwfQ.ixtcy9WkABASxQtJinecqq25nEEV_U8A57pL-S3CWGA	2024-12-21 14:47:01.929026+00	2024-12-22 14:47:01+00	\N	c0452a196c174fb4bb6d42d9a71f457d
12	eyJhbGciOiJIUzI1NiIsInR5cCI6IkpXVCJ9.eyJ0b2tlbl90eXBlIjoicmVmcmVzaCIsImV4cCI6MTczNDg3OTg3NSwiaWF0IjoxNzM0NzkzNDc1LCJqdGkiOiI1NWVhYjQ5YWZiMWY0NTRlOGE3ZDY3MWFkNmM1NGU1YSIsInVzZXJfaWQiOjMwfQ.3AyAOsfCjJmHuGi4R9gRMjZON-1kLzDIkIti_3Zbe7g	2024-12-21 15:04:35.105757+00	2024-12-22 15:04:35+00	\N	55eab49afb1f454e8a7d671ad6c54e5a
13	eyJhbGciOiJIUzI1NiIsInR5cCI6IkpXVCJ9.eyJ0b2tlbl90eXBlIjoicmVmcmVzaCIsImV4cCI6MTczNTU4MjEyNSwiaWF0IjoxNzM1NDk1NzI1LCJqdGkiOiIwMzc2Zjk4MDgwYTk0NzA3YTYwOWNhYmVkZGNkMjdkZSIsInVzZXJfaWQiOjMwfQ.fCNJdSbcYqEcl56_6h0W8mXPmBu4ovGiJf69Ptd8WuI	2024-12-29 18:08:45.224755+00	2024-12-30 18:08:45+00	\N	0376f98080a94707a609cabeddcd27de
77	eyJhbGciOiJIUzI1NiIsInR5cCI6IkpXVCJ9.eyJ0b2tlbl90eXBlIjoicmVmcmVzaCIsImV4cCI6MTczNjg5NjY1MCwiaWF0IjoxNzM2ODEwMjUwLCJqdGkiOiIxZTQyN2EwZTNlNzY0YTZhOTRmNWJmN2FiYmEwZGM2MyIsInVzZXJfaWQiOjE2MH0.73cqenzVeQKOfMUSz1NkXuq9YeeQRjBWxMl-jhTtdJA	2025-01-13 23:17:30.558651+00	2025-01-14 23:17:30+00	\N	1e427a0e3e764a6a94f5bf7abba0dc63
82	eyJhbGciOiJIUzI1NiIsInR5cCI6IkpXVCJ9.eyJ0b2tlbl90eXBlIjoicmVmcmVzaCIsImV4cCI6MTczNjkwNTkxNCwiaWF0IjoxNzM2ODE5NTE0LCJqdGkiOiI3Mjk0MGQ2MTVmNjk0MTg5ODZkN2FiYzBjMTJkMGE0ZSIsInVzZXJfaWQiOjE2MH0.ysY4djj7_cpR-rZo9seLgTKWMFldKwVD_4Jyt9BKOGI	2025-01-14 01:51:54.63163+00	2025-01-15 01:51:54+00	\N	72940d615f69418986d7abc0c12d0a4e
24	eyJhbGciOiJIUzI1NiIsInR5cCI6IkpXVCJ9.eyJ0b2tlbl90eXBlIjoicmVmcmVzaCIsImV4cCI6MTczNTY3NDY5MywiaWF0IjoxNzM1NTg4MjkzLCJqdGkiOiI0ZDdlZGE2ZDI2OTg0OTkyYWMyNTZhN2ZjYmRlNTZmMCIsInVzZXJfaWQiOjF9.LY4BLYK8iHfos_QKfoe9kfeJAou28p5fJTzR_j7Cs2g	2024-12-30 19:51:33.308037+00	2024-12-31 19:51:33+00	1	4d7eda6d26984992ac256a7fcbde56f0
86	eyJhbGciOiJIUzI1NiIsInR5cCI6IkpXVCJ9.eyJ0b2tlbl90eXBlIjoicmVmcmVzaCIsImV4cCI6MTczNzE2ODM1OCwiaWF0IjoxNzM3MDgxOTU4LCJqdGkiOiI5YTc0ZTVkNjY2OTc0YjgzOWVmMzgzZTBiNzU0YjA4NiIsInVzZXJfaWQiOjE2OX0.5ilwmCgXb06xL_Ndr18l4SEi3XXaiYKWt7pkxchHvbs	2025-01-17 02:45:58.965278+00	2025-01-18 02:45:58+00	\N	9a74e5d666974b839ef383e0b754b086
91	eyJhbGciOiJIUzI1NiIsInR5cCI6IkpXVCJ9.eyJ0b2tlbl90eXBlIjoicmVmcmVzaCIsImV4cCI6MTczNzI0MTAxMCwiaWF0IjoxNzM3MTU0NjEwLCJqdGkiOiJkMTMyNGE0YTA4MGY0YTRlYjIyM2NmMGVhNWY1OTY3NiIsInVzZXJfaWQiOjE2OX0.C_LqvK4_kzgMLKGv7Wex0gnTzrj8-38UIiPNIQ-6bhg	2025-01-17 22:56:50.141941+00	2025-01-18 22:56:50+00	\N	d1324a4a080f4a4eb223cf0ea5f59676
96	eyJhbGciOiJIUzI1NiIsInR5cCI6IkpXVCJ9.eyJ0b2tlbl90eXBlIjoicmVmcmVzaCIsImV4cCI6MTczODE4MjczMCwiaWF0IjoxNzM4MDk2MzMwLCJqdGkiOiI2ZWY5YWE1MDJhYTE0ODNhYTFjM2E1MDViNmFkOTY2YiIsInVzZXJfaWQiOjE2OX0.zuWyA5qqwwlhCIotbE6V5U1VmDk0L_5n3ozuKcGCHpQ	2025-01-28 20:32:10.277447+00	2025-01-29 20:32:10+00	\N	6ef9aa502aa1483aa1c3a505b6ad966b
33	eyJhbGciOiJIUzI1NiIsInR5cCI6IkpXVCJ9.eyJ0b2tlbl90eXBlIjoicmVmcmVzaCIsImV4cCI6MTczNTc1NDk2MiwiaWF0IjoxNzM1NjY4NTYyLCJqdGkiOiJhN2FiN2Q5NTAyYmU0Njc5YmQ3MDIwMTRkYmRmMjUwOCIsInVzZXJfaWQiOjF9.kGr4qL1PfLNIXBeCxzoFIYCP9hFpKy82h1FXq21hXPI	2024-12-31 18:09:22.336434+00	2025-01-01 18:09:22+00	1	a7ab7d9502be4679bd702014dbdf2508
98	eyJhbGciOiJIUzI1NiIsInR5cCI6IkpXVCJ9.eyJ0b2tlbl90eXBlIjoicmVmcmVzaCIsImV4cCI6MTc0NzIxMDI5MCwiaWF0IjoxNzQ3MTIzODkwLCJqdGkiOiI0OTM3M2U0YmFmZDY0MThiODgxZjVlZGY1NDZmMzJmYyIsInVzZXJfaWQiOjE2OX0.YNRAZEuOsQDqSsfbH2hVWGhsYjY5fwd9cvZdf4DL6k8	2025-05-13 08:11:30.785035+00	2025-05-14 08:11:30+00	\N	49373e4bafd6418b881f5edf546f32fc
100	eyJhbGciOiJIUzI1NiIsInR5cCI6IkpXVCJ9.eyJ0b2tlbl90eXBlIjoicmVmcmVzaCIsImV4cCI6MTc0NzQ3NTMzMywiaWF0IjoxNzQ3Mzg4OTMzLCJqdGkiOiI5YTAxYWNiOGMwODI0MDg1ODBlYjU2NzQxMGYzMDI0NCIsInVzZXJfaWQiOjE2OX0.verPAMtPMq1uhqqUqkeBHpvlS8YQyioki1LZ9ECV5dI	2025-05-16 09:48:53.258283+00	2025-05-17 09:48:53+00	\N	9a01acb8c082408580eb567410f30244
36	eyJhbGciOiJIUzI1NiIsInR5cCI6IkpXVCJ9.eyJ0b2tlbl90eXBlIjoicmVmcmVzaCIsImV4cCI6MTczNTc3MTQzNCwiaWF0IjoxNzM1Njg1MDM0LCJqdGkiOiI2MzkyMjJiNTFiNzg0ZThmYWNkMWUyMjQzN2ZkYjM0NyIsInVzZXJfaWQiOjF9.eOsPyUCZr1Ke-tTHPmOVQfvCQepSQSYSRPBP1dXAQko	2024-12-31 22:43:54.7542+00	2025-01-01 22:43:54+00	1	639222b51b784e8facd1e22437fdb347
37	eyJhbGciOiJIUzI1NiIsInR5cCI6IkpXVCJ9.eyJ0b2tlbl90eXBlIjoicmVmcmVzaCIsImV4cCI6MTczNTc3NDgzOCwiaWF0IjoxNzM1Njg4NDM4LCJqdGkiOiJmZDBlMWI0ZDcwMjQ0N2I0ODRlMGNlNmI4YmFmYzc4YiIsInVzZXJfaWQiOjF9.Z1MtUTXRLRMwuF6ncAl_I1Sq5Tg1b4Ebuc18AqIzKrM	2024-12-31 23:40:38.869657+00	2025-01-01 23:40:38+00	1	fd0e1b4d702447b484e0ce6b8bafc78b
38	eyJhbGciOiJIUzI1NiIsInR5cCI6IkpXVCJ9.eyJ0b2tlbl90eXBlIjoicmVmcmVzaCIsImV4cCI6MTczNTc3ODUxMSwiaWF0IjoxNzM1NjkyMTExLCJqdGkiOiJiNjk2OTNkYmM5MDI0YzZmYjU0NjUyNDY2YjgxZTM4MiIsInVzZXJfaWQiOjF9.AbUPjndUrhd6iPmH3ePvw2xy9Y2W1UW9c8SgIiSZVjY	2025-01-01 00:41:51.363026+00	2025-01-02 00:41:51+00	1	b69693dbc9024c6fb54652466b81e382
39	eyJhbGciOiJIUzI1NiIsInR5cCI6IkpXVCJ9.eyJ0b2tlbl90eXBlIjoicmVmcmVzaCIsImV4cCI6MTczNTc5MDM2MiwiaWF0IjoxNzM1NzAzOTYyLCJqdGkiOiI0NGJjNzZlNThiYmM0ODAyOGZhMjk1OGFlNTQ5NWI5OCIsInVzZXJfaWQiOjF9.Jgqx1zdyAIP9AamXiN7SLEVTTyeosXLPde9bISHrn1Y	2025-01-01 03:59:22.39272+00	2025-01-02 03:59:22+00	1	44bc76e58bbc48028fa2958ae5495b98
101	eyJhbGciOiJIUzI1NiIsInR5cCI6IkpXVCJ9.eyJ0b2tlbl90eXBlIjoicmVmcmVzaCIsImV4cCI6MTc0NzcyODUzOCwiaWF0IjoxNzQ3NjQyMTM4LCJqdGkiOiI3NzVlNWU1YmM5NzA0ZDA3YmE4MDE0NDA5MTc2ZWI2MSIsInVzZXJfaWQiOjIxNn0.47DCf9VDW72LvxptHgp6CqY_HWGZ_kAnr_VFrgz6LXk	2025-05-19 08:08:58.798156+00	2025-05-20 08:08:58+00	216	775e5e5bc9704d07ba8014409176eb61
103	eyJhbGciOiJIUzI1NiIsInR5cCI6IkpXVCJ9.eyJ0b2tlbl90eXBlIjoicmVmcmVzaCIsImV4cCI6MTc0NzczMzYyMywiaWF0IjoxNzQ3NjQ3MjIzLCJqdGkiOiJkMzNhMGJlMmZhNDA0MDQzOWVjODc2ZjdlOGI2ODRhNSIsInVzZXJfaWQiOjIxNn0.9suIOQEpS1LXEX3QaDnzVMQo__BbAKbY3kLqKa1rtsQ	2025-05-19 09:33:43.442191+00	2025-05-20 09:33:43+00	216	d33a0be2fa4040439ec876f7e8b684a5
105	eyJhbGciOiJIUzI1NiIsInR5cCI6IkpXVCJ9.eyJ0b2tlbl90eXBlIjoicmVmcmVzaCIsImV4cCI6MTc0NzgxMzk0NywiaWF0IjoxNzQ3NzI3NTQ3LCJqdGkiOiI0OTg2Njk2ZDhmZWI0YzIxYjRkYTU4ZmY1ZTBkM2JmYyIsInVzZXJfaWQiOjIxNn0.BGN2Do8Go94PnEAye-I4uE2eH7a-Ak5NRA6WcSVzACs	2025-05-20 07:52:27.77934+00	2025-05-21 07:52:27+00	216	4986696d8feb4c21b4da58ff5e0d3bfc
20	eyJhbGciOiJIUzI1NiIsInR5cCI6IkpXVCJ9.eyJ0b2tlbl90eXBlIjoicmVmcmVzaCIsImV4cCI6MTczNTYxNTYyMSwiaWF0IjoxNzM1NTI5MjIxLCJqdGkiOiJlNmE2YzRkOTUxM2E0NmM0YWFkMzRmZjEyMDIzN2I0ZCIsInVzZXJfaWQiOjYwfQ.SKNGSD-X62UOSxfQQYI0HqIiZ_kh2HHszCNkp_maA4w	2024-12-30 03:27:01.230137+00	2024-12-31 03:27:01+00	\N	e6a6c4d9513a46c4aad34ff120237b4d
78	eyJhbGciOiJIUzI1NiIsInR5cCI6IkpXVCJ9.eyJ0b2tlbl90eXBlIjoicmVmcmVzaCIsImV4cCI6MTczNjg5NzI4MiwiaWF0IjoxNzM2ODEwODgyLCJqdGkiOiJiOTUyNzEyY2JkNjA0NzE1YTk3MDE0N2EzNjk1Y2ZmMyIsInVzZXJfaWQiOjE2MH0.6VaEP5605n4M3QOaD5lWb8g2SO5qdnZ_gMPK6ZU6Duc	2025-01-13 23:28:02.729157+00	2025-01-14 23:28:02+00	\N	b952712cbd604715a970147a3695cff3
83	eyJhbGciOiJIUzI1NiIsInR5cCI6IkpXVCJ9.eyJ0b2tlbl90eXBlIjoicmVmcmVzaCIsImV4cCI6MTczNjkwNTkxOCwiaWF0IjoxNzM2ODE5NTE4LCJqdGkiOiI4ODI0YzNjMDk4ZDk0Mjc4ODc3MDY0ODNlOTJhYzA5MCIsInVzZXJfaWQiOjE2MH0.Fk---UwrMMELXX8de-2EbRrmsKgyxaSTCeCOZPtbFpo	2025-01-14 01:51:58.025011+00	2025-01-15 01:51:58+00	\N	8824c3c098d9427887706483e92ac090
43	eyJhbGciOiJIUzI1NiIsInR5cCI6IkpXVCJ9.eyJ0b2tlbl90eXBlIjoicmVmcmVzaCIsImV4cCI6MTczNTkzMTA0MSwiaWF0IjoxNzM1ODQ0NjQxLCJqdGkiOiI4Y2M2OGI4ZWExZjE0ZTZjOWM2YjM3ZWE1ZjRmZWE1MiIsInVzZXJfaWQiOjEzMH0.3vwaEZapQfEOU49PktUChdgGPL6lF0VvbuUCnfE4mIE	2025-01-02 19:04:01.707717+00	2025-01-03 19:04:01+00	\N	8cc68b8ea1f14e6c9c6b37ea5f4fea52
44	eyJhbGciOiJIUzI1NiIsInR5cCI6IkpXVCJ9.eyJ0b2tlbl90eXBlIjoicmVmcmVzaCIsImV4cCI6MTczNTkzMTU4OCwiaWF0IjoxNzM1ODQ1MTg4LCJqdGkiOiJjYTY2ZDE1NjExNjM0MWE2YWQ1OGMwY2ZhZTE2NTYyOCIsInVzZXJfaWQiOjEzMH0.W4x0i4FrQDln2dAFOUyIZ7anrJU_y8xkLx4GhYoi9ww	2025-01-02 19:13:08.541854+00	2025-01-03 19:13:08+00	\N	ca66d156116341a6ad58c0cfae165628
45	eyJhbGciOiJIUzI1NiIsInR5cCI6IkpXVCJ9.eyJ0b2tlbl90eXBlIjoicmVmcmVzaCIsImV4cCI6MTczNTkzMTkwNiwiaWF0IjoxNzM1ODQ1NTA2LCJqdGkiOiI2NDk2YTlhMGM3MmU0N2NjYmU3ZGU5ZjAzMGMzZWY2NiIsInVzZXJfaWQiOjEzMH0.rhYWYHbQ1-tkUp8WjEDV4FPIBQc_-nExeYbb8a18tQk	2025-01-02 19:18:26.11222+00	2025-01-03 19:18:26+00	\N	6496a9a0c72e47ccbe7de9f030c3ef66
46	eyJhbGciOiJIUzI1NiIsInR5cCI6IkpXVCJ9.eyJ0b2tlbl90eXBlIjoicmVmcmVzaCIsImV4cCI6MTczNTkzMjI1NSwiaWF0IjoxNzM1ODQ1ODU1LCJqdGkiOiJjMjgyNjQ4YWEzMmQ0Zjk3OWZmZDdmN2Y4OTZhYzhiZCIsInVzZXJfaWQiOjEzMH0.RfpZBWynso2qb6iAIJ8cAC_X6_A8GaYp7FrL4nkjGPI	2025-01-02 19:24:15.472196+00	2025-01-03 19:24:15+00	\N	c282648aa32d4f979ffd7f7f896ac8bd
47	eyJhbGciOiJIUzI1NiIsInR5cCI6IkpXVCJ9.eyJ0b2tlbl90eXBlIjoicmVmcmVzaCIsImV4cCI6MTczNTkzMzA1NSwiaWF0IjoxNzM1ODQ2NjU1LCJqdGkiOiI0MDJkZDNhOTcyNTQ0MTYxYTMxZDRmNjM1ZTIwYjAzMSIsInVzZXJfaWQiOjEzMH0.yd-q_wLWFzQewDlmY81PvPM3_b5fKUP77vwOSn2zZYg	2025-01-02 19:37:35.672767+00	2025-01-03 19:37:35+00	\N	402dd3a972544161a31d4f635e20b031
48	eyJhbGciOiJIUzI1NiIsInR5cCI6IkpXVCJ9.eyJ0b2tlbl90eXBlIjoicmVmcmVzaCIsImV4cCI6MTczNTkzNDY5MiwiaWF0IjoxNzM1ODQ4MjkyLCJqdGkiOiI0Yjk3Y2M0MTNmNzg0YmZiOGIyYTYwYjU5MjM1OTg3YiIsInVzZXJfaWQiOjEzMH0.qwJhC_fICFRSYvYHw1zN_z6XekXbcQTM4E9ZchFR7-8	2025-01-02 20:04:52.563165+00	2025-01-03 20:04:52+00	\N	4b97cc413f784bfb8b2a60b59235987b
49	eyJhbGciOiJIUzI1NiIsInR5cCI6IkpXVCJ9.eyJ0b2tlbl90eXBlIjoicmVmcmVzaCIsImV4cCI6MTczNTkzNTM4NiwiaWF0IjoxNzM1ODQ4OTg2LCJqdGkiOiIyZDg4YmI0NTNkNDc0NTQwYjQwYmNmZDA0N2ZmNDNhMiIsInVzZXJfaWQiOjEzMH0.TjPOYUgzbM0o0RitG07cIOfsODtzP2RMd9I_hArWi-o	2025-01-02 20:16:26.666324+00	2025-01-03 20:16:26+00	\N	2d88bb453d474540b40bcfd047ff43a2
50	eyJhbGciOiJIUzI1NiIsInR5cCI6IkpXVCJ9.eyJ0b2tlbl90eXBlIjoicmVmcmVzaCIsImV4cCI6MTczNTkzOTUzMiwiaWF0IjoxNzM1ODUzMTMyLCJqdGkiOiJiODc3ZjdiOWU1Mjk0NGY5OWU5NzUyM2EzN2E3ZDQ4NyIsInVzZXJfaWQiOjEzMX0.GCM0fGEG7CHupa2ZFv8v8rZxSYj05qH26UL7nCu20Ys	2025-01-02 21:25:32.072005+00	2025-01-03 21:25:32+00	\N	b877f7b9e52944f99e97523a37a7d487
92	eyJhbGciOiJIUzI1NiIsInR5cCI6IkpXVCJ9.eyJ0b2tlbl90eXBlIjoicmVmcmVzaCIsImV4cCI6MTczNzI0ODU2NiwiaWF0IjoxNzM3MTYyMTY2LCJqdGkiOiI0YTk5OWZiMjM2NDA0ZjMwYTFmNjFhMmViYmExYjBhMiIsInVzZXJfaWQiOjE3MH0.BV4kqR0Bc7XozSJpA9cGEk641JiFxh9yfIR5vV7uVzE	2025-01-18 01:02:46.781895+00	2025-01-19 01:02:46+00	\N	4a999fb236404f30a1f61a2ebba1b0a2
51	eyJhbGciOiJIUzI1NiIsInR5cCI6IkpXVCJ9.eyJ0b2tlbl90eXBlIjoicmVmcmVzaCIsImV4cCI6MTczNTk0MTAxMywiaWF0IjoxNzM1ODU0NjEzLCJqdGkiOiIwMTVjYjkzNTE3Yzk0MjEwODhmNTgwYTUwNGRiYjNlZiIsInVzZXJfaWQiOjEzMn0.whmRe266CrKyC-tRGicoJ0qKZyb7baQj8vIx9SyL9Rw	2025-01-02 21:50:13.447987+00	2025-01-03 21:50:13+00	\N	015cb93517c9421088f580a504dbb3ef
87	eyJhbGciOiJIUzI1NiIsInR5cCI6IkpXVCJ9.eyJ0b2tlbl90eXBlIjoicmVmcmVzaCIsImV4cCI6MTczNzE2ODg0NSwiaWF0IjoxNzM3MDgyNDQ1LCJqdGkiOiIxNmE5Y2E2YWJiZWU0N2QzOTk4ZGExZTg3YTBlMDZmZCIsInVzZXJfaWQiOjE2OX0.weERhvrHoRILSFrebn2PPFYC_ZJq3Jl0rV4x1HRpoQ0	2025-01-17 02:54:05.658942+00	2025-01-18 02:54:05+00	\N	16a9ca6abbee47d3998da1e87a0e06fd
97	eyJhbGciOiJIUzI1NiIsInR5cCI6IkpXVCJ9.eyJ0b2tlbl90eXBlIjoicmVmcmVzaCIsImV4cCI6MTczODE4MzAxMCwiaWF0IjoxNzM4MDk2NjEwLCJqdGkiOiJjOWMyMGZjZDMxMmM0MjVjODZlOGIwYzA5ZDBjM2UxNCIsInVzZXJfaWQiOjE2OX0.ZIrXVmFn4zXPsSBC6XG2Wl3v8I4ooebd3RpfzIlDBsY	2025-01-28 20:36:50.069322+00	2025-01-29 20:36:50+00	\N	c9c20fcd312c425c86e8b0c09d0c3e14
14	eyJhbGciOiJIUzI1NiIsInR5cCI6IkpXVCJ9.eyJ0b2tlbl90eXBlIjoicmVmcmVzaCIsImV4cCI6MTczNTYwMDA2NCwiaWF0IjoxNzM1NTEzNjY0LCJqdGkiOiIyNzFiYmI5ZWViMjU0ZmMzYjhhMTVjNmJhMWUyOTM4OSIsInVzZXJfaWQiOjYwfQ.O4TWD5AJAnActij37W4n9iMoWnAQwrk9YTCTHq6qwro	2024-12-29 23:07:44.32427+00	2024-12-30 23:07:44+00	\N	271bbb9eeb254fc3b8a15c6ba1e29389
15	eyJhbGciOiJIUzI1NiIsInR5cCI6IkpXVCJ9.eyJ0b2tlbl90eXBlIjoicmVmcmVzaCIsImV4cCI6MTczNTYxMDM2MywiaWF0IjoxNzM1NTIzOTYzLCJqdGkiOiI0MzRjYzA1NTM1NTA0ZjlhOTBhZDNiMzJkZGM0MDMzOSIsInVzZXJfaWQiOjMwfQ.aM_U-Dt5qnEfmuRYqdJS1ZCxbzIcnznUwGqtDpq8lKc	2024-12-30 01:59:23.732623+00	2024-12-31 01:59:23+00	\N	434cc05535504f9a90ad3b32ddc40339
16	eyJhbGciOiJIUzI1NiIsInR5cCI6IkpXVCJ9.eyJ0b2tlbl90eXBlIjoicmVmcmVzaCIsImV4cCI6MTczNTYxMjMzMiwiaWF0IjoxNzM1NTI1OTMyLCJqdGkiOiJmY2MwOTk0ZjkyNTU0M2M2YjU5ZjA0YzM2OWY2NGNhNSIsInVzZXJfaWQiOjMwfQ._k71_y5P-mMcOBXgr-iYv8qfKPdbmuOUefb8k4aatFE	2024-12-30 02:32:12.405378+00	2024-12-31 02:32:12+00	\N	fcc0994f925543c6b59f04c369f64ca5
17	eyJhbGciOiJIUzI1NiIsInR5cCI6IkpXVCJ9.eyJ0b2tlbl90eXBlIjoicmVmcmVzaCIsImV4cCI6MTczNTYxMjQ2OSwiaWF0IjoxNzM1NTI2MDY5LCJqdGkiOiIzMTliYjUyMjlhM2Q0MWFhYWNmYzMzYzQ2ZGY1YjNlNyIsInVzZXJfaWQiOjMwfQ.LcrclwaLmpQAGVo_oAgdFTnJLnYmywXSYdc5PCEIr-I	2024-12-30 02:34:29.76457+00	2024-12-31 02:34:29+00	\N	319bb5229a3d41aaacfc33c46df5b3e7
52	eyJhbGciOiJIUzI1NiIsInR5cCI6IkpXVCJ9.eyJ0b2tlbl90eXBlIjoicmVmcmVzaCIsImV4cCI6MTczNTk0Mzg5MCwiaWF0IjoxNzM1ODU3NDkwLCJqdGkiOiJjZDhjZmNmNDUxMGM0ODg5YTZhNjgwZGU4MDhlNDBkOCIsInVzZXJfaWQiOjEzM30.uH1sGrp4CNpBIe6EhvsRS_KlQEBP-oPFWMA7D-N_Fa4	2025-01-02 22:38:10.659999+00	2025-01-03 22:38:10+00	\N	cd8cfcf4510c4889a6a680de808e40d8
53	eyJhbGciOiJIUzI1NiIsInR5cCI6IkpXVCJ9.eyJ0b2tlbl90eXBlIjoicmVmcmVzaCIsImV4cCI6MTczNTk0ODExMiwiaWF0IjoxNzM1ODYxNzEyLCJqdGkiOiJlMjYxMDU2NmZlNzE0YzRiOThlNDY2ZmFiYTA1ZDE3MCIsInVzZXJfaWQiOjEzM30.1rPsWXxZNPXrgIwXI9ySCJ6gbOBxhxcCpBqLtFJOD5w	2025-01-02 23:48:32.860921+00	2025-01-03 23:48:32+00	\N	e2610566fe714c4b98e466faba05d170
54	eyJhbGciOiJIUzI1NiIsInR5cCI6IkpXVCJ9.eyJ0b2tlbl90eXBlIjoicmVmcmVzaCIsImV4cCI6MTczNTk0ODI3MCwiaWF0IjoxNzM1ODYxODcwLCJqdGkiOiJiMTBhNDc2YjViYjA0OTY5ODFhMWQ0ZWRkNGNjZjkxZiIsInVzZXJfaWQiOjEzM30.cAAAD4w2GvskWFnYN82avoCiTLHNHrHxg6-sOr-wcOo	2025-01-02 23:51:10.81411+00	2025-01-03 23:51:10+00	\N	b10a476b5bb0496981a1d4edd4ccf91f
18	eyJhbGciOiJIUzI1NiIsInR5cCI6IkpXVCJ9.eyJ0b2tlbl90eXBlIjoicmVmcmVzaCIsImV4cCI6MTczNTYxNDQ2MiwiaWF0IjoxNzM1NTI4MDYyLCJqdGkiOiIyMDI0NWY1ODc3MmI0NDc5OGQ0Yjc4Nzg5ZmVmMTk5ZCIsInVzZXJfaWQiOjYwfQ.CXhSKpymxp449uSpJAhg4RwjbIgBJGJRASot5YiTanc	2024-12-30 03:07:42.914571+00	2024-12-31 03:07:42+00	\N	20245f58772b44798d4b78789fef199d
19	eyJhbGciOiJIUzI1NiIsInR5cCI6IkpXVCJ9.eyJ0b2tlbl90eXBlIjoicmVmcmVzaCIsImV4cCI6MTczNTYxNDU0MywiaWF0IjoxNzM1NTI4MTQzLCJqdGkiOiI3NGQ1NWZkY2NhMGI0OWZmYmZhNDk0YmRhMDcyZWVlYSIsInVzZXJfaWQiOjYwfQ.xUR5pSsJAfGo15G3ZbwdcPlnQnur45XrBo_xe0z2aMo	2024-12-30 03:09:03.754651+00	2024-12-31 03:09:03+00	\N	74d55fdcca0b49ffbfa494bda072eeea
21	eyJhbGciOiJIUzI1NiIsInR5cCI6IkpXVCJ9.eyJ0b2tlbl90eXBlIjoicmVmcmVzaCIsImV4cCI6MTczNTYxNTcwNiwiaWF0IjoxNzM1NTI5MzA2LCJqdGkiOiI0YmYxYzczMTQ4NzQ0YWMwYjk5Y2RhODQxNDExNzlmNSIsInVzZXJfaWQiOjYwfQ.kU-UvE2hCCFh7oEPcSAN_P3Xjt2BWjQ5MzSUDVg_URc	2024-12-30 03:28:26.053086+00	2024-12-31 03:28:26+00	\N	4bf1c73148744ac0b99cda84141179f5
22	eyJhbGciOiJIUzI1NiIsInR5cCI6IkpXVCJ9.eyJ0b2tlbl90eXBlIjoicmVmcmVzaCIsImV4cCI6MTczNTYxNTk1NCwiaWF0IjoxNzM1NTI5NTU0LCJqdGkiOiI4YzkzM2I0ZGYyZWU0MTVjYmIyZDA3ZDlkY2E0ZTY5NyIsInVzZXJfaWQiOjYwfQ.-cYfXUz0UPIzf-I1oRv4iz2IRTEjovX6zaDkzwZS7jE	2024-12-30 03:32:34.245724+00	2024-12-31 03:32:34+00	\N	8c933b4df2ee415cbb2d07d9dca4e697
23	eyJhbGciOiJIUzI1NiIsInR5cCI6IkpXVCJ9.eyJ0b2tlbl90eXBlIjoicmVmcmVzaCIsImV4cCI6MTczNTYxNjYyMywiaWF0IjoxNzM1NTMwMjIzLCJqdGkiOiI3YmExMzI5NmZkZjM0YmQ1YjllODhjMjk4NjU3MDk2YSIsInVzZXJfaWQiOjYwfQ.fW1gtRbQb6eECaDI0iadEwZdRZHSmbbCIYg5muecOvA	2024-12-30 03:43:43.829292+00	2024-12-31 03:43:43+00	\N	7ba13296fdf34bd5b9e88c298657096a
25	eyJhbGciOiJIUzI1NiIsInR5cCI6IkpXVCJ9.eyJ0b2tlbl90eXBlIjoicmVmcmVzaCIsImV4cCI6MTczNTY4MjA1MiwiaWF0IjoxNzM1NTk1NjUyLCJqdGkiOiIxNmQ3MjFkNjc5Yjc0ZjA1Yjg5NjExNmNmNWI5ODllNSIsInVzZXJfaWQiOjMwfQ.tP7D42FCgPzjsEEjN0I8s9oz1y3eEMxl5kS3FQ8nJyU	2024-12-30 21:54:12.816783+00	2024-12-31 21:54:12+00	\N	16d721d679b74f05b896116cf5b989e5
26	eyJhbGciOiJIUzI1NiIsInR5cCI6IkpXVCJ9.eyJ0b2tlbl90eXBlIjoicmVmcmVzaCIsImV4cCI6MTczNTY4MjA4NCwiaWF0IjoxNzM1NTk1Njg0LCJqdGkiOiJmZWQ2ZTQyZWVhNmQ0MmVmODZiMmNhMDE5ZjM3NTEzOSIsInVzZXJfaWQiOjMwfQ.OjtormD_E6PxMXGNAmYPDcN2qGgt1jF0Xb63kwxmJdg	2024-12-30 21:54:44.64935+00	2024-12-31 21:54:44+00	\N	fed6e42eea6d42ef86b2ca019f375139
27	eyJhbGciOiJIUzI1NiIsInR5cCI6IkpXVCJ9.eyJ0b2tlbl90eXBlIjoicmVmcmVzaCIsImV4cCI6MTczNTY4MjE4MywiaWF0IjoxNzM1NTk1NzgzLCJqdGkiOiJhNDg3NWQ3OTQyNjM0ZThiOWMxYTk3NWJlZmY0Njg0NSIsInVzZXJfaWQiOjMwfQ.u3-ht9nP6oMz_Z_ONW4lAeJQgU9lRmxTJmIh0bLSI8w	2024-12-30 21:56:23.981838+00	2024-12-31 21:56:23+00	\N	a4875d7942634e8b9c1a975beff46845
28	eyJhbGciOiJIUzI1NiIsInR5cCI6IkpXVCJ9.eyJ0b2tlbl90eXBlIjoicmVmcmVzaCIsImV4cCI6MTczNTY4MjY4MywiaWF0IjoxNzM1NTk2MjgzLCJqdGkiOiJmODQzMDU3ZjdhZDQ0OGI0YTNiZTc3MTAwOTJjZDNjOSIsInVzZXJfaWQiOjMwfQ.va2RocGEt0VIQqKGaMInz_pR3csuJjRg-Henm9w0vRg	2024-12-30 22:04:43.491614+00	2024-12-31 22:04:43+00	\N	f843057f7ad448b4a3be7710092cd3c9
29	eyJhbGciOiJIUzI1NiIsInR5cCI6IkpXVCJ9.eyJ0b2tlbl90eXBlIjoicmVmcmVzaCIsImV4cCI6MTczNTY4MzMwMiwiaWF0IjoxNzM1NTk2OTAyLCJqdGkiOiI3MWM1NjdmZjg1MmI0YWMwOTZmOWJmODIwZTg0YjNiMiIsInVzZXJfaWQiOjMwfQ.K1arIIyZa8ShMy2jj14rWQhMDp5Fz57HZ3yMkoa6gLI	2024-12-30 22:15:02.234275+00	2024-12-31 22:15:02+00	\N	71c567ff852b4ac096f9bf820e84b3b2
30	eyJhbGciOiJIUzI1NiIsInR5cCI6IkpXVCJ9.eyJ0b2tlbl90eXBlIjoicmVmcmVzaCIsImV4cCI6MTczNTY4NjYyNiwiaWF0IjoxNzM1NjAwMjI2LCJqdGkiOiI4OWRkNTQ0ZjYzOTQ0YmQ3YjliYjE5NGNjNzE2MTI1ZiIsInVzZXJfaWQiOjYwfQ.fM5jYm9hYNz2sChlgYNIZnI92x_9TSSRZDkjkZbfzbo	2024-12-30 23:10:26.182541+00	2024-12-31 23:10:26+00	\N	89dd544f63944bd7b9bb194cc716125f
31	eyJhbGciOiJIUzI1NiIsInR5cCI6IkpXVCJ9.eyJ0b2tlbl90eXBlIjoicmVmcmVzaCIsImV4cCI6MTczNTY5MTY5MSwiaWF0IjoxNzM1NjA1MjkxLCJqdGkiOiIyNDY3MTdjYWZiM2I0MjBkYWMxNGQ4OWJmMmM2MzM4ZiIsInVzZXJfaWQiOjYwfQ.e72PUBG5r5G8sssBLetfoP6l_Idf7nVvMI6t5dckoHs	2024-12-31 00:34:51.13313+00	2025-01-01 00:34:51+00	\N	246717cafb3b420dac14d89bf2c6338f
32	eyJhbGciOiJIUzI1NiIsInR5cCI6IkpXVCJ9.eyJ0b2tlbl90eXBlIjoicmVmcmVzaCIsImV4cCI6MTczNTcwNTA2NSwiaWF0IjoxNzM1NjE4NjY1LCJqdGkiOiIzY2JkN2YxNTM5YWU0ZWU4YTMxOWIwZTNhZTc5ZjZiZiIsInVzZXJfaWQiOjYwfQ.CC85j9f4w0ACFaUvTTTj1I77xIkLj5-8_BWoZDf-274	2024-12-31 04:17:45.405416+00	2025-01-01 04:17:45+00	\N	3cbd7f1539ae4ee8a319b0e3ae79f6bf
34	eyJhbGciOiJIUzI1NiIsInR5cCI6IkpXVCJ9.eyJ0b2tlbl90eXBlIjoicmVmcmVzaCIsImV4cCI6MTczNTc1NzkyOCwiaWF0IjoxNzM1NjcxNTI4LCJqdGkiOiI3MzRkMTIyYmMzNDE0OTYzYjQwNDc4NGU1NjI0ZmRiZCIsInVzZXJfaWQiOjYwfQ.SVHKzGIIhlH_bul2Mfsh-mFy6rcfPxyRtG67rDbv8q0	2024-12-31 18:58:48.308787+00	2025-01-01 18:58:48+00	\N	734d122bc3414963b404784e5624fdbd
35	eyJhbGciOiJIUzI1NiIsInR5cCI6IkpXVCJ9.eyJ0b2tlbl90eXBlIjoicmVmcmVzaCIsImV4cCI6MTczNTc1ODc3OCwiaWF0IjoxNzM1NjcyMzc4LCJqdGkiOiJiY2Q5NmI3ZjhhZDM0OWU3OGQ5NWI1MDg0MWI5NmMwNCIsInVzZXJfaWQiOjYwfQ.k64UJ53HyD6p8paiNKZItVUg1H5izrJ2FqdQtxO7XI0	2024-12-31 19:12:58.419185+00	2025-01-01 19:12:58+00	\N	bcd96b7f8ad349e78d95b50841b96c04
40	eyJhbGciOiJIUzI1NiIsInR5cCI6IkpXVCJ9.eyJ0b2tlbl90eXBlIjoicmVmcmVzaCIsImV4cCI6MTczNTc5NTI4MiwiaWF0IjoxNzM1NzA4ODgyLCJqdGkiOiJiMTRhNTliYjgzZjE0YzgzYmMyMzFhYmViMWViYmQxMSIsInVzZXJfaWQiOjQ4fQ.ItByg7P_0Ub94-T9bIJ_0SjNVaSvWqEYeb_Rn6zoX2M	2025-01-01 05:21:22.344837+00	2025-01-02 05:21:22+00	\N	b14a59bb83f14c83bc231abeb1ebbd11
41	eyJhbGciOiJIUzI1NiIsInR5cCI6IkpXVCJ9.eyJ0b2tlbl90eXBlIjoicmVmcmVzaCIsImV4cCI6MTczNTkyOTE4NywiaWF0IjoxNzM1ODQyNzg3LCJqdGkiOiJlM2VlMjQyNzE2ZTQ0YTUzOTBkNzZiMmQzNjdkMWZlNyIsInVzZXJfaWQiOjQ4fQ.dvU8B0MGbVAFo6w8oUK3fOKjhySr66uuiqttbHJvkEU	2025-01-02 18:33:07.538397+00	2025-01-03 18:33:07+00	\N	e3ee242716e44a5390d76b2d367d1fe7
42	eyJhbGciOiJIUzI1NiIsInR5cCI6IkpXVCJ9.eyJ0b2tlbl90eXBlIjoicmVmcmVzaCIsImV4cCI6MTczNTkyOTIwOSwiaWF0IjoxNzM1ODQyODA5LCJqdGkiOiJlNDFmMTk4YjQwYzg0N2ViODhiYzA3NTEzNDZiY2ZkYyIsInVzZXJfaWQiOjQ4fQ.9-TWpdKeru5s_VLLLOV8hLFx5iNWMu7fX9XSAKZTJ10	2025-01-02 18:33:29.629083+00	2025-01-03 18:33:29+00	\N	e41f198b40c847eb88bc0751346bcfdc
57	eyJhbGciOiJIUzI1NiIsInR5cCI6IkpXVCJ9.eyJ0b2tlbl90eXBlIjoicmVmcmVzaCIsImV4cCI6MTczNjI5MzgyNSwiaWF0IjoxNzM2MjA3NDI1LCJqdGkiOiJlYzNmYmRhZDAxZjU0OWQyOTNiYzI2MjhkOTQ2ZjAyNiIsInVzZXJfaWQiOjE0Nn0.eymoNhuUWcuuFyrjnKrCAi_b0ZUu8gYAtTghoNiAQIc	2025-01-06 23:50:25.156445+00	2025-01-07 23:50:25+00	\N	ec3fbdad01f549d293bc2628d946f026
55	eyJhbGciOiJIUzI1NiIsInR5cCI6IkpXVCJ9.eyJ0b2tlbl90eXBlIjoicmVmcmVzaCIsImV4cCI6MTczNjI3NDQ1OSwiaWF0IjoxNzM2MTg4MDU5LCJqdGkiOiIxY2M2Y2ExZTcxMzA0NmEwYWUxMmQyNTMxMWVhMzIwOSIsInVzZXJfaWQiOjE0NX0.mOmn-ZOnT3ajVKiRI4s-Y4a9zWnvQyh9rNZaYmgF21Q	2025-01-06 18:27:39.47305+00	2025-01-07 18:27:39+00	\N	1cc6ca1e713046a0ae12d25311ea3209
56	eyJhbGciOiJIUzI1NiIsInR5cCI6IkpXVCJ9.eyJ0b2tlbl90eXBlIjoicmVmcmVzaCIsImV4cCI6MTczNjI3NTc2NywiaWF0IjoxNzM2MTg5MzY3LCJqdGkiOiI3ODhjYjM1YzNmZDE0MWFjODRiNWJjMzY4ZWU5MTVlOCIsInVzZXJfaWQiOjE0NX0.0-96YBzs1D_1IEibwcnPLJWnxTP52GSg46396vTPc8g	2025-01-06 18:49:27.884478+00	2025-01-07 18:49:27+00	\N	788cb35c3fd141ac84b5bc368ee915e8
93	eyJhbGciOiJIUzI1NiIsInR5cCI6IkpXVCJ9.eyJ0b2tlbl90eXBlIjoicmVmcmVzaCIsImV4cCI6MTczNzI1MDgxMSwiaWF0IjoxNzM3MTY0NDExLCJqdGkiOiI4NjQ0YzMwM2Y3YmQ0ODU0OWIxYjE5YTgwOGE5MTk4NSIsInVzZXJfaWQiOjE1OX0.8NQNm34yZKdEb2Ijz_a2d56eXRvu-Mli7QLQJr2NvtA	2025-01-18 01:40:11.094199+00	2025-01-19 01:40:11+00	159	8644c303f7bd48549b1b19a808a91985
58	eyJhbGciOiJIUzI1NiIsInR5cCI6IkpXVCJ9.eyJ0b2tlbl90eXBlIjoicmVmcmVzaCIsImV4cCI6MTczNjUyNDY0NCwiaWF0IjoxNzM2NDM4MjQ0LCJqdGkiOiJkZDMwMDY2YmYxNGM0YjVjODE3YWRhZDk3MTEzNGU2MSIsInVzZXJfaWQiOjE0OX0.ly6-vGbor_llgSz8prqyQUnIcpgvXWHGd6aSIAjkA4o	2025-01-09 15:57:24.981251+00	2025-01-10 15:57:24+00	\N	dd30066bf14c4b5c817adad971134e61
60	eyJhbGciOiJIUzI1NiIsInR5cCI6IkpXVCJ9.eyJ0b2tlbl90eXBlIjoicmVmcmVzaCIsImV4cCI6MTczNjYyNDY2NCwiaWF0IjoxNzM2NTM4MjY0LCJqdGkiOiI2NTA3ODAxZDYxOGI0Zjg2OGZjOGM0MTcyZmIxM2FlZCIsInVzZXJfaWQiOjE0N30.6CHxvE7f25nHYqyDbERvjYsDbVq6ZmI1uG81ujryd0o	2025-01-10 19:44:24.894023+00	2025-01-11 19:44:24+00	\N	6507801d618b4f868fc8c4172fb13aed
79	eyJhbGciOiJIUzI1NiIsInR5cCI6IkpXVCJ9.eyJ0b2tlbl90eXBlIjoicmVmcmVzaCIsImV4cCI6MTczNjg5ODQwMCwiaWF0IjoxNzM2ODEyMDAwLCJqdGkiOiIwNmQwNDkwZmIyMzA0NzAyOGUzMzJiNGVmNjcyZmY5YyIsInVzZXJfaWQiOjE2MH0.uhA7HovutKmFgUJwYUyU6Ixp8oqhjXGbpM1dinrwcp4	2025-01-13 23:46:40.164108+00	2025-01-14 23:46:40+00	\N	06d0490fb23047028e332b4ef672ff9c
84	eyJhbGciOiJIUzI1NiIsInR5cCI6IkpXVCJ9.eyJ0b2tlbl90eXBlIjoicmVmcmVzaCIsImV4cCI6MTczNjkwNTkyMCwiaWF0IjoxNzM2ODE5NTIwLCJqdGkiOiI3NWYzYjEyZTQ2Zjk0Y2M1YTc0ZmIwNzFlY2MwOWNhZiIsInVzZXJfaWQiOjE2MH0.s05nnT7mvYsmqNvivt6b_07A7ABboDTIAqGykwgTBl4	2025-01-14 01:52:00.307718+00	2025-01-15 01:52:00+00	\N	75f3b12e46f94cc5a74fb071ecc09caf
61	eyJhbGciOiJIUzI1NiIsInR5cCI6IkpXVCJ9.eyJ0b2tlbl90eXBlIjoicmVmcmVzaCIsImV4cCI6MTczNjYyNjcxNCwiaWF0IjoxNzM2NTQwMzE0LCJqdGkiOiI3M2QzOTBkMTU1NTM0OTA0YjAzM2YyMzY4MWZlNGM5NyIsInVzZXJfaWQiOjE1MX0.5gy6v70ZWUIIbe0Zu_6n7vYyz_UdnXC0bp6SDj8d6Sg	2025-01-10 20:18:34.921344+00	2025-01-11 20:18:34+00	\N	73d390d155534904b033f23681fe4c97
62	eyJhbGciOiJIUzI1NiIsInR5cCI6IkpXVCJ9.eyJ0b2tlbl90eXBlIjoicmVmcmVzaCIsImV4cCI6MTczNjY1ODIzOSwiaWF0IjoxNzM2NTcxODM5LCJqdGkiOiJjYTllZTdhMDFiMDM0YzIxOGVhMWYyYWZiZDZjNzUzNCIsInVzZXJfaWQiOjE1MX0.0qNGT3ywRnyDwnXEaasbs1X6RnmZ7wAdJW4gAgnaZUY	2025-01-11 05:03:59.284895+00	2025-01-12 05:03:59+00	\N	ca9ee7a01b034c218ea1f2afbd6c7534
63	eyJhbGciOiJIUzI1NiIsInR5cCI6IkpXVCJ9.eyJ0b2tlbl90eXBlIjoicmVmcmVzaCIsImV4cCI6MTczNjcyMTgxMiwiaWF0IjoxNzM2NjM1NDEyLCJqdGkiOiIyYzk3MGZlNzYxMGI0Y2Q0ODIyY2M5YzgwNjRlNzJlZiIsInVzZXJfaWQiOjE1MX0.qROFgj065ihOOJxcon-E4-5_3BJ2wbjrH6KKaKrUkdk	2025-01-11 22:43:32.68648+00	2025-01-12 22:43:32+00	\N	2c970fe7610b4cd4822cc9c8064e72ef
80	eyJhbGciOiJIUzI1NiIsInR5cCI6IkpXVCJ9.eyJ0b2tlbl90eXBlIjoicmVmcmVzaCIsImV4cCI6MTczNjkwNTc5NywiaWF0IjoxNzM2ODE5Mzk3LCJqdGkiOiI1OTkzNTMzZDU5MDE0NGQzOTU0M2E5MDdjYzAyNTNkNCIsInVzZXJfaWQiOjE2MH0.3397T0W5Yp-PKiqQk70b1UGPMsiGvzHoOGL_hD29v5g	2025-01-14 01:49:57.961332+00	2025-01-15 01:49:57+00	\N	5993533d590144d39543a907cc0253d4
59	eyJhbGciOiJIUzI1NiIsInR5cCI6IkpXVCJ9.eyJ0b2tlbl90eXBlIjoicmVmcmVzaCIsImV4cCI6MTczNjUyNTM3OCwiaWF0IjoxNzM2NDM4OTc4LCJqdGkiOiI4YjcwNGIyNmUzNGQ0ZjliYTFkYWNhOWM0NzNjY2Y1ZSIsInVzZXJfaWQiOjE0OX0.9k8tLxTtHjAnVROqEE9w4VQgmkaR3n4xHPx0wzzPUeA	2025-01-09 16:09:38.18577+00	2025-01-10 16:09:38+00	\N	8b704b26e34d4f9ba1daca9c473ccf5e
65	eyJhbGciOiJIUzI1NiIsInR5cCI6IkpXVCJ9.eyJ0b2tlbl90eXBlIjoicmVmcmVzaCIsImV4cCI6MTczNjcyOTA5MiwiaWF0IjoxNzM2NjQyNjkyLCJqdGkiOiIxNWE5NzM0OTY0MjA0OGNjOWMzZDAyODBkYzJmMWVmOCIsInVzZXJfaWQiOjE1NH0.yV6sE1nKzGWj06MTdTz1b4ijgk3ARKZ61zpFNmVVtww	2025-01-12 00:44:52.710737+00	2025-01-13 00:44:52+00	\N	15a97349642048cc9c3d0280dc2f1ef8
94	eyJhbGciOiJIUzI1NiIsInR5cCI6IkpXVCJ9.eyJ0b2tlbl90eXBlIjoicmVmcmVzaCIsImV4cCI6MTczODA4ODc3NCwiaWF0IjoxNzM4MDAyMzc0LCJqdGkiOiI1MjI5YjQ4NTA4YjI0ZjA3ODFhYzkxMzY2YTk3YTE5YyIsInVzZXJfaWQiOjE1OX0.X2y5FbV8Rw94nhCV01w9tYLuzWhysoeDZB29lzM-YLk	2025-01-27 18:26:14.700636+00	2025-01-28 18:26:14+00	159	5229b48508b24f0781ac91366a97a19c
66	eyJhbGciOiJIUzI1NiIsInR5cCI6IkpXVCJ9.eyJ0b2tlbl90eXBlIjoicmVmcmVzaCIsImV4cCI6MTczNjcyOTc4OSwiaWF0IjoxNzM2NjQzMzg5LCJqdGkiOiJlZWI5YjU5MDk0MDg0ZTI1OThhMDU1NzRhOWJmMWE4ZSIsInVzZXJfaWQiOjE1NX0.bChjHd6voVJ04UdQNv_DTJA_lr1q5qbgBKGyqUq96Uw	2025-01-12 00:56:29.672628+00	2025-01-13 00:56:29+00	\N	eeb9b59094084e2598a05574a9bf1a8e
99	eyJhbGciOiJIUzI1NiIsInR5cCI6IkpXVCJ9.eyJ0b2tlbl90eXBlIjoicmVmcmVzaCIsImV4cCI6MTc0NzIxMDk3MSwiaWF0IjoxNzQ3MTI0NTcxLCJqdGkiOiI3ODA1NzIwNzZkZTY0MGQzYmI5MGUzYTcyMDczNzM1MSIsInVzZXJfaWQiOjE2OX0.MApugFKytwm-cZh1Fe6i_ZPUKKjg8fK99snCwOu8MpI	2025-05-13 08:22:51.670707+00	2025-05-14 08:22:51+00	\N	780572076de640d3bb90e3a720737351
88	eyJhbGciOiJIUzI1NiIsInR5cCI6IkpXVCJ9.eyJ0b2tlbl90eXBlIjoicmVmcmVzaCIsImV4cCI6MTczNzE2OTU0MiwiaWF0IjoxNzM3MDgzMTQyLCJqdGkiOiJiM2ZmMDAwODVkYzQ0NDg3YTVhMjdlZTYxZTU5NjA0NCIsInVzZXJfaWQiOjE2OX0.UAQY0b-gOE7BjIBdCV47H-g03cAJN5ph1bUTfQ31K7g	2025-01-17 03:05:42.374113+00	2025-01-18 03:05:42+00	\N	b3ff00085dc44487a5a27ee61e596044
67	eyJhbGciOiJIUzI1NiIsInR5cCI6IkpXVCJ9.eyJ0b2tlbl90eXBlIjoicmVmcmVzaCIsImV4cCI6MTczNjczMTUyOCwiaWF0IjoxNzM2NjQ1MTI4LCJqdGkiOiJjN2JlMmQ0ZThmOTI0ODhhYmVmYjhkNGM5ZDNhZDM2NiIsInVzZXJfaWQiOjE1N30.EDxFIdYD49aF1YbJeBYKvkUmRphSA0PYml-dOVqLGAY	2025-01-12 01:25:28.527233+00	2025-01-13 01:25:28+00	\N	c7be2d4e8f92488abefb8d4c9d3ad366
68	eyJhbGciOiJIUzI1NiIsInR5cCI6IkpXVCJ9.eyJ0b2tlbl90eXBlIjoicmVmcmVzaCIsImV4cCI6MTczNjczMTUzNywiaWF0IjoxNzM2NjQ1MTM3LCJqdGkiOiJiZTVjMWQxMTNjZDE0ZTg0YTRlOWVlOTBiNjZiNjE0YiIsInVzZXJfaWQiOjE1N30.X9_3XyHI93C30z4f_bQGdTuNt_sYwws3CU2-N4N3lSA	2025-01-12 01:25:37.386313+00	2025-01-13 01:25:37+00	\N	be5c1d113cd14e84a4e9ee90b66b614b
69	eyJhbGciOiJIUzI1NiIsInR5cCI6IkpXVCJ9.eyJ0b2tlbl90eXBlIjoicmVmcmVzaCIsImV4cCI6MTczNjczMTc5MSwiaWF0IjoxNzM2NjQ1MzkxLCJqdGkiOiI1ZGJmNzI1OTI2ZWE0NGE1YmFkNGI4NDljYmYyODhlNiIsInVzZXJfaWQiOjE1N30.zoYg5oR1vFwnWK-voqKKeKfxUo_JIEbwJszuhld0jPo	2025-01-12 01:29:51.38447+00	2025-01-13 01:29:51+00	\N	5dbf725926ea44a5bad4b849cbf288e6
70	eyJhbGciOiJIUzI1NiIsInR5cCI6IkpXVCJ9.eyJ0b2tlbl90eXBlIjoicmVmcmVzaCIsImV4cCI6MTczNjczMjc0NiwiaWF0IjoxNzM2NjQ2MzQ2LCJqdGkiOiI1YjU2M2ZkODNjOWQ0NWRiOTQwNzE5NjI1MmJmMGFjNSIsInVzZXJfaWQiOjE1OH0.T_fsZ_dvbwhPbvZcG0EMkFsrMoVQ6to4AjdyPsrH0sw	2025-01-12 01:45:46.559225+00	2025-01-13 01:45:46+00	\N	5b563fd83c9d45db9407196252bf0ac5
71	eyJhbGciOiJIUzI1NiIsInR5cCI6IkpXVCJ9.eyJ0b2tlbl90eXBlIjoicmVmcmVzaCIsImV4cCI6MTczNjczMzY2MCwiaWF0IjoxNzM2NjQ3MjYwLCJqdGkiOiJkOGMwYzljMTliZjM0ZmFmODI4NmRhODgzNDFlNjhmYSIsInVzZXJfaWQiOjE1OH0.Sbrw962FRAZ4fqADc3Ab2LAOGMR8395Jj9fpf4BuTCY	2025-01-12 02:01:00.016967+00	2025-01-13 02:01:00+00	\N	d8c0c9c19bf34faf8286da88341e68fa
72	eyJhbGciOiJIUzI1NiIsInR5cCI6IkpXVCJ9.eyJ0b2tlbl90eXBlIjoicmVmcmVzaCIsImV4cCI6MTczNjczNDAyMSwiaWF0IjoxNzM2NjQ3NjIxLCJqdGkiOiIwY2Q1MjUwODJhNTg0MDUxOTVkMTVkZjRhMWY5YjE0ZCIsInVzZXJfaWQiOjE1OX0.4kMsL6ntLBW1aOQyJnLds15U6k99WFQttvqg8H1w8so	2025-01-12 02:07:01.605215+00	2025-01-13 02:07:01+00	159	0cd525082a58405195d15df4a1f9b14d
73	eyJhbGciOiJIUzI1NiIsInR5cCI6IkpXVCJ9.eyJ0b2tlbl90eXBlIjoicmVmcmVzaCIsImV4cCI6MTczNjczNDA1MCwiaWF0IjoxNzM2NjQ3NjUwLCJqdGkiOiI4NTBmMjhkYjFlZDI0NWI2YTEyNjY1YjljNWU1MTQyZiIsInVzZXJfaWQiOjE1OX0.LT1SLvTwltcCOCXdTVZdqm4Ra3v5VDzxUXNFCVI8AJM	2025-01-12 02:07:30.539074+00	2025-01-13 02:07:30+00	159	850f28db1ed245b6a12665b9c5e5142f
64	eyJhbGciOiJIUzI1NiIsInR5cCI6IkpXVCJ9.eyJ0b2tlbl90eXBlIjoicmVmcmVzaCIsImV4cCI6MTczNjcyNzAzNCwiaWF0IjoxNzM2NjQwNjM0LCJqdGkiOiI4NmRiYWViYWNlMjE0ZDVjYjZiNWE3MmJiODE2MmU0NCIsInVzZXJfaWQiOjE1M30.fcbcGFkL-YGJmQh30JtGGgpLn4bzDoaWromO1xodxDk	2025-01-12 00:10:34.094969+00	2025-01-13 00:10:34+00	\N	86dbaebace214d5cb6b5a72bb8162e44
74	eyJhbGciOiJIUzI1NiIsInR5cCI6IkpXVCJ9.eyJ0b2tlbl90eXBlIjoicmVmcmVzaCIsImV4cCI6MTczNjgyMzk4MCwiaWF0IjoxNzM2NzM3NTgwLCJqdGkiOiI5MmE4MGNmNGUzNmE0ZjY1ODYwMWQ2Y2FlZTczMjNjOCIsInVzZXJfaWQiOjE1M30.Az3UaPV6FIkxgyTpCWRp453BU4FRIlKMVA-6vbhoB8Y	2025-01-13 03:06:20.870198+00	2025-01-14 03:06:20+00	\N	92a80cf4e36a4f658601d6caee7323c8
75	eyJhbGciOiJIUzI1NiIsInR5cCI6IkpXVCJ9.eyJ0b2tlbl90eXBlIjoicmVmcmVzaCIsImV4cCI6MTczNjgyNDY0MCwiaWF0IjoxNzM2NzM4MjQwLCJqdGkiOiIzZDc5OGI3OTNmM2I0ZmFkYWIyZDQ1ZmExYzlkMjhmNyIsInVzZXJfaWQiOjE1M30.5SVa9FNzf8P8EO4JJ6sYWCVVaSnQhz0SicfjVFW4QRE	2025-01-13 03:17:20.316919+00	2025-01-14 03:17:20+00	\N	3d798b793f3b4fadab2d45fa1c9d28f7
108	eyJhbGciOiJIUzI1NiIsInR5cCI6IkpXVCJ9.eyJ0b2tlbl90eXBlIjoicmVmcmVzaCIsImV4cCI6MTc0ODc2NzkyNiwiaWF0IjoxNzQ4NjgxNTI2LCJqdGkiOiIyOTdmOTZhMmMzOTg0NTI2ODc4ZThkZjA3MDIxMzU0NSIsInVzZXJfaWQiOjIxNn0.uH48CCNdWw_retOxx0fK3zP7Z2U2rvRfnhYh64juzOA	2025-05-31 08:52:06.941304+00	2025-06-01 08:52:06+00	216	297f96a2c3984526878e8df070213545
109	eyJhbGciOiJIUzI1NiIsInR5cCI6IkpXVCJ9.eyJ0b2tlbl90eXBlIjoicmVmcmVzaCIsImV4cCI6MTc0ODg2MjE5MSwiaWF0IjoxNzQ4Nzc1NzkxLCJqdGkiOiIxM2ExMmZlMjY1MTU0MDQyYjIxMDllNTBiYmZjZTAzNSIsInVzZXJfaWQiOjIxNn0.YJPAE68Hb1_ykA3hR_UiQ4Qg2jvqHyGaBb-BPtLyMYc	2025-06-01 11:03:11.626621+00	2025-06-02 11:03:11+00	216	13a12fe265154042b2109e50bbfce035
110	eyJhbGciOiJIUzI1NiIsInR5cCI6IkpXVCJ9.eyJ0b2tlbl90eXBlIjoicmVmcmVzaCIsImV4cCI6MTc0ODg2MjQxNSwiaWF0IjoxNzQ4Nzc2MDE1LCJqdGkiOiJmMDk3OGEyZjYyNTM0YjNhYTBjY2ExZDcxN2UyNmQ3ZSIsInVzZXJfaWQiOjIxNn0.9dfj-BwIBnKi-gdgbAbZsiMsbf-SPxdrD0VVNwGcEHQ	2025-06-01 11:06:55.694969+00	2025-06-02 11:06:55+00	216	f0978a2f62534b3aa0cca1d717e26d7e
111	eyJhbGciOiJIUzI1NiIsInR5cCI6IkpXVCJ9.eyJ0b2tlbl90eXBlIjoicmVmcmVzaCIsImV4cCI6MTc0ODg2Mjg0NSwiaWF0IjoxNzQ4Nzc2NDQ1LCJqdGkiOiIxNmY5M2NlMGRmNmM0OWY4YTFiYzhkMDE2NjQzYjFlMiIsInVzZXJfaWQiOjIxNn0.wbahO-HYjljRQsmBuXhpV8YAElPMlxcH6FJxIiGlNRc	2025-06-01 11:14:05.907109+00	2025-06-02 11:14:05+00	216	16f93ce0df6c49f8a1bc8d016643b1e2
112	eyJhbGciOiJIUzI1NiIsInR5cCI6IkpXVCJ9.eyJ0b2tlbl90eXBlIjoicmVmcmVzaCIsImV4cCI6MTc0ODg2MzAzMCwiaWF0IjoxNzQ4Nzc2NjMwLCJqdGkiOiJiNWFkYTcwZjRiNTc0ZWNmYWEyYzIwNTZhZjQ0ZTc0MSIsInVzZXJfaWQiOjIxNn0.EKqkSICJTNig5Nhzgp3us9ug8kHJz98dx5vOKpkcDmk	2025-06-01 11:17:10.021665+00	2025-06-02 11:17:10+00	216	b5ada70f4b574ecfaa2c2056af44e741
113	eyJhbGciOiJIUzI1NiIsInR5cCI6IkpXVCJ9.eyJ0b2tlbl90eXBlIjoicmVmcmVzaCIsImV4cCI6MTc0ODg2MzIwMywiaWF0IjoxNzQ4Nzc2ODAzLCJqdGkiOiI3MzRlOTA2ZmM3ZDY0ZmI3OTdjMWFiYzAzNDRhYTg0MCIsInVzZXJfaWQiOjIxNn0.dCRirZSfxSLK-uK4jq7oEyl5TxhKUaC5rZyPL4PRMqc	2025-06-01 11:20:03.648018+00	2025-06-02 11:20:03+00	216	734e906fc7d64fb797c1abc0344aa840
114	eyJhbGciOiJIUzI1NiIsInR5cCI6IkpXVCJ9.eyJ0b2tlbl90eXBlIjoicmVmcmVzaCIsImV4cCI6MTc0ODg2MzkxOCwiaWF0IjoxNzQ4Nzc3NTE4LCJqdGkiOiI0ZjJlZmRlMzFhY2Y0NWM0OWQ4NWRlOGJkNDBhYTNlMiIsInVzZXJfaWQiOjIxNn0.gQQKnxkXTY7b-BybB4xVfE1JjedI-kHBtvzmgVNfa3U	2025-06-01 11:31:58.122885+00	2025-06-02 11:31:58+00	216	4f2efde31acf45c49d85de8bd40aa3e2
115	eyJhbGciOiJIUzI1NiIsInR5cCI6IkpXVCJ9.eyJ0b2tlbl90eXBlIjoicmVmcmVzaCIsImV4cCI6MTc0ODg5MTA5NSwiaWF0IjoxNzQ4ODA0Njk1LCJqdGkiOiI4Y2VmNzRjMzkyMDI0OTY0ODIyOWVkMjNmZDAzMmVhZSIsInVzZXJfaWQiOjIxNn0.dgCMIkKnvVQzpZQE6aw2JlI9FItZah08spQa3SYiGxc	2025-06-01 19:04:55.971111+00	2025-06-02 19:04:55+00	216	8cef74c3920249648229ed23fd032eae
116	eyJhbGciOiJIUzI1NiIsInR5cCI6IkpXVCJ9.eyJ0b2tlbl90eXBlIjoicmVmcmVzaCIsImV4cCI6MTc0OTAxODU4MiwiaWF0IjoxNzQ4OTMyMTgyLCJqdGkiOiIzZWZiZGQxYzJmYzA0OTU2OTFkMDVmMDU2MWU1MDkyMSIsInVzZXJfaWQiOjIxNn0.f7l6tD0DuBf8Vre3qKUsgoSxFuiQCffGTgOICHNX3UA	2025-06-03 06:29:42.466073+00	2025-06-04 06:29:42+00	216	3efbdd1c2fc0495691d05f0561e50921
117	eyJhbGciOiJIUzI1NiIsInR5cCI6IkpXVCJ9.eyJ0b2tlbl90eXBlIjoicmVmcmVzaCIsImV4cCI6MTc0OTAxODYwOCwiaWF0IjoxNzQ4OTMyMjA4LCJqdGkiOiI2YzNmMGRlYWQxODc0NzAwYmVmNjdiNDc5OGM4MzYyZiIsInVzZXJfaWQiOjIxNn0.IV0ezDkc3QMKjudwxbKlqCmP8T_6LB9pSocAvRLQToA	2025-06-03 06:30:08.947579+00	2025-06-04 06:30:08+00	216	6c3f0dead1874700bef67b4798c8362f
118	eyJhbGciOiJIUzI1NiIsInR5cCI6IkpXVCJ9.eyJ0b2tlbl90eXBlIjoicmVmcmVzaCIsImV4cCI6MTc0OTAxODgzMiwiaWF0IjoxNzQ4OTMyNDMyLCJqdGkiOiI3ZTYyM2UzMjFkMjk0MGY2OWUwMTkzMDZjY2Y2ZTkzMyIsInVzZXJfaWQiOjIxNn0.XGkIG26gj61urKAdraq_e-GOCytpPMs8NkEvjRnim9Q	2025-06-03 06:33:52.434113+00	2025-06-04 06:33:52+00	216	7e623e321d2940f69e019306ccf6e933
119	eyJhbGciOiJIUzI1NiIsInR5cCI6IkpXVCJ9.eyJ0b2tlbl90eXBlIjoicmVmcmVzaCIsImV4cCI6MTc0OTM4OTQwNCwiaWF0IjoxNzQ5MzAzMDA0LCJqdGkiOiIzM2U3NDc5MGFmOTk0MWM1OTM5NDY1NWQ1NTM4ZWU2OSIsInVzZXJfaWQiOjIxNn0.xTuqcqr8FvyzscdreUYKd6iKtvrTUbIXvD_7f0vwd5A	2025-06-07 13:30:04.624408+00	2025-06-08 13:30:04+00	216	33e74790af9941c59394655d5538ee69
120	eyJhbGciOiJIUzI1NiIsInR5cCI6IkpXVCJ9.eyJ0b2tlbl90eXBlIjoicmVmcmVzaCIsImV4cCI6MTc0OTU2NzUzNywiaWF0IjoxNzQ5NDgxMTM3LCJqdGkiOiJhOTFjNWQ4Y2Q5NmY0ODk2ODcyNTk5NTE1OWNjN2I1ZCIsInVzZXJfaWQiOjIxNn0.vUU1k5ZLrvHyr-0JbDcd_C2PNXqUgOSR0TP7WfN3g4o	2025-06-09 14:58:57.657243+00	2025-06-10 14:58:57+00	216	a91c5d8cd96f48968725995159cc7b5d
121	eyJhbGciOiJIUzI1NiIsInR5cCI6IkpXVCJ9.eyJ0b2tlbl90eXBlIjoicmVmcmVzaCIsImV4cCI6MTc0OTU3NTgzMiwiaWF0IjoxNzQ5NDg5NDMyLCJqdGkiOiIwMTdmMjJlMWVhMWQ0ZTQ0OTFkZjVhZmJiNGUzNzZiNSIsInVzZXJfaWQiOjIxNn0.I3hmFd5ZnVsjZlwfdBaQbB3iCGJiHViYJb36gu4RMsQ	2025-06-09 17:17:12.853992+00	2025-06-10 17:17:12+00	216	017f22e1ea1d4e4491df5afbb4e376b5
122	eyJhbGciOiJIUzI1NiIsInR5cCI6IkpXVCJ9.eyJ0b2tlbl90eXBlIjoicmVmcmVzaCIsImV4cCI6MTc0OTY1NTQ2OCwiaWF0IjoxNzQ5NTY5MDY4LCJqdGkiOiJhMGMzOWYwODZlMzQ0NmVmOGYyNmVkNjBhMjBmZDk0ZCIsInVzZXJfaWQiOjIxNn0.GlPg1vs-z4v4ZIHOldheljee10EB2wKsCkMD9UVxTyI	2025-06-10 15:24:28.191624+00	2025-06-11 15:24:28+00	216	a0c39f086e3446ef8f26ed60a20fd94d
123	eyJhbGciOiJIUzI1NiIsInR5cCI6IkpXVCJ9.eyJ0b2tlbl90eXBlIjoicmVmcmVzaCIsImV4cCI6MTc1MDE0NDMxNSwiaWF0IjoxNzUwMDU3OTE1LCJqdGkiOiJlMjA2ODlhNDExZTM0MTc1YTFmYTY1ZTVhMGM0YTk4NiIsInVzZXJfaWQiOjIxNn0.W125vra65SrcdgVOLT6KGUzyqID1TFeW6i6fSlv7-io	2025-06-16 07:11:55.915498+00	2025-06-17 07:11:55+00	216	e20689a411e34175a1fa65e5a0c4a986
124	eyJhbGciOiJIUzI1NiIsInR5cCI6IkpXVCJ9.eyJ0b2tlbl90eXBlIjoicmVmcmVzaCIsImV4cCI6MTc1MDIyOTk2MywiaWF0IjoxNzUwMTQzNTYzLCJqdGkiOiI2MzkzZmVhNDVlMTg0N2M3OTNmNWUwZmE2ZjI3NWYwNSIsInVzZXJfaWQiOjIxNn0.EqTCienbSZKodEKrYPn_eYve8Oz34ZuNtoRgSmanNvY	2025-06-17 06:59:23.995855+00	2025-06-18 06:59:23+00	216	6393fea45e1847c793f5e0fa6f275f05
125	eyJhbGciOiJIUzI1NiIsInR5cCI6IkpXVCJ9.eyJ0b2tlbl90eXBlIjoicmVmcmVzaCIsImV4cCI6MTc1MDIzMTk1OCwiaWF0IjoxNzUwMTQ1NTU4LCJqdGkiOiIwYjUwODA5ZjQ3ZWM0MDk2YjgzMDg3YmM0OTk0OTY2YyIsInVzZXJfaWQiOjIxNn0.itYv0AsuhWUuVy_hBKDpNTWGSD1l2H2pkO_-etir5Iw	2025-06-17 07:32:38.841303+00	2025-06-18 07:32:38+00	216	0b50809f47ec4096b83087bc4994966c
126	eyJhbGciOiJIUzI1NiIsInR5cCI6IkpXVCJ9.eyJ0b2tlbl90eXBlIjoicmVmcmVzaCIsImV4cCI6MTc1MDMyNjA5NywiaWF0IjoxNzUwMjM5Njk3LCJqdGkiOiIxMjQwMTNjZjZlNzk0NjYyYTYxZjFlMzIyMzRlNjJjNiIsInVzZXJfaWQiOjIxNn0.tNlAmZBzzjPRfAgNQAZbgWQ2GkwwVteUHH31qI4xSnA	2025-06-18 09:41:37.647042+00	2025-06-19 09:41:37+00	216	124013cf6e794662a61f1e32234e62c6
127	eyJhbGciOiJIUzI1NiIsInR5cCI6IkpXVCJ9.eyJ0b2tlbl90eXBlIjoicmVmcmVzaCIsImV4cCI6MTc1MDMyNzExNywiaWF0IjoxNzUwMjQwNzE3LCJqdGkiOiI5OGU3MDMwOTg1YjM0Y2RhODY4MjkxNTEwYWZjN2RlZSIsInVzZXJfaWQiOjIxNn0.H_CPuZqJYXzcvEJMMuwYSv_Jx-GAo4UChS-3MD7DZLA	2025-06-18 09:58:37.530713+00	2025-06-19 09:58:37+00	216	98e7030985b34cda868291510afc7dee
128	eyJhbGciOiJIUzI1NiIsInR5cCI6IkpXVCJ9.eyJ0b2tlbl90eXBlIjoicmVmcmVzaCIsImV4cCI6MTc1MDQxMzk4OSwiaWF0IjoxNzUwMzI3NTg5LCJqdGkiOiI1YjczNzgxNDIwYTg0M2QzOTI5NjUwNmYyNDJiODU3MiIsInVzZXJfaWQiOjIxNn0.qYzRywxn-ddmVSz0ZLiZaKFdsUeb4H8qjCSE8NRGfK0	2025-06-19 10:06:29.926944+00	2025-06-20 10:06:29+00	216	5b73781420a843d39296506f242b8572
129	eyJhbGciOiJIUzI1NiIsInR5cCI6IkpXVCJ9.eyJ0b2tlbl90eXBlIjoicmVmcmVzaCIsImV4cCI6MTc1MDQxNDM1MiwiaWF0IjoxNzUwMzI3OTUyLCJqdGkiOiJmMDFmYzJhM2NhZDU0ZTE3OGMzOWI5NjU4ZmRiNDY3MCIsInVzZXJfaWQiOjIxNn0.3ocMRUW2C2pKBoqUSMdAcWrr0e4isKwPCX_JGWLFYVc	2025-06-19 10:12:32.512119+00	2025-06-20 10:12:32+00	216	f01fc2a3cad54e178c39b9658fdb4670
130	eyJhbGciOiJIUzI1NiIsInR5cCI6IkpXVCJ9.eyJ0b2tlbl90eXBlIjoicmVmcmVzaCIsImV4cCI6MTc1MDUxNjU4MSwiaWF0IjoxNzUwNDMwMTgxLCJqdGkiOiIzNTdhODEwNGRjNjM0YjU3OGVhYzU1NzBiNTc5MzQ1NSIsInVzZXJfaWQiOjIxNn0.6phl1OkBpm3sreMsL9TKzKNVPilh4tKHv7mn1qigbYA	2025-06-20 14:36:21.638865+00	2025-06-21 14:36:21+00	216	357a8104dc634b578eac5570b5793455
131	eyJhbGciOiJIUzI1NiIsInR5cCI6IkpXVCJ9.eyJ0b2tlbl90eXBlIjoicmVmcmVzaCIsImV4cCI6MTc1MDU2MDI2NiwiaWF0IjoxNzUwNDczODY2LCJqdGkiOiI2NzYxNjVlZWIwYjU0ZWVhYWUyYWM2NjYwYzA4YzQwOSIsInVzZXJfaWQiOjIxNn0.A8vec-vGWPiEx8swfWfiExNE5A2fEJtv9bTbEioZtqo	2025-06-21 02:44:26.854879+00	2025-06-22 02:44:26+00	216	676165eeb0b54eeaae2ac6660c08c409
132	eyJhbGciOiJIUzI1NiIsInR5cCI6IkpXVCJ9.eyJ0b2tlbl90eXBlIjoicmVmcmVzaCIsImV4cCI6MTc1MDYxMjgyMSwiaWF0IjoxNzUwNTI2NDIxLCJqdGkiOiI5ZTdlZmEyZjA1MGY0M2E3YTA4NTAzZjU2OWM5NjUwMSIsInVzZXJfaWQiOjIxNn0.dVvKNLlWik6DTMnf1popq1uTPBvxBGxqhN6Z2XMrF2w	2025-06-21 17:20:21.103543+00	2025-06-22 17:20:21+00	216	9e7efa2f050f43a7a08503f569c96501
133	eyJhbGciOiJIUzI1NiIsInR5cCI6IkpXVCJ9.eyJ0b2tlbl90eXBlIjoicmVmcmVzaCIsImV4cCI6MTc1MDY2NzgzNywiaWF0IjoxNzUwNTgxNDM3LCJqdGkiOiJkMjJjZDdkYTE4NWE0ZjI1YWQzZjkxYmM4OWQ5OWE0YSIsInVzZXJfaWQiOjIxNn0.gUD8gKVQV2TWxokaRFGVu7EBTMSdkuiFW_o24OOV6Zs	2025-06-22 08:37:17.487503+00	2025-06-23 08:37:17+00	216	d22cd7da185a4f25ad3f91bc89d99a4a
134	eyJhbGciOiJIUzI1NiIsInR5cCI6IkpXVCJ9.eyJ0b2tlbl90eXBlIjoicmVmcmVzaCIsImV4cCI6MTc1MDY4OTI0MCwiaWF0IjoxNzUwNjAyODQwLCJqdGkiOiI4ZmNkZjY5MDE1ZTQ0YTZmOGU1MTI5NWE2YjFiM2ZmMCIsInVzZXJfaWQiOjIxNn0.aJ6kq9SeqMGefiHn-16eNxrsVq_DfWtTS__lZSJVxcg	2025-06-22 14:34:00.226651+00	2025-06-23 14:34:00+00	216	8fcdf69015e44a6f8e51295a6b1b3ff0
135	eyJhbGciOiJIUzI1NiIsInR5cCI6IkpXVCJ9.eyJ0b2tlbl90eXBlIjoicmVmcmVzaCIsImV4cCI6MTc1MDc0NjYxOCwiaWF0IjoxNzUwNjYwMjE4LCJqdGkiOiIwOTViODg2NDQyOGU0ZGM2YWUxYTlhMjYyZGRjZDcwNiIsInVzZXJfaWQiOjIxNn0.iQxMdcnytcfrTW_B182iqdUBFZAwZKY4ZGTlS2imJpM	2025-06-23 06:30:18.258193+00	2025-06-24 06:30:18+00	216	095b8864428e4dc6ae1a9a262ddcd706
136	eyJhbGciOiJIUzI1NiIsInR5cCI6IkpXVCJ9.eyJ0b2tlbl90eXBlIjoicmVmcmVzaCIsImV4cCI6MTc1MDg2Mjg3MiwiaWF0IjoxNzUwNzc2NDcyLCJqdGkiOiJlMDg1ZDA5NjhmM2Y0NDg1OTI1NGI4MmJkNmIxYTMzMCIsInVzZXJfaWQiOjIxNn0.xH-OOoDETtfdtI8qgOwb7h3C06QfMI5G0gzGmUgMIps	2025-06-24 14:47:52.092605+00	2025-06-25 14:47:52+00	216	e085d0968f3f44859254b82bd6b1a330
137	eyJhbGciOiJIUzI1NiIsInR5cCI6IkpXVCJ9.eyJ0b2tlbl90eXBlIjoicmVmcmVzaCIsImV4cCI6MTc1MDk4MTU3MCwiaWF0IjoxNzUwODk1MTcwLCJqdGkiOiJmNTNjMmEwMzkyZjQ0NTQxOGVhZTcwZDgzN2FjMjdlMiIsInVzZXJfaWQiOjIxNn0.R9GJO5Op4fKgtJMR4l6aSMu-Ccr4kLeVNHCoGkSiSAQ	2025-06-25 23:46:10.460045+00	2025-06-26 23:46:10+00	216	f53c2a0392f445418eae70d837ac27e2
138	eyJhbGciOiJIUzI1NiIsInR5cCI6IkpXVCJ9.eyJ0b2tlbl90eXBlIjoicmVmcmVzaCIsImV4cCI6MTc1MDk4NTI3MiwiaWF0IjoxNzUwODk4ODcyLCJqdGkiOiJlODQ1YTA2MGZmNTY0NjhjOWQwZjY5ZTA4OTMwMTk2MCIsInVzZXJfaWQiOjIxNn0._yR24JBEzwzt73yvyWOHeft4H2lBKDK1Sqz0xSVUsZY	2025-06-26 00:47:52.759117+00	2025-06-27 00:47:52+00	216	e845a060ff56468c9d0f69e089301960
139	eyJhbGciOiJIUzI1NiIsInR5cCI6IkpXVCJ9.eyJ0b2tlbl90eXBlIjoicmVmcmVzaCIsImV4cCI6MTc1MTE0NTMzMywiaWF0IjoxNzUxMDU4OTMzLCJqdGkiOiI4MTUwMWMxOTQwNzk0NGQ2OTI4NjM1ZDU1ZGQ3Mzc2MSIsInVzZXJfaWQiOjIxNn0.6CTJBlrl0tHuVB-ER0Mf0EmKjjOfUq0USnwjVOL40MI	2025-06-27 21:15:33.533193+00	2025-06-28 21:15:33+00	216	81501c19407944d6928635d55dd73761
140	eyJhbGciOiJIUzI1NiIsInR5cCI6IkpXVCJ9.eyJ0b2tlbl90eXBlIjoicmVmcmVzaCIsImV4cCI6MTc1MTE0Nzc4NiwiaWF0IjoxNzUxMDYxMzg2LCJqdGkiOiJkN2YzMmJlOGE2YWQ0ZmE2OTE4OTBjNjIxOTM1NjY4OCIsInVzZXJfaWQiOjIxNn0.82dapcIt3iaxLj3l54jj_uGyQSYFv0-7dZgP5Rl1G60	2025-06-27 21:56:26.129222+00	2025-06-28 21:56:26+00	216	d7f32be8a6ad4fa691890c6219356688
141	eyJhbGciOiJIUzI1NiIsInR5cCI6IkpXVCJ9.eyJ0b2tlbl90eXBlIjoicmVmcmVzaCIsImV4cCI6MTc1MTE1MTAzNSwiaWF0IjoxNzUxMDY0NjM1LCJqdGkiOiI4ZjMxMDJlZDRlZmE0ZmY2OTA1NzE5Y2I5ZDUzZjM3YyIsInVzZXJfaWQiOjIxNn0.6naMoUhQTLpSbfzpmgmKBmSPbrYAvXQe3v0NQyyrQNE	2025-06-27 22:50:35.933543+00	2025-06-28 22:50:35+00	216	8f3102ed4efa4ff6905719cb9d53f37c
142	eyJhbGciOiJIUzI1NiIsInR5cCI6IkpXVCJ9.eyJ0b2tlbl90eXBlIjoicmVmcmVzaCIsImV4cCI6MTc1MTE1NzI1NSwiaWF0IjoxNzUxMDcwODU1LCJqdGkiOiJmMTkxNmMxZjg1ZTk0ZDlkYjUzYTliZDI1YTVhOTg2YiIsInVzZXJfaWQiOjIxNn0.hr5lQjDIcq7lrJFmfpbTYQt05FAt9wnH8jlsJvdAsrA	2025-06-28 00:34:15.312454+00	2025-06-29 00:34:15+00	216	f1916c1f85e94d9db53a9bd25a5a986b
143	eyJhbGciOiJIUzI1NiIsInR5cCI6IkpXVCJ9.eyJ0b2tlbl90eXBlIjoicmVmcmVzaCIsImV4cCI6MTc1MTE1NzMxMywiaWF0IjoxNzUxMDcwOTEzLCJqdGkiOiJkZDgxZGE2NTdjNGY0YThiYjg2ODE1OWQ4NjBjNDlhOSIsInVzZXJfaWQiOjIxNn0.GPuuh09f1TE0MfNxtGGYy2XZNEGQ7ZkRENG0wY-leqo	2025-06-28 00:35:13.791422+00	2025-06-29 00:35:13+00	216	dd81da657c4f4a8bb868159d860c49a9
144	eyJhbGciOiJIUzI1NiIsInR5cCI6IkpXVCJ9.eyJ0b2tlbl90eXBlIjoicmVmcmVzaCIsImV4cCI6MTc1MTE2NzU3NCwiaWF0IjoxNzUxMDgxMTc0LCJqdGkiOiJhMzE2NzdmY2IwYzY0ZWJhODYyOWZkOTIyY2I3NWRmMiIsInVzZXJfaWQiOjIxNn0.yyDbp1TMzIQ0eXamAAwJl2bydDj9TTBzxQtxWWBqqWA	2025-06-28 03:26:14.05192+00	2025-06-29 03:26:14+00	216	a31677fcb0c64eba8629fd922cb75df2
145	eyJhbGciOiJIUzI1NiIsInR5cCI6IkpXVCJ9.eyJ0b2tlbl90eXBlIjoicmVmcmVzaCIsImV4cCI6MTc1MTIwNTgyOSwiaWF0IjoxNzUxMTE5NDI5LCJqdGkiOiJhZGFiZDY5NWVlNTY0MjkzYTczZDRkYmZjNzUxZTM2MSIsInVzZXJfaWQiOjIxNn0.Y7uIeNg4PEUKwgd2iz7jUrw6K9hRyYaeg6CFi9QetP8	2025-06-28 14:03:49.759652+00	2025-06-29 14:03:49+00	216	adabd695ee564293a73d4dbfc751e361
146	eyJhbGciOiJIUzI1NiIsInR5cCI6IkpXVCJ9.eyJ0b2tlbl90eXBlIjoicmVmcmVzaCIsImV4cCI6MTc1MTIwOTgzNSwiaWF0IjoxNzUxMTIzNDM1LCJqdGkiOiJhNzBhODJhZDdjZGI0ZDVjOGYyYWRiYTBlZWI2MmRhOSIsInVzZXJfaWQiOjIxNn0.eLOQejS108GZQXBn-vXFnogIyM3B13LZSQpIoFV4H10	2025-06-28 15:10:35.524268+00	2025-06-29 15:10:35+00	216	a70a82ad7cdb4d5c8f2adba0eeb62da9
147	eyJhbGciOiJIUzI1NiIsInR5cCI6IkpXVCJ9.eyJ0b2tlbl90eXBlIjoicmVmcmVzaCIsImV4cCI6MTc1MTIxMDQzOSwiaWF0IjoxNzUxMTI0MDM5LCJqdGkiOiJlNDVmNjY2ZjU3NTA0NTg1ODE4OGViMjgwNWNjMjE4ZSIsInVzZXJfaWQiOjIxNn0.p-C73R5mthBFEwY8d4h8nkW-2yGKtZXSY6YwYAqKtm8	2025-06-28 15:20:39.572825+00	2025-06-29 15:20:39+00	216	e45f666f575045858188eb2805cc218e
148	eyJhbGciOiJIUzI1NiIsInR5cCI6IkpXVCJ9.eyJ0b2tlbl90eXBlIjoicmVmcmVzaCIsImV4cCI6MTc1MTIxODkxMiwiaWF0IjoxNzUxMTMyNTEyLCJqdGkiOiIwZDJjZjYxNDdlZjY0Mjc1OGVmYjBmMjljMjdmNTM5OCIsInVzZXJfaWQiOjIxNn0.CcKMBXSYQl4rhfL_wed2OXKNTToSbfwzfq5cXvH48tQ	2025-06-28 17:41:52.30747+00	2025-06-29 17:41:52+00	216	0d2cf6147ef642758efb0f29c27f5398
149	eyJhbGciOiJIUzI1NiIsInR5cCI6IkpXVCJ9.eyJ0b2tlbl90eXBlIjoicmVmcmVzaCIsImV4cCI6MTc1MTIxOTQ3NiwiaWF0IjoxNzUxMTMzMDc2LCJqdGkiOiI3M2VmZWVjNjE4YjM0ZmMyOWY1NTg0Y2FlZTU4NzhjZiIsInVzZXJfaWQiOjIxNn0.j8BFVsAZqrJLONOqjK_QhiXvByPQ98GtVMWQGIaJpQc	2025-06-28 17:51:16.356863+00	2025-06-29 17:51:16+00	216	73efeec618b34fc29f5584caee5878cf
150	eyJhbGciOiJIUzI1NiIsInR5cCI6IkpXVCJ9.eyJ0b2tlbl90eXBlIjoicmVmcmVzaCIsImV4cCI6MTc1MTIyNTI0MCwiaWF0IjoxNzUxMTM4ODQwLCJqdGkiOiI3ZmE0NjE2OTIxMjE0YTkwOTQ3MTA2NmJiZjhhMmI1NCIsInVzZXJfaWQiOjIxNn0.5csmJ93842dqseSG6nsj9vETUPLfmKkUT4L5ZMEUGHs	2025-06-28 19:27:20.02765+00	2025-06-29 19:27:20+00	216	7fa4616921214a909471066bbf8a2b54
151	eyJhbGciOiJIUzI1NiIsInR5cCI6IkpXVCJ9.eyJ0b2tlbl90eXBlIjoicmVmcmVzaCIsImV4cCI6MTc1MTIzMjM1NywiaWF0IjoxNzUxMTQ1OTU3LCJqdGkiOiI3MTg4ZmJhM2RhNzg0NWZlYTRkMzJhMDFmZmRjNjNhYyIsInVzZXJfaWQiOjIxNn0.kwMnGgPV8O68CHd41Lsf-is7p-MP7ewU942LVbOm92k	2025-06-28 21:25:57.075959+00	2025-06-29 21:25:57+00	216	7188fba3da7845fea4d32a01ffdc63ac
152	eyJhbGciOiJIUzI1NiIsInR5cCI6IkpXVCJ9.eyJ0b2tlbl90eXBlIjoicmVmcmVzaCIsImV4cCI6MTc1MTI5NTY1NiwiaWF0IjoxNzUxMjA5MjU2LCJqdGkiOiI3MzkyYTU1MTMxMWQ0Zjg3ODAyNzgyNGEwYTEyMGYzZSIsInVzZXJfaWQiOjIxNn0.ILXvFI4vSBgTzkJT1Kgi7I7uALLaFVtrfriMNgbjTKM	2025-06-29 15:00:56.310335+00	2025-06-30 15:00:56+00	216	7392a551311d4f878027824a0a120f3e
153	eyJhbGciOiJIUzI1NiIsInR5cCI6IkpXVCJ9.eyJ0b2tlbl90eXBlIjoicmVmcmVzaCIsImV4cCI6MTc1MTI5NjI5NCwiaWF0IjoxNzUxMjA5ODk0LCJqdGkiOiJhOGVhMzdkZjM1OGU0NzM1YTE4MmU3OTY1YTFkOGUwYyIsInVzZXJfaWQiOjIxNn0.RhYh_PuvPYyfjzvTN3b5vvE9HtY7S1htk0GZikgdaq0	2025-06-29 15:11:34.719337+00	2025-06-30 15:11:34+00	216	a8ea37df358e4735a182e7965a1d8e0c
154	eyJhbGciOiJIUzI1NiIsInR5cCI6IkpXVCJ9.eyJ0b2tlbl90eXBlIjoicmVmcmVzaCIsImV4cCI6MTc1MTI5NjgzNSwiaWF0IjoxNzUxMjEwNDM1LCJqdGkiOiJmZDFhMGFhZTA4OWU0MDY0YmZiMTdhZDQzNmVkOTVlOCIsInVzZXJfaWQiOjIxNn0.m48HfHZa_JUMYS9ta-vov3NEi6ySkkEuPWLHf7Gj6m8	2025-06-29 15:20:35.362567+00	2025-06-30 15:20:35+00	216	fd1a0aae089e4064bfb17ad436ed95e8
155	eyJhbGciOiJIUzI1NiIsInR5cCI6IkpXVCJ9.eyJ0b2tlbl90eXBlIjoicmVmcmVzaCIsImV4cCI6MTc1MTMwMjQyMCwiaWF0IjoxNzUxMjE2MDIwLCJqdGkiOiIxNjk1MzEyOWY4NzQ0MTRlODQ4NDdiZDc3MDliYWE0YyIsInVzZXJfaWQiOjIxNn0.BoorrKnCMppqwsuW4qAlMHUomwzUFlztTKZZ1teTUvk	2025-06-29 16:53:40.633312+00	2025-06-30 16:53:40+00	216	16953129f874414e84847bd7709baa4c
156	eyJhbGciOiJIUzI1NiIsInR5cCI6IkpXVCJ9.eyJ0b2tlbl90eXBlIjoicmVmcmVzaCIsImV4cCI6MTc1MTMxNjY1MiwiaWF0IjoxNzUxMjMwMjUyLCJqdGkiOiI5MDMyMzFlZTU0Mzk0ODhjYWE0MTI1ZWI0ZDA3ZjdlZCIsInVzZXJfaWQiOjIxNn0.qK85y3KoUG61m7Dnd51YdXjHlhhJsChYuzYsO49CN8w	2025-06-29 20:50:52.645843+00	2025-06-30 20:50:52+00	216	903231ee5439488caa4125eb4d07f7ed
157	eyJhbGciOiJIUzI1NiIsInR5cCI6IkpXVCJ9.eyJ0b2tlbl90eXBlIjoicmVmcmVzaCIsImV4cCI6MTc1MTMyOTIwOCwiaWF0IjoxNzUxMjQyODA4LCJqdGkiOiJkMWFlOWI0OGM2YWU0NjdlODdhOGQ5NTY1YzMzMTNmNiIsInVzZXJfaWQiOjIxNn0.1AwVVyf3iVC9zuo_9UsW7W0rcgatgMlom4tlmMQOrnI	2025-06-30 00:20:08.478275+00	2025-07-01 00:20:08+00	216	d1ae9b48c6ae467e87a8d9565c3313f6
158	eyJhbGciOiJIUzI1NiIsInR5cCI6IkpXVCJ9.eyJ0b2tlbl90eXBlIjoicmVmcmVzaCIsImV4cCI6MTc1MTMzMDcwNiwiaWF0IjoxNzUxMjQ0MzA2LCJqdGkiOiJlZmY5MjEwOTcwMjU0NWI4ODhmOTFmMmMxZWRiNWRkMiIsInVzZXJfaWQiOjIxNn0.BF4nc6hKDQRIoRxbUsuQH8nezW5tkgnj4FWlwn1wzRc	2025-06-30 00:45:06.483905+00	2025-07-01 00:45:06+00	216	eff92109702545b888f91f2c1edb5dd2
159	eyJhbGciOiJIUzI1NiIsInR5cCI6IkpXVCJ9.eyJ0b2tlbl90eXBlIjoicmVmcmVzaCIsImV4cCI6MTc1MTQ2ODI0MSwiaWF0IjoxNzUxMzgxODQxLCJqdGkiOiJiMmRhNDkwNGRjZmU0NTVlYjA1MjJlN2JhMmY1OTVjNiIsInVzZXJfaWQiOjIxNn0.ub7RbXIp9ihwZujlhL6ddOG5ED2EpdUriEp73jpfTHQ	2025-07-01 14:57:21.232454+00	2025-07-02 14:57:21+00	216	b2da4904dcfe455eb0522e7ba2f595c6
160	eyJhbGciOiJIUzI1NiIsInR5cCI6IkpXVCJ9.eyJ0b2tlbl90eXBlIjoicmVmcmVzaCIsImV4cCI6MTc1MTQ2OTkyMywiaWF0IjoxNzUxMzgzNTIzLCJqdGkiOiI2MzY3OWNiYjU4YTM0Y2ExODgyYjFhYzFkYzA1NGZmMSIsInVzZXJfaWQiOjIxNn0.v1yFTl1mFUQNj5Dw9F-3MfilBS1m0LFBcKn5Oxe20b0	2025-07-01 15:25:23.644721+00	2025-07-02 15:25:23+00	216	63679cbb58a34ca1882b1ac1dc054ff1
161	eyJhbGciOiJIUzI1NiIsInR5cCI6IkpXVCJ9.eyJ0b2tlbl90eXBlIjoicmVmcmVzaCIsImV4cCI6MTc1MTQ3NDMxNSwiaWF0IjoxNzUxMzg3OTE1LCJqdGkiOiJkY2JhNzYxNDc5YWE0YmM2ODQxNjc2YjE3Y2JiOGE2NSIsInVzZXJfaWQiOjIxNn0.0XyK3Kowa5bdgwlXRfC_PLoXFxZJWlsqYdBSqoO9kPk	2025-07-01 16:38:35.234245+00	2025-07-02 16:38:35+00	216	dcba761479aa4bc6841676b17cbb8a65
162	eyJhbGciOiJIUzI1NiIsInR5cCI6IkpXVCJ9.eyJ0b2tlbl90eXBlIjoicmVmcmVzaCIsImV4cCI6MTc1MTQ3NDg4MywiaWF0IjoxNzUxMzg4NDgzLCJqdGkiOiIzMjhjOTExMjNjMjE0MTU1OTFhNDVkMzE3MTBkMWFkOCIsInVzZXJfaWQiOjIxNn0._EfMO8R1hvHTqAh4_8zxDPh7hTzzws-oJGH6v5XgbEc	2025-07-01 16:48:03.447701+00	2025-07-02 16:48:03+00	216	328c91123c21415591a45d31710d1ad8
163	eyJhbGciOiJIUzI1NiIsInR5cCI6IkpXVCJ9.eyJ0b2tlbl90eXBlIjoicmVmcmVzaCIsImV4cCI6MTc1MTQ3ODI4NCwiaWF0IjoxNzUxMzkxODg0LCJqdGkiOiI5ZGVhMDBhYmFkMDA0OTQyYTdmZWVjYzJhZjNkMTY4YSIsInVzZXJfaWQiOjIxNn0.fX3LHbvlrw7XOVm0Ha2BcBhPqMvNZ2Vb1D7xdrid2nA	2025-07-01 17:44:44.178459+00	2025-07-02 17:44:44+00	216	9dea00abad004942a7feecc2af3d168a
164	eyJhbGciOiJIUzI1NiIsInR5cCI6IkpXVCJ9.eyJ0b2tlbl90eXBlIjoicmVmcmVzaCIsImV4cCI6MTc1MTQ4ODM1OCwiaWF0IjoxNzUxNDAxOTU4LCJqdGkiOiI1M2ZiMGNmNWYxZjk0MjljYmE4YTU2MDE1ODA3ZTEzZiIsInVzZXJfaWQiOjIxNn0.MQLEfPpouywC_LTPWKP9iQd4y6gxw75DEwHSPXOq2LU	2025-07-01 20:32:38.437434+00	2025-07-02 20:32:38+00	216	53fb0cf5f1f9429cba8a56015807e13f
165	eyJhbGciOiJIUzI1NiIsInR5cCI6IkpXVCJ9.eyJ0b2tlbl90eXBlIjoicmVmcmVzaCIsImV4cCI6MTc1MTQ5NTAwMiwiaWF0IjoxNzUxNDA4NjAyLCJqdGkiOiI5ZmY4YTVlNDNlYzc0NzJiOTgyN2FiN2M4OWViYTM5MSIsInVzZXJfaWQiOjIxNn0.LBqGbT32E90pMi5BJpntpapaE9j2dj-87bppo_CDi84	2025-07-01 22:23:22.886113+00	2025-07-02 22:23:22+00	216	9ff8a5e43ec7472b9827ab7c89eba391
166	eyJhbGciOiJIUzI1NiIsInR5cCI6IkpXVCJ9.eyJ0b2tlbl90eXBlIjoicmVmcmVzaCIsImV4cCI6MTc1MTQ5NzM4NiwiaWF0IjoxNzUxNDEwOTg2LCJqdGkiOiIyNDE1MjM4ZTIxMDI0NzQ1OTY2YTE0NDc0MWQwZGU4NyIsInVzZXJfaWQiOjIxNn0.vsVmggGmjaUrsVN7gpvgz-NLQemCEjfPpxnmNxThmFk	2025-07-01 23:03:06.008715+00	2025-07-02 23:03:06+00	216	2415238e21024745966a144741d0de87
167	eyJhbGciOiJIUzI1NiIsInR5cCI6IkpXVCJ9.eyJ0b2tlbl90eXBlIjoicmVmcmVzaCIsImV4cCI6MTc1MTY0MzU5OCwiaWF0IjoxNzUxNTU3MTk4LCJqdGkiOiIzZWE0Mjg2MDNkOTI0NzViOWY1MTVhZTVkNGQyZGY4NCIsInVzZXJfaWQiOjIxNn0.k6zrVcpSEdoIgl3QtxAndjxuyqZ0pKVQLYs_6kCxvTA	2025-07-03 15:39:58.114569+00	2025-07-04 15:39:58+00	216	3ea428603d92475b9f515ae5d4d2df84
168	eyJhbGciOiJIUzI1NiIsInR5cCI6IkpXVCJ9.eyJ0b2tlbl90eXBlIjoicmVmcmVzaCIsImV4cCI6MTc1MTY0NDUwMiwiaWF0IjoxNzUxNTU4MTAyLCJqdGkiOiJhZjgwYTcxNDMzNDg0MTMzOTQzNGJmY2M1MTQwOTVhYyIsInVzZXJfaWQiOjIxNn0.4vo1x1MwTqORTRRJvJlT6C_alldG4R0pcdPxtkyNN_Q	2025-07-03 15:55:02.817583+00	2025-07-04 15:55:02+00	216	af80a714334841339434bfcc514095ac
169	eyJhbGciOiJIUzI1NiIsInR5cCI6IkpXVCJ9.eyJ0b2tlbl90eXBlIjoicmVmcmVzaCIsImV4cCI6MTc1MTY2Nzg3NywiaWF0IjoxNzUxNTgxNDc3LCJqdGkiOiIwZTI3YTQ3MGUyYjI0ZTczYWJjZTRjMGFmOGYwZTZlMCIsInVzZXJfaWQiOjIxNn0.RmoO8aWdjLrIg8Gek_NEXDN4AI9F1QTYKm3H6M6XiEU	2025-07-03 22:24:37.011063+00	2025-07-04 22:24:37+00	216	0e27a470e2b24e73abce4c0af8f0e6e0
170	eyJhbGciOiJIUzI1NiIsInR5cCI6IkpXVCJ9.eyJ0b2tlbl90eXBlIjoicmVmcmVzaCIsImV4cCI6MTc1MTY2ODMzMCwiaWF0IjoxNzUxNTgxOTMwLCJqdGkiOiIzNTljZTViZDYyNGI0YmJkOWZhODk0MzVkNTk4OGM3ZSIsInVzZXJfaWQiOjIxNn0.u-lBd4XuayhMDM7eqSN6lfMrYkhKmk6lO9tKQ_zLEIY	2025-07-03 22:32:10.123091+00	2025-07-04 22:32:10+00	216	359ce5bd624b4bbd9fa89435d5988c7e
171	eyJhbGciOiJIUzI1NiIsInR5cCI6IkpXVCJ9.eyJ0b2tlbl90eXBlIjoicmVmcmVzaCIsImV4cCI6MTc1MTY3MzIxNiwiaWF0IjoxNzUxNTg2ODE2LCJqdGkiOiI5OWNhOTE5NmI5MGI0ZjAxODliMDRjNDdjY2JiZDE4MyIsInVzZXJfaWQiOjE1OX0.oHQ0uloA5Ty20TY7uroRK7hw8d3x0YpeY95p3uexOPY	2025-07-03 23:53:36.916445+00	2025-07-04 23:53:36+00	159	99ca9196b90b4f0189b04c47ccbbd183
172	eyJhbGciOiJIUzI1NiIsInR5cCI6IkpXVCJ9.eyJ0b2tlbl90eXBlIjoicmVmcmVzaCIsImV4cCI6MTc1MTY3MzcyMCwiaWF0IjoxNzUxNTg3MzIwLCJqdGkiOiI1ZTk2YmFiZWE1ZjU0Njk2ODY3YmYxNGRjOGVmYTM5YSIsInVzZXJfaWQiOjE1OX0.mc0zFRm0P4maJIwLDhOTpN1P5fhmirPau1zlBeJO3kM	2025-07-04 00:02:00.368645+00	2025-07-05 00:02:00+00	159	5e96babea5f54696867bf14dc8efa39a
173	eyJhbGciOiJIUzI1NiIsInR5cCI6IkpXVCJ9.eyJ0b2tlbl90eXBlIjoicmVmcmVzaCIsImV4cCI6MTc1MTc0NTk3NSwiaWF0IjoxNzUxNjU5NTc1LCJqdGkiOiI0MWJmZTUxNmNhYzU0ZWZkYmY2ZTViMTFiMDhlOTRmYiIsInVzZXJfaWQiOjIxNn0.0wTrpv6bl26aaLPcnYdBN_TmdUVfFoGbhekFQiwT4qo	2025-07-04 20:06:15.726065+00	2025-07-05 20:06:15+00	216	41bfe516cac54efdbf6e5b11b08e94fb
174	eyJhbGciOiJIUzI1NiIsInR5cCI6IkpXVCJ9.eyJ0b2tlbl90eXBlIjoicmVmcmVzaCIsImV4cCI6MTc1MTc0ODA1OSwiaWF0IjoxNzUxNjYxNjU5LCJqdGkiOiJmMWNkMWYwYmYyN2E0NzkwOGViNTc3M2QyZjgwOWYwYiIsInVzZXJfaWQiOjIxNn0.KhfQbrsL2NHK3sPyYOyICJXGECiiVGmOoSU3zPox04A	2025-07-04 20:40:59.63493+00	2025-07-05 20:40:59+00	216	f1cd1f0bf27a47908eb5773d2f809f0b
175	eyJhbGciOiJIUzI1NiIsInR5cCI6IkpXVCJ9.eyJ0b2tlbl90eXBlIjoicmVmcmVzaCIsImV4cCI6MTc1MTgzNTY3NywiaWF0IjoxNzUxNzQ5Mjc3LCJqdGkiOiIwMWNmYzI2NGJhNjY0ZWU0OTBiYTU0OWM0MjVjNzJhZiIsInVzZXJfaWQiOjIxNn0.x7k7XAybmo17p5aBF8oISy8wpdxYIB1KuOYkpXQaU1k	2025-07-05 21:01:17.18016+00	2025-07-06 21:01:17+00	216	01cfc264ba664ee490ba549c425c72af
176	eyJhbGciOiJIUzI1NiIsInR5cCI6IkpXVCJ9.eyJ0b2tlbl90eXBlIjoicmVmcmVzaCIsImV4cCI6MTc1MTg0MDE3NiwiaWF0IjoxNzUxNzUzNzc2LCJqdGkiOiJlMGY5NDk1OTI0ZjQ0YzQwYWRhY2ExNTlhOTlhNDMyOCIsInVzZXJfaWQiOjIxNn0.MNLALtTJqm9C4cVdDD2SMtyyv_JC4tgFqHzgFJCsqVU	2025-07-05 22:16:16.914858+00	2025-07-06 22:16:16+00	216	e0f9495924f44c40adaca159a99a4328
177	eyJhbGciOiJIUzI1NiIsInR5cCI6IkpXVCJ9.eyJ0b2tlbl90eXBlIjoicmVmcmVzaCIsImV4cCI6MTc1MTg0MDQ0NywiaWF0IjoxNzUxNzU0MDQ3LCJqdGkiOiI2M2U3OTc3MTg0MzI0OTY3YjkyYzBjZTkwM2M5MTU1NyIsInVzZXJfaWQiOjIxNn0.NNmbBzS3AP3-tDWnpWs6yAxPh3UQsRIDsSmoHA73sR8	2025-07-05 22:20:47.206576+00	2025-07-06 22:20:47+00	216	63e7977184324967b92c0ce903c91557
178	eyJhbGciOiJIUzI1NiIsInR5cCI6IkpXVCJ9.eyJ0b2tlbl90eXBlIjoicmVmcmVzaCIsImV4cCI6MTc1MTg4NjYxOCwiaWF0IjoxNzUxODAwMjE4LCJqdGkiOiI1YjcyMDY2ZjI2MGI0ODA0YTQ0NWE2OWE4ZDM4NmNkNSIsInVzZXJfaWQiOjIxNn0.gxHybdLklu_PZgbvlYF8NQ2C8aGYVshxUs3YKo9w7aE	2025-07-06 11:10:18.360135+00	2025-07-07 11:10:18+00	216	5b72066f260b4804a445a69a8d386cd5
179	eyJhbGciOiJIUzI1NiIsInR5cCI6IkpXVCJ9.eyJ0b2tlbl90eXBlIjoicmVmcmVzaCIsImV4cCI6MTc1MTg5MDg2MCwiaWF0IjoxNzUxODA0NDYwLCJqdGkiOiJkZTU4ZTA2OWFjMTg0NzQ3YjBhZjQ5MzkyMzkwYjFjYiIsInVzZXJfaWQiOjIxNn0.9X8rXge2vHl3n7bRImdT2CqTz4K3QD7zz20wQBLmAlQ	2025-07-06 12:21:00.925307+00	2025-07-07 12:21:00+00	216	de58e069ac184747b0af49392390b1cb
180	eyJhbGciOiJIUzI1NiIsInR5cCI6IkpXVCJ9.eyJ0b2tlbl90eXBlIjoicmVmcmVzaCIsImV4cCI6MTc1MTg5MDg2NywiaWF0IjoxNzUxODA0NDY3LCJqdGkiOiI4MDZkYTY3YTY5NTU0MzA0OGQ2NzlkZTUxOGM0ZjFjMCIsInVzZXJfaWQiOjIxNn0.7yCXgbMjiyhtsHl0UF38YFXQXsq7p-ZdGbAy-WBHTY8	2025-07-06 12:21:07.152872+00	2025-07-07 12:21:07+00	216	806da67a695543048d679de518c4f1c0
181	eyJhbGciOiJIUzI1NiIsInR5cCI6IkpXVCJ9.eyJ0b2tlbl90eXBlIjoicmVmcmVzaCIsImV4cCI6MTc1MTg5MTA2MiwiaWF0IjoxNzUxODA0NjYyLCJqdGkiOiJkNjE1NjMwODM4OWQ0NjJiOWNjNGE2OGIyMDNiNWZiZSIsInVzZXJfaWQiOjIxNn0.VN9dcqFUATjJ_OhPul4CgEZdmRWgs2sZuF6p069FyJw	2025-07-06 12:24:22.410901+00	2025-07-07 12:24:22+00	216	d6156308389d462b9cc4a68b203b5fbe
182	eyJhbGciOiJIUzI1NiIsInR5cCI6IkpXVCJ9.eyJ0b2tlbl90eXBlIjoicmVmcmVzaCIsImV4cCI6MTc1MjAyMjIzNCwiaWF0IjoxNzUxOTM1ODM0LCJqdGkiOiIzYjI1MTliMjQ4ZDk0ODk4OWM3MTU5YWUxN2RmOTkxOCIsInVzZXJfaWQiOjIxNn0.c_8Br_vt-2EHvxfXus3yBxnjIa68u9mMvHFyxAHKBmI	2025-07-08 00:50:34.834504+00	2025-07-09 00:50:34+00	216	3b2519b248d948989c7159ae17df9918
183	eyJhbGciOiJIUzI1NiIsInR5cCI6IkpXVCJ9.eyJ0b2tlbl90eXBlIjoicmVmcmVzaCIsImV4cCI6MTc1MjAyMjI5MywiaWF0IjoxNzUxOTM1ODkzLCJqdGkiOiI5YzBmMWU2YWYzZTE0MDkzOGIyZDYzNmIzOGNhNzc5MSIsInVzZXJfaWQiOjIxNn0.HlpfRvmiaXJxah3gOGWNvEVOGZu8kUtwD04U8D_w9T8	2025-07-08 00:51:33.656148+00	2025-07-09 00:51:33+00	216	9c0f1e6af3e140938b2d636b38ca7791
184	eyJhbGciOiJIUzI1NiIsInR5cCI6IkpXVCJ9.eyJ0b2tlbl90eXBlIjoicmVmcmVzaCIsImV4cCI6MTc1MjA0NjE5MCwiaWF0IjoxNzUxOTU5NzkwLCJqdGkiOiJiNTVlNWIyZDBkYzM0MmU1OGEzZjI3M2EzOTcxNjQ2YiIsInVzZXJfaWQiOjIxNn0.VrDD_wASd6agb0DLo7YCw9DlZzapFUkuHXacGCfzwtw	2025-07-08 07:29:50.240154+00	2025-07-09 07:29:50+00	216	b55e5b2d0dc342e58a3f273a3971646b
185	eyJhbGciOiJIUzI1NiIsInR5cCI6IkpXVCJ9.eyJ0b2tlbl90eXBlIjoicmVmcmVzaCIsImV4cCI6MTc1MjEwMzU1NSwiaWF0IjoxNzUyMDE3MTU1LCJqdGkiOiJjMWFhYjAzZmY2YTI0NWIzODBjYTFlMTY3NDRhYzEyYyIsInVzZXJfaWQiOjIxNn0.sfqCglI2RlD1BJybpSJ5kiG6gav8PM-ieVGGOCxT6Kc	2025-07-08 23:25:55.95299+00	2025-07-09 23:25:55+00	216	c1aab03ff6a245b380ca1e16744ac12c
186	eyJhbGciOiJIUzI1NiIsInR5cCI6IkpXVCJ9.eyJ0b2tlbl90eXBlIjoicmVmcmVzaCIsImV4cCI6MTc1MjEwNTcwMiwiaWF0IjoxNzUyMDE5MzAyLCJqdGkiOiI3YWMyNzMxYTcxYWQ0NDc2YWE1OWY5MDU3OTc1ZTQyZSIsInVzZXJfaWQiOjIxNn0.nbvUS9YoYKDMOkDnYkb_yDfRnyWpuGbxRxTlCsEJQqY	2025-07-09 00:01:42.166517+00	2025-07-10 00:01:42+00	216	7ac2731a71ad4476aa59f9057975e42e
187	eyJhbGciOiJIUzI1NiIsInR5cCI6IkpXVCJ9.eyJ0b2tlbl90eXBlIjoicmVmcmVzaCIsImV4cCI6MTc1MjE0MjM0MiwiaWF0IjoxNzUyMDU1OTQyLCJqdGkiOiJjNTQxYjFkNDIzNjA0NWY0YmI2ZWI3YzllZjcwZTgwYyIsInVzZXJfaWQiOjIxNn0.a6L9VUamZQBfreY6Y62iilrYMlx11OeRg_CZj2twqrQ	2025-07-09 10:12:22.676882+00	2025-07-10 10:12:22+00	216	c541b1d4236045f4bb6eb7c9ef70e80c
188	eyJhbGciOiJIUzI1NiIsInR5cCI6IkpXVCJ9.eyJ0b2tlbl90eXBlIjoicmVmcmVzaCIsImV4cCI6MTc1MjI3NDc5OSwiaWF0IjoxNzUyMTg4Mzk5LCJqdGkiOiI1ZWYyZWJmZDhmN2U0MjI1OGYzNTlmMjA3MTRkNDVkNCIsInVzZXJfaWQiOjIxNn0.sCbr8Iizxj1YQr0JLfVnnL1-tz1EiU0FXLvIs_WLM-M	2025-07-10 22:59:59.262798+00	2025-07-11 22:59:59+00	216	5ef2ebfd8f7e42258f359f20714d45d4
189	eyJhbGciOiJIUzI1NiIsInR5cCI6IkpXVCJ9.eyJ0b2tlbl90eXBlIjoicmVmcmVzaCIsImV4cCI6MTc1MjI3NTc1MywiaWF0IjoxNzUyMTg5MzUzLCJqdGkiOiJlOWMyZmQ0MGMxMzM0NmI1OTA4MTY3MmY5MDE5NmFiNCIsInVzZXJfaWQiOjIxNn0.uJgK1gJ0FcKHFReiv-T74Fu4IU_jH_1ZoZagBhwAo4E	2025-07-10 23:15:53.348784+00	2025-07-11 23:15:53+00	216	e9c2fd40c13346b59081672f90196ab4
190	eyJhbGciOiJIUzI1NiIsInR5cCI6IkpXVCJ9.eyJ0b2tlbl90eXBlIjoicmVmcmVzaCIsImV4cCI6MTc1MjMwMjA5MiwiaWF0IjoxNzUyMjE1NjkyLCJqdGkiOiJmOTg2YmRmZjQ1Mzc0NmY0OWNhMTAxMDY0ZDJlZjNlZSIsInVzZXJfaWQiOjIxNn0.LCd7bp6tDe9I8ZjRP9J3xL2PUSLaFG7Vx1Jq6r4sbaA	2025-07-11 06:34:52.339808+00	2025-07-12 06:34:52+00	216	f986bdff453746f49ca101064d2ef3ee
191	eyJhbGciOiJIUzI1NiIsInR5cCI6IkpXVCJ9.eyJ0b2tlbl90eXBlIjoicmVmcmVzaCIsImV4cCI6MTc1MjM1MTUzNywiaWF0IjoxNzUyMjY1MTM3LCJqdGkiOiI5NjdkZWU3OTExYzI0ZmRmYmY2NjhlYmQxNDdlM2RkNCIsInVzZXJfaWQiOjIxNn0.QazeLXP1sWsrWTekN2bRS9LooFFQsU8THlLi4Vct9PA	2025-07-11 20:18:57.635103+00	2025-07-12 20:18:57+00	216	967dee7911c24fdfbf668ebd147e3dd4
192	eyJhbGciOiJIUzI1NiIsInR5cCI6IkpXVCJ9.eyJ0b2tlbl90eXBlIjoicmVmcmVzaCIsImV4cCI6MTc1MjM1MzQ0OSwiaWF0IjoxNzUyMjY3MDQ5LCJqdGkiOiIzY2EyZGZhMTY0MWQ0ODUxYTk3MjJmMmM4ZmEyZmRjYSIsInVzZXJfaWQiOjIxNn0.GQN08sNkFZMAIXgSaz9bM93tDWnsdYqP9i7IFokY0sA	2025-07-11 20:50:49.013062+00	2025-07-12 20:50:49+00	216	3ca2dfa1641d4851a9722f2c8fa2fdca
193	eyJhbGciOiJIUzI1NiIsInR5cCI6IkpXVCJ9.eyJ0b2tlbl90eXBlIjoicmVmcmVzaCIsImV4cCI6MTc1MjM3NDE4MSwiaWF0IjoxNzUyMjg3NzgxLCJqdGkiOiIwZTFmMWE5MWU1YjU0N2M2YjMyNGZhMWY0MWVhYWZiZSIsInVzZXJfaWQiOjIxNn0.a80gSI5FFcunZGo4OAu4U4VjG2UpA8UvMco0jbVjSkU	2025-07-12 02:36:21.033949+00	2025-07-13 02:36:21+00	216	0e1f1a91e5b547c6b324fa1f41eaafbe
194	eyJhbGciOiJIUzI1NiIsInR5cCI6IkpXVCJ9.eyJ0b2tlbl90eXBlIjoicmVmcmVzaCIsImV4cCI6MTc1MjM3NDQxOCwiaWF0IjoxNzUyMjg4MDE4LCJqdGkiOiJmMzMxYWI2YmM0Mzk0N2VjOTg1ZmVmYTEzOGZlZWRhMiIsInVzZXJfaWQiOjIxNn0.be4ml2MpmnoHfJcoenmoSgS1fIZtGyCiaQUfnFJeayQ	2025-07-12 02:40:18.918404+00	2025-07-13 02:40:18+00	216	f331ab6bc43947ec985fefa138feeda2
195	eyJhbGciOiJIUzI1NiIsInR5cCI6IkpXVCJ9.eyJ0b2tlbl90eXBlIjoicmVmcmVzaCIsImV4cCI6MTc1MjM3NDUyNCwiaWF0IjoxNzUyMjg4MTI0LCJqdGkiOiI4ZjgzNWI5YTM2OTI0OGVhOTQxYzdlZTMyMTNhZDRjMyIsInVzZXJfaWQiOjIxNn0.s-SSKSplCggNBoicpPqsYpax_IXmXhb0jEdAdAqjVK4	2025-07-12 02:42:04.53587+00	2025-07-13 02:42:04+00	216	8f835b9a369248ea941c7ee3213ad4c3
196	eyJhbGciOiJIUzI1NiIsInR5cCI6IkpXVCJ9.eyJ0b2tlbl90eXBlIjoicmVmcmVzaCIsImV4cCI6MTc1MjcxNzQwNiwiaWF0IjoxNzUyNjMxMDA2LCJqdGkiOiJiMTcyOTBlYWI1NGE0MjlhOGYyZmE4YTZjMTg2ZTVlMCIsInVzZXJfaWQiOjIxNn0.OSW26T2FH0xs9G20x84poCtvuLVlpDmd3rMvbHhEDiM	2025-07-16 01:56:46.210554+00	2025-07-17 01:56:46+00	216	b17290eab54a429a8f2fa8a6c186e5e0
197	eyJhbGciOiJIUzI1NiIsInR5cCI6IkpXVCJ9.eyJ0b2tlbl90eXBlIjoicmVmcmVzaCIsImV4cCI6MTc1MjcxODE4OCwiaWF0IjoxNzUyNjMxNzg4LCJqdGkiOiIzYmMzNjdmYjY5Y2Q0YmJkYWRmZDEzNGYwMWU5M2E0OSIsInVzZXJfaWQiOjIxN30.dkJySaF1PQL2IGaSj4vAhU9PCC_E5j1C5rPQ7ufbviQ	2025-07-16 02:09:48.68071+00	2025-07-17 02:09:48+00	217	3bc367fb69cd4bbdadfd134f01e93a49
198	eyJhbGciOiJIUzI1NiIsInR5cCI6IkpXVCJ9.eyJ0b2tlbl90eXBlIjoicmVmcmVzaCIsImV4cCI6MTc1MjcxODk1MCwiaWF0IjoxNzUyNjMyNTUwLCJqdGkiOiIyNjc5NzM0MzQ0OWE0Y2E4YWMxZGMzZmJiZmNmZmIwZSIsInVzZXJfaWQiOjIxNn0.MpPzjENcXoiSB0-EbT6O1nVhphxc-h_BGEP_IPbYOhc	2025-07-16 02:22:30.521104+00	2025-07-17 02:22:30+00	216	26797343449a4ca8ac1dc3fbbfcffb0e
199	eyJhbGciOiJIUzI1NiIsInR5cCI6IkpXVCJ9.eyJ0b2tlbl90eXBlIjoicmVmcmVzaCIsImV4cCI6MTc1MjcxODk2NiwiaWF0IjoxNzUyNjMyNTY2LCJqdGkiOiI1MzZiOWVkM2E3MWM0ZjNhOGQzNmZjOWI2ZTU2ZGM3MiIsInVzZXJfaWQiOjIxN30.HRtPaH3K4dlVjFzhfSa4gMG6cp6bgcSYoHiAj_Tpeoc	2025-07-16 02:22:46.58075+00	2025-07-17 02:22:46+00	217	536b9ed3a71c4f3a8d36fc9b6e56dc72
200	eyJhbGciOiJIUzI1NiIsInR5cCI6IkpXVCJ9.eyJ0b2tlbl90eXBlIjoicmVmcmVzaCIsImV4cCI6MTc1MjcxODk4NSwiaWF0IjoxNzUyNjMyNTg1LCJqdGkiOiJhMGFlMmMyODNlODg0ZDJmYjI3ZTk5MGM3N2I0MDY3OSIsInVzZXJfaWQiOjIxN30.2kHAbrVIVxODN-bAuJe0hzh8YLu28x40T2Wz4tBGiBM	2025-07-16 02:23:05.178354+00	2025-07-17 02:23:05+00	217	a0ae2c283e884d2fb27e990c77b40679
201	eyJhbGciOiJIUzI1NiIsInR5cCI6IkpXVCJ9.eyJ0b2tlbl90eXBlIjoicmVmcmVzaCIsImV4cCI6MTc1MjcyMjU1OSwiaWF0IjoxNzUyNjM2MTU5LCJqdGkiOiJlNzdhMmUyNmRlMTc0YzE3YWY5NDUzNDljNTY0N2JhYyIsInVzZXJfaWQiOjIxN30.KMRQx8_KGFtQkmffRjaGaO9QFH0g3Wv7enV4xHUBWDk	2025-07-16 03:22:39.75125+00	2025-07-17 03:22:39+00	217	e77a2e26de174c17af945349c5647bac
202	eyJhbGciOiJIUzI1NiIsInR5cCI6IkpXVCJ9.eyJ0b2tlbl90eXBlIjoicmVmcmVzaCIsImV4cCI6MTc1MjcyMjU3MiwiaWF0IjoxNzUyNjM2MTcyLCJqdGkiOiIyYTgzODYwNjNhMzY0YmMwOTYxM2RiZGIxOTI4NWZkZiIsInVzZXJfaWQiOjIxN30.jCyPt5D0-gOQH1tNFfkSfnDadkrUUVF6ht6Skhm6KQY	2025-07-16 03:22:52.836082+00	2025-07-17 03:22:52+00	217	2a8386063a364bc09613dbdb19285fdf
203	eyJhbGciOiJIUzI1NiIsInR5cCI6IkpXVCJ9.eyJ0b2tlbl90eXBlIjoicmVmcmVzaCIsImV4cCI6MTc1MjcyMjU4NCwiaWF0IjoxNzUyNjM2MTg0LCJqdGkiOiIwNDI5OTMyZTAyYTk0NTAwYWY3ZjVkMDUyMTE2YWU0NCIsInVzZXJfaWQiOjIxN30.mdT7y_-T1Vtxlmpabg377eyFurH6b10BQtER5MZXDWw	2025-07-16 03:23:04.482445+00	2025-07-17 03:23:04+00	217	0429932e02a94500af7f5d052116ae44
204	eyJhbGciOiJIUzI1NiIsInR5cCI6IkpXVCJ9.eyJ0b2tlbl90eXBlIjoicmVmcmVzaCIsImV4cCI6MTc1MjczNTk5NSwiaWF0IjoxNzUyNjQ5NTk1LCJqdGkiOiI0NzA1ZmY0NjY3OWE0ZmQ3YjFiMThlOGRhMjI4MjQ2YiIsInVzZXJfaWQiOjIxN30.x1JSD_Cqod8YB9aolRZLwGmzAnXj1CqT39VvblNaunQ	2025-07-16 07:06:35.823892+00	2025-07-17 07:06:35+00	217	4705ff46679a4fd7b1b18e8da228246b
205	eyJhbGciOiJIUzI1NiIsInR5cCI6IkpXVCJ9.eyJ0b2tlbl90eXBlIjoicmVmcmVzaCIsImV4cCI6MTc1Mjc0NTk1MiwiaWF0IjoxNzUyNjU5NTUyLCJqdGkiOiI4Mzg5ZmFjNWU3MjE0MWFhYTcxNzJjOThlZTdhM2MyNSJ9.HlW95YMA5_HOq91NzpYWvubP6Y2z3XYcKJyQtutKO7A	\N	2025-07-17 09:52:32+00	\N	8389fac5e72141aaa7172c98ee7a3c25
206	eyJhbGciOiJIUzI1NiIsInR5cCI6IkpXVCJ9.eyJ0b2tlbl90eXBlIjoicmVmcmVzaCIsImV4cCI6MTc1Mjc0NjMyNSwiaWF0IjoxNzUyNjU5OTI1LCJqdGkiOiJhNWRkMzM0ZjBmNmQ0NDc4OTE2YWU1NWZlYjllODRhMCIsInVzZXJfaWQiOjIxNn0.RExTsXZUp4gT6yL1m8BUe5TG8CMpQjTmZLtdO-Zm2BY	2025-07-16 09:58:45.787916+00	2025-07-17 09:58:45+00	216	a5dd334f0f6d4478916ae55feb9e84a0
207	eyJhbGciOiJIUzI1NiIsInR5cCI6IkpXVCJ9.eyJ0b2tlbl90eXBlIjoicmVmcmVzaCIsImV4cCI6MTc1Mjc0NjMzOCwiaWF0IjoxNzUyNjU5OTM4LCJqdGkiOiI5YTdmMDFiYWE0Yjk0NWI0YTdkZTQwMTI5N2RmMDBjNiJ9.qsomq-FAYbwaY1sbtOqXPr2unMEVDyAQp8YgPT33XY0	\N	2025-07-17 09:58:58+00	\N	9a7f01baa4b945b4a7de401297df00c6
208	eyJhbGciOiJIUzI1NiIsInR5cCI6IkpXVCJ9.eyJ0b2tlbl90eXBlIjoicmVmcmVzaCIsImV4cCI6MTc1Mjc0NjQ3MSwiaWF0IjoxNzUyNjYwMDcxLCJqdGkiOiI2NzcxMzBmZGNmZDg0OTZmOTQzOTE5MWQzYzU0Yjg2YyIsInVzZXJfaWQiOjIxNn0.Kk17e_P4m7ni9SrusUVujaM8A7fXsmpxrdVdy4jWVDI	2025-07-16 10:01:11.332383+00	2025-07-17 10:01:11+00	216	677130fdcfd8496f9439191d3c54b86c
209	eyJhbGciOiJIUzI1NiIsInR5cCI6IkpXVCJ9.eyJ0b2tlbl90eXBlIjoicmVmcmVzaCIsImV4cCI6MTc1Mjc0NjUwMSwiaWF0IjoxNzUyNjYwMTAxLCJqdGkiOiJhM2IyNTJmOTU5OTU0NzlkODQ5OTUzYmE3MWZlNTJjMSJ9.fC5aKvqo97VxQBmfItPDrpnxNfL1HzliaGWvLVEmeSY	\N	2025-07-17 10:01:41+00	\N	a3b252f95995479d849953ba71fe52c1
210	eyJhbGciOiJIUzI1NiIsInR5cCI6IkpXVCJ9.eyJ0b2tlbl90eXBlIjoicmVmcmVzaCIsImV4cCI6MTc1Mjc0NjY2MywiaWF0IjoxNzUyNjYwMjYzLCJqdGkiOiI1NWE2Mzk4MDc1NDA0YmVjOTNkZDY5YjdiZGQ2MmM2ZSIsInVzZXJfaWQiOjIxNn0.fJO_fhRh4xChg5BKjRgFju463xU4R6uG_xbKVhv5NZo	2025-07-16 10:04:23.493388+00	2025-07-17 10:04:23+00	216	55a6398075404bec93dd69b7bdd62c6e
211	eyJhbGciOiJIUzI1NiIsInR5cCI6IkpXVCJ9.eyJ0b2tlbl90eXBlIjoicmVmcmVzaCIsImV4cCI6MTc1Mjc0NjY3MSwiaWF0IjoxNzUyNjYwMjcxLCJqdGkiOiI1ZjE1ZjRlOTcyYWE0NTU1YmFlMTg3YTllYWI0ZmE3NyJ9.o49P7rCVM53S0H5v-tmbMOeZTLS27ZHsY9WBIQlM6MY	\N	2025-07-17 10:04:31+00	\N	5f15f4e972aa4555bae187a9eab4fa77
212	eyJhbGciOiJIUzI1NiIsInR5cCI6IkpXVCJ9.eyJ0b2tlbl90eXBlIjoicmVmcmVzaCIsImV4cCI6MTc1Mjc0Njc5MSwiaWF0IjoxNzUyNjYwMzkxLCJqdGkiOiI0NDg3NWYyYWI5ODI0NGNhOGFjMWZjY2Q5OTI5ZmM3ZiIsInVzZXJfaWQiOjIxNn0.vgYnE0UBKNXvUoXtrby_6DMG4F7vdfBUn1KTETJYshs	2025-07-16 10:06:31.019334+00	2025-07-17 10:06:31+00	216	44875f2ab98244ca8ac1fccd9929fc7f
213	eyJhbGciOiJIUzI1NiIsInR5cCI6IkpXVCJ9.eyJ0b2tlbl90eXBlIjoicmVmcmVzaCIsImV4cCI6MTc1Mjc0NjgxNSwiaWF0IjoxNzUyNjYwNDE1LCJqdGkiOiI2ZjdlZGY3NGQ3MTQ0Njk4YjBiZjc0ZTQwY2Y1ZGI5NyJ9.3ymfuiGO9QWveJX7Ns0RZv8zDZxmwVAAjX5qwMdxw5g	\N	2025-07-17 10:06:55+00	\N	6f7edf74d7144698b0bf74e40cf5db97
214	eyJhbGciOiJIUzI1NiIsInR5cCI6IkpXVCJ9.eyJ0b2tlbl90eXBlIjoicmVmcmVzaCIsImV4cCI6MTc1Mjc0NzA4MCwiaWF0IjoxNzUyNjYwNjgwLCJqdGkiOiJiYWM5NmI1MTgxYWM0YzYwYWE2ZWYwMmZiNmI0OTRkZiIsInVzZXJfaWQiOjIxNn0.-CLwWqHwoF6VY6eiZDw6BGEtSETvXQFplTT9B85PmLw	2025-07-16 10:11:20.942629+00	2025-07-17 10:11:20+00	216	bac96b5181ac4c60aa6ef02fb6b494df
215	eyJhbGciOiJIUzI1NiIsInR5cCI6IkpXVCJ9.eyJ0b2tlbl90eXBlIjoicmVmcmVzaCIsImV4cCI6MTc1Mjc0NzMxOCwiaWF0IjoxNzUyNjYwOTE4LCJqdGkiOiIwZWQ4M2ZiYjhkNTk0OWY1YmJkMmNjYWZjZmRlNDQ5NCJ9.PzZmIaqPY18HGjBR7Bs1TOB3i_-Fhau7G6wAjkvHfLA	\N	2025-07-17 10:15:18+00	\N	0ed83fbb8d5949f5bbd2ccafcfde4494
216	eyJhbGciOiJIUzI1NiIsInR5cCI6IkpXVCJ9.eyJ0b2tlbl90eXBlIjoicmVmcmVzaCIsImV4cCI6MTc1Mjc0Nzk2NywiaWF0IjoxNzUyNjYxNTY3LCJqdGkiOiI5ZWUzZWU0M2I5MWE0ODA0ODEwN2Q5YzhkMWY0ODU3ZiIsInVzZXJfaWQiOjIxN30.tVc-bpCsO-vnpqZcqLlbIJDIZBBnF08drAA4NCu3a4k	2025-07-16 10:26:07.9272+00	2025-07-17 10:26:07+00	217	9ee3ee43b91a48048107d9c8d1f4857f
217	eyJhbGciOiJIUzI1NiIsInR5cCI6IkpXVCJ9.eyJ0b2tlbl90eXBlIjoicmVmcmVzaCIsImV4cCI6MTc1Mjc0ODAyNSwiaWF0IjoxNzUyNjYxNjI1LCJqdGkiOiI1MGY1MGZjODdiZWM0M2Y2OWU2MWFhMGQ4NWMwNmFjZCJ9.yIPgFMzUCb00jmc8RpqA8RaK3sB2yECGPQ_I9J58qsg	\N	2025-07-17 10:27:05+00	\N	50f50fc87bec43f69e61aa0d85c06acd
218	eyJhbGciOiJIUzI1NiIsInR5cCI6IkpXVCJ9.eyJ0b2tlbl90eXBlIjoicmVmcmVzaCIsImV4cCI6MTc1Mjc0ODA2MCwiaWF0IjoxNzUyNjYxNjYwLCJqdGkiOiI1MWM5NGQ4NmUzZjE0YjkxYmFiN2Q5MzY1ZGUzODBmNyIsInVzZXJfaWQiOjIxNn0.QQTybulOInOUBPQpwT_wBpltnsqX5PpMPtAGruUziKU	2025-07-16 10:27:40.404965+00	2025-07-17 10:27:40+00	216	51c94d86e3f14b91bab7d9365de380f7
219	eyJhbGciOiJIUzI1NiIsInR5cCI6IkpXVCJ9.eyJ0b2tlbl90eXBlIjoicmVmcmVzaCIsImV4cCI6MTc1Mjk3NDYyNywiaWF0IjoxNzUyODg4MjI3LCJqdGkiOiI0MjQwMDYyMDJjODQ0YWZiYjI5YWFiNTg5YTE5MzI0NiIsInVzZXJfaWQiOjE1OX0.Tt9Ly4-fXRYuuhamxkg9eRRZ7kvkU4ttAzW8EPvTDws	2025-07-19 01:23:47.336264+00	2025-07-20 01:23:47+00	159	424006202c844afbb29aab589a193246
220	eyJhbGciOiJIUzI1NiIsInR5cCI6IkpXVCJ9.eyJ0b2tlbl90eXBlIjoicmVmcmVzaCIsImV4cCI6MTc1MzA4NTIxMSwiaWF0IjoxNzUyOTk4ODExLCJqdGkiOiJhNzQwM2MwMzk1ZDI0YTAxYTQ5YzRhYjYyOTQ1YTYwYSIsInVzZXJfaWQiOjIxNn0.NtS6WeUUAg0DKUtHpNdESIHfGQx-BVlZzSZxfOSOjZw	2025-07-20 08:06:51.262975+00	2025-07-21 08:06:51+00	216	a7403c0395d24a01a49c4ab62945a60a
221	eyJhbGciOiJIUzI1NiIsInR5cCI6IkpXVCJ9.eyJ0b2tlbl90eXBlIjoicmVmcmVzaCIsImV4cCI6MTc1MzA4ODY2NywiaWF0IjoxNzUzMDAyMjY3LCJqdGkiOiJmMjU1ODFiYzliODk0Nzk5YmQwYzc3MjllZWU4MzA1MSJ9.ovxYhawQKTWF_yBGlxSMOuswHYF3_kmKS_bOmjpqIHM	\N	2025-07-21 09:04:27+00	\N	f25581bc9b894799bd0c7729eee83051
222	eyJhbGciOiJIUzI1NiIsInR5cCI6IkpXVCJ9.eyJ0b2tlbl90eXBlIjoicmVmcmVzaCIsImV4cCI6MTc1MzA4ODY5OCwiaWF0IjoxNzUzMDAyMjk4LCJqdGkiOiJlZjZmNzhlZDg5YjU0M2RlYTA3YTA4ODNlMmM0NmU5NSIsInVzZXJfaWQiOjIxN30.JI2PcnSIooUS5F7dZhV05SXst2H1a6vEiiZ2kYpdTso	2025-07-20 09:04:58.124149+00	2025-07-21 09:04:58+00	217	ef6f78ed89b543dea07a0883e2c46e95
223	eyJhbGciOiJIUzI1NiIsInR5cCI6IkpXVCJ9.eyJ0b2tlbl90eXBlIjoicmVmcmVzaCIsImV4cCI6MTc1MzA4ODcyNCwiaWF0IjoxNzUzMDAyMzI0LCJqdGkiOiJjM2Q4MzRkYzdjNTY0NDViOWJhN2YwYmY5NzlkMjEwYyJ9.mVG8iEx7mHLNfq_aH3noHPnojnx0eY5pG7dXxMRpjq0	\N	2025-07-21 09:05:24+00	\N	c3d834dc7c56445b9ba7f0bf979d210c
224	eyJhbGciOiJIUzI1NiIsInR5cCI6IkpXVCJ9.eyJ0b2tlbl90eXBlIjoicmVmcmVzaCIsImV4cCI6MTc1MzA4ODczOSwiaWF0IjoxNzUzMDAyMzM5LCJqdGkiOiIzNmU0NjI1OGIxODM0MmI4YTY3NmM3OTRlMGZlMDc0NiIsInVzZXJfaWQiOjIxN30.HVWzjhw7l-ZAZs6Q-qEKKLQT-FhTP6wCOJoqopi9OjI	2025-07-20 09:05:39.722074+00	2025-07-21 09:05:39+00	217	36e46258b18342b8a676c794e0fe0746
225	eyJhbGciOiJIUzI1NiIsInR5cCI6IkpXVCJ9.eyJ0b2tlbl90eXBlIjoicmVmcmVzaCIsImV4cCI6MTc1MzA5NTc1OCwiaWF0IjoxNzUzMDA5MzU4LCJqdGkiOiIzNGUxMzQ2ODEyZTg0ZGZkODU5Y2M2MDgyNWY4ZTg2NCIsInVzZXJfaWQiOjIxN30.Rm0mJ5pEej5_AhwtRtVQr-oWzABAAN87R84l2_5GYwc	2025-07-20 11:02:38.755186+00	2025-07-21 11:02:38+00	217	34e1346812e84dfd859cc60825f8e864
226	eyJhbGciOiJIUzI1NiIsInR5cCI6IkpXVCJ9.eyJ0b2tlbl90eXBlIjoicmVmcmVzaCIsImV4cCI6MTc1MzA5NjY3MiwiaWF0IjoxNzUzMDEwMjcyLCJqdGkiOiJiODI5MDJlNTZhMTA0Mzk5OWFlZWMwMWVkOGI2ZGNmNCIsInVzZXJfaWQiOjIxN30.SZIAjuOu_CQbMElbMT-ewk_clZnUj0aG9jNEveu5buI	2025-07-20 11:17:52.27608+00	2025-07-21 11:17:52+00	217	b82902e56a1043999aeec01ed8b6dcf4
227	eyJhbGciOiJIUzI1NiIsInR5cCI6IkpXVCJ9.eyJ0b2tlbl90eXBlIjoicmVmcmVzaCIsImV4cCI6MTc1MzA5OTc4MiwiaWF0IjoxNzUzMDEzMzgyLCJqdGkiOiI1YjRmOThmZDg4ZmQ0NTljODZjYjliYmYwM2JlOGM5ZSJ9.YnfEpafJ1R9ANZAdajc0IUK_9mZLyTbvTjfN2a2bFqU	\N	2025-07-21 12:09:42+00	\N	5b4f98fd88fd459c86cb9bbf03be8c9e
228	eyJhbGciOiJIUzI1NiIsInR5cCI6IkpXVCJ9.eyJ0b2tlbl90eXBlIjoicmVmcmVzaCIsImV4cCI6MTc1MzA5OTgwMywiaWF0IjoxNzUzMDEzNDAzLCJqdGkiOiJmNzE5MjdlYmQwM2Y0ZTEwOTliZmVmMzFiYmIyYTlkYyIsInVzZXJfaWQiOjIxN30.aPtcJ091gVO0BOrjgSHe8yzA_HB7PyRNay6aX4ChSIw	2025-07-20 12:10:03.445167+00	2025-07-21 12:10:03+00	217	f71927ebd03f4e1099bfef31bbb2a9dc
229	eyJhbGciOiJIUzI1NiIsInR5cCI6IkpXVCJ9.eyJ0b2tlbl90eXBlIjoicmVmcmVzaCIsImV4cCI6MTc1MzE0NDY4NywiaWF0IjoxNzUzMDU4Mjg3LCJqdGkiOiJjNDQ0MTQ2YjllY2M0Y2Q5ODQ0YTUzYWIyNzkwZGM2MiIsInVzZXJfaWQiOjE1OX0.p8PTayUgJ_X39297Czjn5vLFe226NK2XlYWwfUbnuME	2025-07-21 00:38:07.990769+00	2025-07-22 00:38:07+00	159	c444146b9ecc4cd9844a53ab2790dc62
230	eyJhbGciOiJIUzI1NiIsInR5cCI6IkpXVCJ9.eyJ0b2tlbl90eXBlIjoicmVmcmVzaCIsImV4cCI6MTc1MzI1NDQ1NywiaWF0IjoxNzUzMTY4MDU3LCJqdGkiOiI3YmI4NTIxNTJmOWI0ZTBiOGQ4NTI4ZWNhMjhiZjIwNyIsInVzZXJfaWQiOjIxNn0.6qYACjpVq6EEkxQFY10iSSfu1eqNYvTx1OQIvpS8bGc	2025-07-22 07:07:37.10072+00	2025-07-23 07:07:37+00	216	7bb852152f9b4e0b8d8528eca28bf207
231	eyJhbGciOiJIUzI1NiIsInR5cCI6IkpXVCJ9.eyJ0b2tlbl90eXBlIjoicmVmcmVzaCIsImV4cCI6MTc1MzI2MDM0MywiaWF0IjoxNzUzMTczOTQzLCJqdGkiOiJmNWY2YjY3ZDcxNGI0ZGU2YjYxYjY1YWE5NTZjOWE4NyIsInVzZXJfaWQiOjIxN30._B8LjllZi_u9_T00AmZ_Lu2fgTJ5T9Me-um3wsxw85M	2025-07-22 08:45:43.623616+00	2025-07-23 08:45:43+00	217	f5f6b67d714b4de6b61b65aa956c9a87
232	eyJhbGciOiJIUzI1NiIsInR5cCI6IkpXVCJ9.eyJ0b2tlbl90eXBlIjoicmVmcmVzaCIsImV4cCI6MTc1MzM0ODI4OCwiaWF0IjoxNzUzMjYxODg4LCJqdGkiOiJlNjg2MDZjNzNhODM0ZGUwODAzMjVjNzJkMmZlNjgwYiIsInVzZXJfaWQiOjIxNn0.09rLG0Kon4vMwy43n36pwHhuKhit0h-mbbQ48Z7TkKg	2025-07-23 09:11:28.137211+00	2025-07-24 09:11:28+00	216	e68606c73a834de080325c72d2fe680b
233	eyJhbGciOiJIUzI1NiIsInR5cCI6IkpXVCJ9.eyJ0b2tlbl90eXBlIjoicmVmcmVzaCIsImV4cCI6MTc1MzM4NTMwMCwiaWF0IjoxNzUzMjk4OTAwLCJqdGkiOiIwMTFkMzhhZTQxMDk0NWY3YjJjZTRjYjAyOTQxZTAwZSIsInVzZXJfaWQiOjE1OX0.HuWL8LcnEKY4h8MbeSjzsUJzhezSSpYbPyd0TIEFrS8	2025-07-23 19:28:20.551263+00	2025-07-24 19:28:20+00	159	011d38ae410945f7b2ce4cb02941e00e
234	eyJhbGciOiJIUzI1NiIsInR5cCI6IkpXVCJ9.eyJ0b2tlbl90eXBlIjoicmVmcmVzaCIsImV4cCI6MTc1MzQ2MzI5MCwiaWF0IjoxNzUzMzc2ODkwLCJqdGkiOiI3NjY0NWE1YjhiNzA0YTdiYTUxYTBhZTRkYmIxZjUwMCIsInVzZXJfaWQiOjIxNn0.wiEyRHXXznSx5HN6uL3nBULe3LXyfBTSwqXUHfAim_4	2025-07-24 17:08:10.101443+00	2025-07-25 17:08:10+00	216	76645a5b8b704a7ba51a0ae4dbb1f500
235	eyJhbGciOiJIUzI1NiIsInR5cCI6IkpXVCJ9.eyJ0b2tlbl90eXBlIjoicmVmcmVzaCIsImV4cCI6MTc1MzUwMTYyOSwiaWF0IjoxNzUzNDE1MjI5LCJqdGkiOiI1YzhlYmFlMTQ0ODA0ZDFmYjM5N2I1MTQ2YWJlNTU2NyIsInVzZXJfaWQiOjIxN30.qNyAZ9NVhQVDF4Crp9F5c7AtCre82yt9yoYWAHyyM7c	2025-07-25 03:47:09.567345+00	2025-07-26 03:47:09+00	217	5c8ebae144804d1fb397b5146abe5567
236	eyJhbGciOiJIUzI1NiIsInR5cCI6IkpXVCJ9.eyJ0b2tlbl90eXBlIjoicmVmcmVzaCIsImV4cCI6MTc1MzUwMTk3NywiaWF0IjoxNzUzNDE1NTc3LCJqdGkiOiI3NTQzNzNhYmE4MjY0YWRmYmE4NTI3ZWZmNGY0NDY5ZCJ9.NBAuKb3eNWl7nIAj8hZsMcZ6Kw5T9vVk5u-Wyiaro9Y	\N	2025-07-26 03:52:57+00	\N	754373aba8264adfba8527eff4f4469d
237	eyJhbGciOiJIUzI1NiIsInR5cCI6IkpXVCJ9.eyJ0b2tlbl90eXBlIjoicmVmcmVzaCIsImV4cCI6MTc1MzUwMjAwMywiaWF0IjoxNzUzNDE1NjAzLCJqdGkiOiIxMDU1ZDgwYmVmYTk0MDU2OTY5NjNmMzNiNjk1MTk5MSIsInVzZXJfaWQiOjIxN30.apf__NVBPWdu0aq0RmFFTLDDjvIGC0RDhl8Qe2eMwt4	2025-07-25 03:53:23.343328+00	2025-07-26 03:53:23+00	217	1055d80befa9405696963f33b6951991
238	eyJhbGciOiJIUzI1NiIsInR5cCI6IkpXVCJ9.eyJ0b2tlbl90eXBlIjoicmVmcmVzaCIsImV4cCI6MTc1MzYwOTk0NCwiaWF0IjoxNzUzNTIzNTQ0LCJqdGkiOiJhMThhZjdkMDAwYjc0YWI4OGUyZjM0YmU0ZDc3NDBiNiIsInVzZXJfaWQiOjIxNn0.hdTJmLE8QbnCIPxIzPib5bx9XTyrXPVkRywA4Daltr0	2025-07-26 09:52:24.501852+00	2025-07-27 09:52:24+00	216	a18af7d000b74ab88e2f34be4d7740b6
239	eyJhbGciOiJIUzI1NiIsInR5cCI6IkpXVCJ9.eyJ0b2tlbl90eXBlIjoicmVmcmVzaCIsImV4cCI6MTc1MzYxMDM3MCwiaWF0IjoxNzUzNTIzOTcwLCJqdGkiOiJkZTUyYmY0ZTc1YmY0MDU5OWUxYmNmY2Y4OGZiYzQ3YSIsInVzZXJfaWQiOjIxN30.NOLb8uH8CMzxPXcL6541ZPneyERUXYYQMjXBIW6xl8k	2025-07-26 09:59:30.421226+00	2025-07-27 09:59:30+00	217	de52bf4e75bf40599e1bcfcf88fbc47a
240	eyJhbGciOiJIUzI1NiIsInR5cCI6IkpXVCJ9.eyJ0b2tlbl90eXBlIjoicmVmcmVzaCIsImV4cCI6MTc1MzYyMDIzMCwiaWF0IjoxNzUzNTMzODMwLCJqdGkiOiJhZDhkNmM3MzRhMjg0YTkwODA2ZWNhMTlhNGZmNzc3MyIsInVzZXJfaWQiOjIxNn0.3qwmQKLOOdKkbrABnfMsWMj9v-t902YM5QKEGzwob0A	2025-07-26 12:43:50.261046+00	2025-07-27 12:43:50+00	216	ad8d6c734a284a90806eca19a4ff7773
241	eyJhbGciOiJIUzI1NiIsInR5cCI6IkpXVCJ9.eyJ0b2tlbl90eXBlIjoicmVmcmVzaCIsImV4cCI6MTc1Mzc1ODY5MywiaWF0IjoxNzUzNjcyMjkzLCJqdGkiOiJiNjMwOGViOTJlMDQ0MjQyYmYzNDcwZDA1ZDhjNmJlMCIsInVzZXJfaWQiOjIxNn0.9P3kwZWDHAe1aQJs0EkeIcuTgGnItWRhOn3bWTDZTNU	2025-07-28 03:11:33.554617+00	2025-07-29 03:11:33+00	216	b6308eb92e044242bf3470d05d8c6be0
242	eyJhbGciOiJIUzI1NiIsInR5cCI6IkpXVCJ9.eyJ0b2tlbl90eXBlIjoicmVmcmVzaCIsImV4cCI6MTc1Mzc1ODczOSwiaWF0IjoxNzUzNjcyMzM5LCJqdGkiOiJmYjhlOTk4ZTU5MmE0ZmMzOTc4NDFiMWNhMjM2MDQ1OSIsInVzZXJfaWQiOjIxNn0.3hvcY0W2Sw5E5UfR1SmZopT2zuf6lp_JNUgS2Jp9jqo	2025-07-28 03:12:19.056736+00	2025-07-29 03:12:19+00	216	fb8e998e592a4fc397841b1ca2360459
243	eyJhbGciOiJIUzI1NiIsInR5cCI6IkpXVCJ9.eyJ0b2tlbl90eXBlIjoicmVmcmVzaCIsImV4cCI6MTc1Mzc3NzUxMiwiaWF0IjoxNzUzNjkxMTEyLCJqdGkiOiJlMTBjODAwMmE5NTI0ZTZkODc4MmI0ZTlhZDE0YmI5NiJ9.-JVCLpQgoHq6XwiEHPENJx2AbMEy4Gy2hurx6DCyOaE	\N	2025-07-29 08:25:12+00	\N	e10c8002a9524e6d8782b4e9ad14bb96
244	eyJhbGciOiJIUzI1NiIsInR5cCI6IkpXVCJ9.eyJ0b2tlbl90eXBlIjoicmVmcmVzaCIsImV4cCI6MTc1Mzc3NzUyOSwiaWF0IjoxNzUzNjkxMTI5LCJqdGkiOiI1NGY4MWJkY2M4ZWU0ZGMwYTg4NGFlZjk3NmY0YTE1ZSIsInVzZXJfaWQiOjIxNn0.8qh4zvrv7FS5RyOfabRMuNpSWXpeQ1veTXQPo1j3_s4	2025-07-28 08:25:29.724977+00	2025-07-29 08:25:29+00	216	54f81bdcc8ee4dc0a884aef976f4a15e
245	eyJhbGciOiJIUzI1NiIsInR5cCI6IkpXVCJ9.eyJ0b2tlbl90eXBlIjoicmVmcmVzaCIsImV4cCI6MTc1Mzc3NzU2NCwiaWF0IjoxNzUzNjkxMTY0LCJqdGkiOiI5MDg1ODQ3MzYzMmM0NTc0OTE5MjlmNDVmNzU4ODE2ZiJ9.9TvrYunnHat95buiCj0kKkMER_4dpM5gcFexLbQcG8c	\N	2025-07-29 08:26:04+00	\N	90858473632c457491929f45f758816f
246	eyJhbGciOiJIUzI1NiIsInR5cCI6IkpXVCJ9.eyJ0b2tlbl90eXBlIjoicmVmcmVzaCIsImV4cCI6MTc1Mzc3NzU3OCwiaWF0IjoxNzUzNjkxMTc4LCJqdGkiOiI0OTc5ZjFlYTc1YTQ0NTBhYjlhOWY1N2Y4NzhhNzFlNiIsInVzZXJfaWQiOjIxN30.RPqGGuub5zugo45AUEw1Yk7QnyOQOvKsbhZhlnZNq-0	2025-07-28 08:26:18.941173+00	2025-07-29 08:26:18+00	217	4979f1ea75a4450ab9a9f57f878a71e6
247	eyJhbGciOiJIUzI1NiIsInR5cCI6IkpXVCJ9.eyJ0b2tlbl90eXBlIjoicmVmcmVzaCIsImV4cCI6MTc1MzgwNzU4NSwiaWF0IjoxNzUzNzIxMTg1LCJqdGkiOiJiMjA3YzVkNzgyYmI0ZmUzOTYyZDhkMjI1YTExZWYwNSIsInVzZXJfaWQiOjE1OX0.2UCPAnlKXVoDE32Y_pLaGTCkqgOkvuGI778QHlF8r6o	2025-07-28 16:46:25.017676+00	2025-07-29 16:46:25+00	159	b207c5d782bb4fe3962d8d225a11ef05
248	eyJhbGciOiJIUzI1NiIsInR5cCI6IkpXVCJ9.eyJ0b2tlbl90eXBlIjoicmVmcmVzaCIsImV4cCI6MTc1MzkyMTI3MCwiaWF0IjoxNzUzODM0ODcwLCJqdGkiOiJjMWJiZTI5Nzc2Y2E0NjM4YTU1ZDM5NTI0MDRjN2I1YSIsInVzZXJfaWQiOjE1OX0.IutRRjtMOpL-k-16hArnqLNft3ttImt5RUVK9LESmig	2025-07-30 00:21:10.649227+00	2025-07-31 00:21:10+00	159	c1bbe29776ca4638a55d3952404c7b5a
249	eyJhbGciOiJIUzI1NiIsInR5cCI6IkpXVCJ9.eyJ0b2tlbl90eXBlIjoicmVmcmVzaCIsImV4cCI6MTc1Mzk0NjI3NiwiaWF0IjoxNzUzODU5ODc2LCJqdGkiOiIxMzFlM2FjZmU2Yzk0OTNjYjFlZjBjMDQ2NDQzZGZlMiIsInVzZXJfaWQiOjIxNn0.84xIifymbZqIjsm2N_qTrlwd7tO7LjExpgy0OxGSh6M	2025-07-30 07:17:56.712802+00	2025-07-31 07:17:56+00	216	131e3acfe6c9493cb1ef0c046443dfe2
250	eyJhbGciOiJIUzI1NiIsInR5cCI6IkpXVCJ9.eyJ0b2tlbl90eXBlIjoicmVmcmVzaCIsImV4cCI6MTc1Mzk0NzAyNCwiaWF0IjoxNzUzODYwNjI0LCJqdGkiOiJmYjQ5MjYzZDA0MzA0ZDBkYjFlZmE2NGM5ZWNlODZjOSIsInVzZXJfaWQiOjIxNn0.v6_34r-r4jZWOhICGcK2pO5opX_pDTwqy_HbUgnAjFY	2025-07-30 07:30:24.421536+00	2025-07-31 07:30:24+00	216	fb49263d04304d0db1efa64c9ece86c9
251	eyJhbGciOiJIUzI1NiIsInR5cCI6IkpXVCJ9.eyJ0b2tlbl90eXBlIjoicmVmcmVzaCIsImV4cCI6MTc1Mzk0OTEwNiwiaWF0IjoxNzUzODYyNzA2LCJqdGkiOiJkNDcxNWM2NTYxZjg0MTk2YjYwOTg0NWM3ZDM4MTA1MyJ9.guXLkX1nwHpFWk8-_ZgbjqZcZ1Fjnw8b7ELJuo92Cnc	\N	2025-07-31 08:05:06+00	\N	d4715c6561f84196b609845c7d381053
252	eyJhbGciOiJIUzI1NiIsInR5cCI6IkpXVCJ9.eyJ0b2tlbl90eXBlIjoicmVmcmVzaCIsImV4cCI6MTc1Mzk0OTIyMCwiaWF0IjoxNzUzODYyODIwLCJqdGkiOiJhZDY2MDE1M2RjMTU0NGIwOTlhMjk3ZGI0NmU4YTEwNyIsInVzZXJfaWQiOjIxNn0.RKE0n4Cidh69YRYez8kLrUH0ejt4f4OuRVBn5JmT1TA	2025-07-30 08:07:00.703912+00	2025-07-31 08:07:00+00	216	ad660153dc1544b099a297db46e8a107
253	eyJhbGciOiJIUzI1NiIsInR5cCI6IkpXVCJ9.eyJ0b2tlbl90eXBlIjoicmVmcmVzaCIsImV4cCI6MTc1Mzk1MjA2MiwiaWF0IjoxNzUzODY1NjYyLCJqdGkiOiIzMTVhMTk1NDQyYjM0ZmIzODVmM2NiNDRlMDIzMjIyNCIsInVzZXJfaWQiOjIxNn0.viHuTUVRZhoDvPs_uKHSQLyRE5xHOtkS4e6YZNbs_fY	2025-07-30 08:54:22.140399+00	2025-07-31 08:54:22+00	216	315a195442b34fb385f3cb44e0232224
254	eyJhbGciOiJIUzI1NiIsInR5cCI6IkpXVCJ9.eyJ0b2tlbl90eXBlIjoicmVmcmVzaCIsImV4cCI6MTc1Mzk1MjA4MSwiaWF0IjoxNzUzODY1NjgxLCJqdGkiOiI2MjhmZmJmYTVkYTA0MDJkOTAyM2U4ZmIwYTZlNDc4NyJ9.Zd3df9yqRG6ecj9YjbPztYSX_AtuRwZRJXqDzLKN68U	\N	2025-07-31 08:54:41+00	\N	628ffbfa5da0402d9023e8fb0a6e4787
255	eyJhbGciOiJIUzI1NiIsInR5cCI6IkpXVCJ9.eyJ0b2tlbl90eXBlIjoicmVmcmVzaCIsImV4cCI6MTc1Mzk1MjA5OSwiaWF0IjoxNzUzODY1Njk5LCJqdGkiOiJhNTMyZWRjZTc0NjI0Y2NjYmVlMTE2NjAwZTQzY2E1YiIsInVzZXJfaWQiOjIxN30.5VVCZrTeRTD-BMZkR92Fl5tyyzPvLrqWzcvV0q6dBkM	2025-07-30 08:54:59.276357+00	2025-07-31 08:54:59+00	217	a532edce74624cccbee116600e43ca5b
256	eyJhbGciOiJIUzI1NiIsInR5cCI6IkpXVCJ9.eyJ0b2tlbl90eXBlIjoicmVmcmVzaCIsImV4cCI6MTc1Mzk2MzcyMSwiaWF0IjoxNzUzODc3MzIxLCJqdGkiOiIzNzUzZWQwYTQyODE0MGYyYWMyZjQ2NzU2MDZlZmEwMSJ9.Ty97Yng-BNyoSLBIpNCzIDRZ2jFf6Cqo_AVB5QavQeo	\N	2025-07-31 12:08:41+00	\N	3753ed0a428140f2ac2f4675606efa01
257	eyJhbGciOiJIUzI1NiIsInR5cCI6IkpXVCJ9.eyJ0b2tlbl90eXBlIjoicmVmcmVzaCIsImV4cCI6MTc1Mzk2MzczNywiaWF0IjoxNzUzODc3MzM3LCJqdGkiOiJiM2QzOTlhM2M5MTE0YzNkYTMzMjNlMWEwMjg3NWVlOCIsInVzZXJfaWQiOjIxNn0.AHS_2r_KvhfONxoNERhl7VHurWQyWH6wYUvmwI1LPys	2025-07-30 12:08:57.786658+00	2025-07-31 12:08:57+00	216	b3d399a3c9114c3da3323e1a02875ee8
258	eyJhbGciOiJIUzI1NiIsInR5cCI6IkpXVCJ9.eyJ0b2tlbl90eXBlIjoicmVmcmVzaCIsImV4cCI6MTc1Mzk2NDI5MywiaWF0IjoxNzUzODc3ODkzLCJqdGkiOiI1ZGNjZWNmNGRmNWE0MzFiYTMzYzc0MTVhNzI2NzAxNCIsInVzZXJfaWQiOjIxNn0.unFoGV-AlW4qIQRSReVVyfvjOafenNZC6dhn18j3FHs	2025-07-30 12:18:13.041726+00	2025-07-31 12:18:13+00	216	5dccecf4df5a431ba33c7415a7267014
259	eyJhbGciOiJIUzI1NiIsInR5cCI6IkpXVCJ9.eyJ0b2tlbl90eXBlIjoicmVmcmVzaCIsImV4cCI6MTc1NDA0NjAzMSwiaWF0IjoxNzUzOTU5NjMxLCJqdGkiOiI4ZTdiYzQ3MmMyYTg0NGRiOWYzMTNhNjUwY2YzMTRjYiIsInVzZXJfaWQiOjIxNn0.BD2jffz2vYqbZ96lPjwE5ocZ0IwI1_W2kdzPIPC2mOk	2025-07-31 11:00:31.926278+00	2025-08-01 11:00:31+00	216	8e7bc472c2a844db9f313a650cf314cb
260	eyJhbGciOiJIUzI1NiIsInR5cCI6IkpXVCJ9.eyJ0b2tlbl90eXBlIjoicmVmcmVzaCIsImV4cCI6MTc1NDA1NTQ4MiwiaWF0IjoxNzUzOTY5MDgyLCJqdGkiOiIwNTk1OTY2ZWNmM2I0NDcyOTRjNDViY2UzNmI1Zjg2MCIsInVzZXJfaWQiOjIxNn0.69RsZgX6T-Yjd74OqyNnTgqccyVwQsXCIPM7HnIMXrg	2025-07-31 13:38:02.440668+00	2025-08-01 13:38:02+00	216	0595966ecf3b447294c45bce36b5f860
261	eyJhbGciOiJIUzI1NiIsInR5cCI6IkpXVCJ9.eyJ0b2tlbl90eXBlIjoicmVmcmVzaCIsImV4cCI6MTc1NDA1NjE5MSwiaWF0IjoxNzUzOTY5NzkxLCJqdGkiOiI1YWRhNzI2NmU0NWE0ZTBkYmU2ZmI1ZGFiNGUyYzI0OCIsInVzZXJfaWQiOjIxNn0.7HWVVdeoAacmbBGuE6kCASuMPpvICgbX-3sB_qDyIJY	2025-07-31 13:49:51.167206+00	2025-08-01 13:49:51+00	216	5ada7266e45a4e0dbe6fb5dab4e2c248
262	eyJhbGciOiJIUzI1NiIsInR5cCI6IkpXVCJ9.eyJ0b2tlbl90eXBlIjoicmVmcmVzaCIsImV4cCI6MTc1NDA1NjczOCwiaWF0IjoxNzUzOTcwMzM4LCJqdGkiOiIyNWJiZjA4NTYyYzE0ZDY3YmI1N2NhMjMxYWRkZDg0MyIsInVzZXJfaWQiOjIxNn0.39TDZ7qVx9QdIILPs4rFPFhg67FIVEwd8dGrXPHmwDY	2025-07-31 13:58:58.998557+00	2025-08-01 13:58:58+00	216	25bbf08562c14d67bb57ca231addd843
263	eyJhbGciOiJIUzI1NiIsInR5cCI6IkpXVCJ9.eyJ0b2tlbl90eXBlIjoicmVmcmVzaCIsImV4cCI6MTc1NDA1OTI0NCwiaWF0IjoxNzUzOTcyODQ0LCJqdGkiOiIxMDA2NzlkMzEwMDU0MDc4OGU3ODc2MzcwM2VlZTA1NiIsInVzZXJfaWQiOjIxNn0.4QCeZ0EYT2eSrYEpY066WAQaHK5Vml38MTR4FAz0wP8	2025-07-31 14:40:44.579762+00	2025-08-01 14:40:44+00	216	100679d3100540788e78763703eee056
264	eyJhbGciOiJIUzI1NiIsInR5cCI6IkpXVCJ9.eyJ0b2tlbl90eXBlIjoicmVmcmVzaCIsImV4cCI6MTc1NDA3MDkzMCwiaWF0IjoxNzUzOTg0NTMwLCJqdGkiOiIyNzhmMWU4ZTU2ZmQ0YWE3YjVkMTk3YTVkNTBlYmY3NyIsInVzZXJfaWQiOjIxNn0.6ycnXPPyhEcR-YjMYmPuUAdOw7D9fiqBMRzUM7FvBng	2025-07-31 17:55:30.143469+00	2025-08-01 17:55:30+00	216	278f1e8e56fd4aa7b5d197a5d50ebf77
265	eyJhbGciOiJIUzI1NiIsInR5cCI6IkpXVCJ9.eyJ0b2tlbl90eXBlIjoicmVmcmVzaCIsImV4cCI6MTc1NDA5MDUxOCwiaWF0IjoxNzU0MDA0MTE4LCJqdGkiOiJjYmI1YzI1MTJiNTU0MmI3YjUxMmRiNjQwZWQxMDU3YiIsInVzZXJfaWQiOjIxNn0.zBodJOQBfTHhV8Uj6t7mGUhJzetjiq4XAvKmM2_dEoA	2025-07-31 23:21:58.052618+00	2025-08-01 23:21:58+00	216	cbb5c2512b5542b7b512db640ed1057b
266	eyJhbGciOiJIUzI1NiIsInR5cCI6IkpXVCJ9.eyJ0b2tlbl90eXBlIjoicmVmcmVzaCIsImV4cCI6MTc1NDA5MTU1MiwiaWF0IjoxNzU0MDA1MTUyLCJqdGkiOiJlYzQ1ZDA2NGExMWE0ZGJiOGVmOTQyMjhjNTJlNzM1MiIsInVzZXJfaWQiOjE1OX0.FK5-iw9ST5nWMg1azWfgZGMCoqyH5lsmWZXfcOsBlO8	2025-07-31 23:39:12.576314+00	2025-08-01 23:39:12+00	159	ec45d064a11a4dbb8ef94228c52e7352
267	eyJhbGciOiJIUzI1NiIsInR5cCI6IkpXVCJ9.eyJ0b2tlbl90eXBlIjoicmVmcmVzaCIsImV4cCI6MTc1NDA5MTYzMCwiaWF0IjoxNzU0MDA1MjMwLCJqdGkiOiI0ZGZjODc3MGFiNTc0ZTA2YjUwYjFiYzliN2E0MzJjNCJ9.VHjEnAP02_MracoJk319R-mHMiQN52boIGIaroPJdcM	\N	2025-08-01 23:40:30+00	\N	4dfc8770ab574e06b50b1bc9b7a432c4
268	eyJhbGciOiJIUzI1NiIsInR5cCI6IkpXVCJ9.eyJ0b2tlbl90eXBlIjoicmVmcmVzaCIsImV4cCI6MTc1NDA5MTY0NSwiaWF0IjoxNzU0MDA1MjQ1LCJqdGkiOiI4NTA0NzU4MTc3NWI0MTAyODJhOGY3ZDQwMjBlNjYwZSIsInVzZXJfaWQiOjIxN30.vF8n-MTyaGGzDsR92TjevCo6qUqIGYdL8QQ1qvlTmno	2025-07-31 23:40:45.999923+00	2025-08-01 23:40:45+00	217	85047581775b410282a8f7d4020e660e
269	eyJhbGciOiJIUzI1NiIsInR5cCI6IkpXVCJ9.eyJ0b2tlbl90eXBlIjoicmVmcmVzaCIsImV4cCI6MTc1NDI5MzI3NiwiaWF0IjoxNzU0MjA2ODc2LCJqdGkiOiJhZjMzNGM4YTI3YzI0ZDZjYjI3ODdhMzYzOGFhYzY3MiIsInVzZXJfaWQiOjIxNn0.CwFh5n9G7UJlRp_jbDkZ_CgCExytrPEooiYJdBG5NbQ	2025-08-03 07:41:16.398064+00	2025-08-04 07:41:16+00	216	af334c8a27c24d6cb2787a3638aac672
270	eyJhbGciOiJIUzI1NiIsInR5cCI6IkpXVCJ9.eyJ0b2tlbl90eXBlIjoicmVmcmVzaCIsImV4cCI6MTc1NDI5MzU3MSwiaWF0IjoxNzU0MjA3MTcxLCJqdGkiOiJlNTA1NDBlZTQzMjA0Yjk5OGRlNTBjYzdkZjM5MDY0ZCIsInVzZXJfaWQiOjIxNn0.3auIG8TCObUWZ22AKB3gj3QdsVD2PwFVowlwq_pRgT4	2025-08-03 07:46:11.157106+00	2025-08-04 07:46:11+00	216	e50540ee43204b998de50cc7df39064d
271	eyJhbGciOiJIUzI1NiIsInR5cCI6IkpXVCJ9.eyJ0b2tlbl90eXBlIjoicmVmcmVzaCIsImV4cCI6MTc1NDI5NDA5OSwiaWF0IjoxNzU0MjA3Njk5LCJqdGkiOiJmOTc1NWNiZGIxY2U0ZGM1YTI0YTVjN2Y5ZjJhNGQ3NyJ9.0AFkKcui5y_dlQbPKnSc7mosCWLwo1e-wjHaYQZhino	\N	2025-08-04 07:54:59+00	\N	f9755cbdb1ce4dc5a24a5c7f9f2a4d77
272	eyJhbGciOiJIUzI1NiIsInR5cCI6IkpXVCJ9.eyJ0b2tlbl90eXBlIjoicmVmcmVzaCIsImV4cCI6MTc1NDI5NDE3OSwiaWF0IjoxNzU0MjA3Nzc5LCJqdGkiOiI4YjBlYjM1ZjJkYjM0YzYyODcxYzBmYmVhZjUzMGYyMiIsInVzZXJfaWQiOjIxN30.HUDYuA6tutKOHtXqHLOZtwoX7978yuQGyr2fppSPjas	2025-08-03 07:56:19.416384+00	2025-08-04 07:56:19+00	217	8b0eb35f2db34c62871c0fbeaf530f22
273	eyJhbGciOiJIUzI1NiIsInR5cCI6IkpXVCJ9.eyJ0b2tlbl90eXBlIjoicmVmcmVzaCIsImV4cCI6MTc1NDI5NDcyOSwiaWF0IjoxNzU0MjA4MzI5LCJqdGkiOiJhMGJhMzFmOGJmODQ0M2ZjYTIwYTM4ZmYzNTcwMmM0ZiIsInVzZXJfaWQiOjIxN30.hklEZ3qpqw0Li4YH5zO_48Zvg4pYQW4zUwcAaIFSu98	2025-08-03 08:05:29.385795+00	2025-08-04 08:05:29+00	217	a0ba31f8bf8443fca20a38ff35702c4f
274	eyJhbGciOiJIUzI1NiIsInR5cCI6IkpXVCJ9.eyJ0b2tlbl90eXBlIjoicmVmcmVzaCIsImV4cCI6MTc1NDI5NzAwNywiaWF0IjoxNzU0MjEwNjA3LCJqdGkiOiIyZjllZDIyNTIzMGY0MGQ0OWE5M2RiZDkyNDg4M2Q2NSJ9.Y7Q7be06J2rDi8-Mg6lhx9cip9YZrP_aat9NUBnAxfo	\N	2025-08-04 08:43:27+00	\N	2f9ed225230f40d49a93dbd924883d65
275	eyJhbGciOiJIUzI1NiIsInR5cCI6IkpXVCJ9.eyJ0b2tlbl90eXBlIjoicmVmcmVzaCIsImV4cCI6MTc1NDI5NzAyNCwiaWF0IjoxNzU0MjEwNjI0LCJqdGkiOiIyZWE3YzIxY2VjOTQ0YTEyYWM1MzJlZjczZTJlMTQyNCIsInVzZXJfaWQiOjIxNn0.VG1GkfadJuCtqwndMmEq0XstRfcWDSPcDRsEqSiOMXk	2025-08-03 08:43:44.548755+00	2025-08-04 08:43:44+00	216	2ea7c21cec944a12ac532ef73e2e1424
276	eyJhbGciOiJIUzI1NiIsInR5cCI6IkpXVCJ9.eyJ0b2tlbl90eXBlIjoicmVmcmVzaCIsImV4cCI6MTc1NDM0ODEyMiwiaWF0IjoxNzU0MjYxNzIyLCJqdGkiOiJiODhiOTZhNjAyNzY0Nzc0YTNkNzFkMzZmYzI2OTc4YSIsInVzZXJfaWQiOjE1OX0.W6lfgc105HbT3Ceo6_OK3VbvX2jtS0-iAGg2VCjl30w	2025-08-03 22:55:22.759402+00	2025-08-04 22:55:22+00	159	b88b96a602764774a3d71d36fc26978a
277	eyJhbGciOiJIUzI1NiIsInR5cCI6IkpXVCJ9.eyJ0b2tlbl90eXBlIjoicmVmcmVzaCIsImV4cCI6MTc1NDQ3MTIwNiwiaWF0IjoxNzU0Mzg0ODA2LCJqdGkiOiJjODU2MWE2OWRlYTc0NGYxYjc4OTMzMTkyOGY1MGQ1YyIsInVzZXJfaWQiOjIxNn0.6p9T4lmOIRMR1WlkgEj-6IXEHAjekAeVcLLXzx0UxUo	2025-08-05 09:06:46.385835+00	2025-08-06 09:06:46+00	216	c8561a69dea744f1b789331928f50d5c
278	eyJhbGciOiJIUzI1NiIsInR5cCI6IkpXVCJ9.eyJ0b2tlbl90eXBlIjoicmVmcmVzaCIsImV4cCI6MTc1NDQ4MzIwOSwiaWF0IjoxNzU0Mzk2ODA5LCJqdGkiOiI5MzkzZWJlZjM1ZDY0NTlkODM3YzA1MWRkOGVmZTk1NCIsInVzZXJfaWQiOjIxNn0.UcwWsdcTGNChYmzSqyxm4Gvlze17D-MUxpRrpeTkLhk	2025-08-05 12:26:49.765241+00	2025-08-06 12:26:49+00	216	9393ebef35d6459d837c051dd8efe954
279	eyJhbGciOiJIUzI1NiIsInR5cCI6IkpXVCJ9.eyJ0b2tlbl90eXBlIjoicmVmcmVzaCIsImV4cCI6MTc1NDU0OTg5NCwiaWF0IjoxNzU0NDYzNDk0LCJqdGkiOiJkNDk1ZmNhOTkzZDQ0ZDQwOWViZGVkNTg5ZmVmMjI0ZiIsInVzZXJfaWQiOjIxNn0.vOytC-fA6FmPdxqDswoK0c7ZLn2PG57BPcuumbldSFM	2025-08-06 06:58:14.616083+00	2025-08-07 06:58:14+00	216	d495fca993d44d409ebded589fef224f
280	eyJhbGciOiJIUzI1NiIsInR5cCI6IkpXVCJ9.eyJ0b2tlbl90eXBlIjoicmVmcmVzaCIsImV4cCI6MTc1NDU1MDYwOSwiaWF0IjoxNzU0NDY0MjA5LCJqdGkiOiI2YjhmMmQ5MDBiMTc0OGI0OTc4OWRmMGNjYmIxNDZiOSIsInVzZXJfaWQiOjIxNn0.n-qXS1_flEFmu7GmxurQYd7p4jK7pVflKRN1dzU2hpY	2025-08-06 07:10:09.898927+00	2025-08-07 07:10:09+00	216	6b8f2d900b1748b49789df0ccbb146b9
281	eyJhbGciOiJIUzI1NiIsInR5cCI6IkpXVCJ9.eyJ0b2tlbl90eXBlIjoicmVmcmVzaCIsImV4cCI6MTc1NDYwMTczMSwiaWF0IjoxNzU0NTE1MzMxLCJqdGkiOiI2MDFmZDk2ZTQzNjQ0NjdjOTM5MzhlMDQxMTAxNTEzYiIsInVzZXJfaWQiOjE1OX0.Iaaa43EuBOUmAqEn7fvDoW9JGB7wX3fO86mz6gGLN5Y	2025-08-06 21:22:11.349194+00	2025-08-07 21:22:11+00	159	601fd96e4364467c93938e041101513b
282	eyJhbGciOiJIUzI1NiIsInR5cCI6IkpXVCJ9.eyJ0b2tlbl90eXBlIjoicmVmcmVzaCIsImV4cCI6MTc1NDYwODIwMywiaWF0IjoxNzU0NTIxODAzLCJqdGkiOiIzMjdmZmM4YWM2OGE0NmU0YjcxZGFhMzdkOWRjMGNkNSIsInVzZXJfaWQiOjIxNn0.6jI5EzwKjkuMqhTKn7aYsl19XUv2Xn0xkGx1qj76x_k	2025-08-06 23:10:03.23301+00	2025-08-07 23:10:03+00	216	327ffc8ac68a46e4b71daa37d9dc0cd5
283	eyJhbGciOiJIUzI1NiIsInR5cCI6IkpXVCJ9.eyJ0b2tlbl90eXBlIjoicmVmcmVzaCIsImV4cCI6MTc1NDYxMzI0OCwiaWF0IjoxNzU0NTI2ODQ4LCJqdGkiOiJjYmMyZmQwNzI1MTI0MzcyYWUxYTZjOGNiOGYzNTk5OCIsInVzZXJfaWQiOjE1OX0.tZfa3UE5i9CXNGi8ILgyMS1vSi8CG95fAf9Abqto47Q	2025-08-07 00:34:08.872704+00	2025-08-08 00:34:08+00	159	cbc2fd0725124372ae1a6c8cb8f35998
284	eyJhbGciOiJIUzI1NiIsInR5cCI6IkpXVCJ9.eyJ0b2tlbl90eXBlIjoicmVmcmVzaCIsImV4cCI6MTc1NDYxODIwNSwiaWF0IjoxNzU0NTMxODA1LCJqdGkiOiJiNTVhMDYwOTZlOGE0OGNkODM1OGViYTk4OGFiZjQ3ZSIsInVzZXJfaWQiOjIxNn0.xm5whcvM4Mos-srEJ1Qz1k1Xbo_jV47vYdXuMMCOgN0	2025-08-07 01:56:45.514154+00	2025-08-08 01:56:45+00	216	b55a06096e8a48cd8358eba988abf47e
285	eyJhbGciOiJIUzI1NiIsInR5cCI6IkpXVCJ9.eyJ0b2tlbl90eXBlIjoicmVmcmVzaCIsImV4cCI6MTc1NDc0ODY1MCwiaWF0IjoxNzU0NjYyMjUwLCJqdGkiOiJlZDE3MjQxYmZjMDI0MDk0OTYyZmVkOWE4ZGE0OWFhMyIsInVzZXJfaWQiOjIxNn0.n-U7_0qbmVw0biza_egtXalbNj4_e3vPlgTjpbaZkbM	2025-08-08 14:10:50.227591+00	2025-08-09 14:10:50+00	216	ed17241bfc024094962fed9a8da49aa3
286	eyJhbGciOiJIUzI1NiIsInR5cCI6IkpXVCJ9.eyJ0b2tlbl90eXBlIjoicmVmcmVzaCIsImV4cCI6MTc1NDc0ODkwNywiaWF0IjoxNzU0NjYyNTA3LCJqdGkiOiJkOWYyMzQxMzA2Y2M0MDFkOGMzNjE0ZDFkMzRlNTY0MSIsInVzZXJfaWQiOjIxNn0.BCYrdzhuw5lnbUDUpJxdI5TZS0Abe5idWe_aE6E9iMg	2025-08-08 14:15:07.541069+00	2025-08-09 14:15:07+00	216	d9f2341306cc401d8c3614d1d34e5641
287	eyJhbGciOiJIUzI1NiIsInR5cCI6IkpXVCJ9.eyJ0b2tlbl90eXBlIjoicmVmcmVzaCIsImV4cCI6MTc1NDc1MTcyOSwiaWF0IjoxNzU0NjY1MzI5LCJqdGkiOiJjNzdiZDRjNTNkOGU0NGUzOWVjMTAxYzExOTZjZTExNCIsInVzZXJfaWQiOjE1OX0.Q8LyCB-02WOL_aQDvD3OFxLGYNYbOC8Bcg3sIKOl3E4	2025-08-08 15:02:09.224792+00	2025-08-09 15:02:09+00	159	c77bd4c53d8e44e39ec101c1196ce114
288	eyJhbGciOiJIUzI1NiIsInR5cCI6IkpXVCJ9.eyJ0b2tlbl90eXBlIjoicmVmcmVzaCIsImV4cCI6MTc1NDc2NTIzNCwiaWF0IjoxNzU0Njc4ODM0LCJqdGkiOiIzMDNhY2ZjNGVhZmQ0YWMyYTNmNDI0ZDEwNzlmNTA0MiIsInVzZXJfaWQiOjE1OX0.65qFeXHRZ5JoDxhijMyH1gr04rM-hkUuVYfxuWeWKLQ	2025-08-08 18:47:14.204025+00	2025-08-09 18:47:14+00	159	303acfc4eafd4ac2a3f424d1079f5042
289	eyJhbGciOiJIUzI1NiIsInR5cCI6IkpXVCJ9.eyJ0b2tlbl90eXBlIjoicmVmcmVzaCIsImV4cCI6MTc1NDg4MTA1NCwiaWF0IjoxNzU0Nzk0NjU0LCJqdGkiOiIwM2M0NjZkNjBhYWQ0NjQ1YTJjZDUxY2VhZWRjODcxOCIsInVzZXJfaWQiOjIxNn0.fSHi2FFa3LqG08AW1yIaHzjbQfvlm9ZbUFQQl37nq1k	2025-08-10 02:57:34.861445+00	2025-08-11 02:57:34+00	216	03c466d60aad4645a2cd51ceaedc8718
290	eyJhbGciOiJIUzI1NiIsInR5cCI6IkpXVCJ9.eyJ0b2tlbl90eXBlIjoicmVmcmVzaCIsImV4cCI6MTc1NDg4MTYyNSwiaWF0IjoxNzU0Nzk1MjI1LCJqdGkiOiJkYzM2NWQxMTg2Mjc0MmQxODJjNDUyNzllMWRlOTJmMCIsInVzZXJfaWQiOjIxNn0.4QMG4DVjSneRWsFkLj07VqgAx0wBdOcIvimV3fcmDeE	2025-08-10 03:07:05.693485+00	2025-08-11 03:07:05+00	216	dc365d11862742d182c45279e1de92f0
291	eyJhbGciOiJIUzI1NiIsInR5cCI6IkpXVCJ9.eyJ0b2tlbl90eXBlIjoicmVmcmVzaCIsImV4cCI6MTc1NDkyMjYwMywiaWF0IjoxNzU0ODM2MjAzLCJqdGkiOiIxOTE4NTk1OWFkMzY0ZTQ0YWVhNzVmNWQzMjYwZDQ0YyIsInVzZXJfaWQiOjE1OX0.eRmifrIKfVp2mv-yGVmNTLG97udBH1gf7FD4nXnFLWg	2025-08-10 14:30:03.036857+00	2025-08-11 14:30:03+00	159	19185959ad364e44aea75f5d3260d44c
292	eyJhbGciOiJIUzI1NiIsInR5cCI6IkpXVCJ9.eyJ0b2tlbl90eXBlIjoicmVmcmVzaCIsImV4cCI6MTc1NDk0MjE3MiwiaWF0IjoxNzU0ODU1NzcyLCJqdGkiOiJlNzNhNmRkNTU2M2E0MTMwYjE2ZTk1YmUzNTY5OWZhNyIsInVzZXJfaWQiOjE1OX0.VBrBGb7zCH2DIdDJzryvDUsXxgPHdtIfcFWfxQQStWQ	2025-08-10 19:56:12.891153+00	2025-08-11 19:56:12+00	159	e73a6dd5563a4130b16e95be35699fa7
293	eyJhbGciOiJIUzI1NiIsInR5cCI6IkpXVCJ9.eyJ0b2tlbl90eXBlIjoicmVmcmVzaCIsImV4cCI6MTc1NDk0ODMzNCwiaWF0IjoxNzU0ODYxOTM0LCJqdGkiOiJhOGI0NWU3NjNjNGM0NmY3Yjk2ODQ1MzlmNWNiYTI2OCIsInVzZXJfaWQiOjE1OX0.GsCBU8jRzHg9QRSB9g0gp7Rl7WA5IG8HtzlX7nWwLfk	2025-08-10 21:38:54.059181+00	2025-08-11 21:38:54+00	159	a8b45e763c4c46f7b9684539f5cba268
294	eyJhbGciOiJIUzI1NiIsInR5cCI6IkpXVCJ9.eyJ0b2tlbl90eXBlIjoicmVmcmVzaCIsImV4cCI6MTc1NTA4NjM3MywiaWF0IjoxNzU0OTk5OTczLCJqdGkiOiJhMzZmM2IyMDRjMGY0YTg2OWQ1Y2FjZDZhYTU1NWYyYyIsInVzZXJfaWQiOjIxNn0.ERG3QxAMcqaoSaV-GHQPAJevIaSvHw641xAz2dzEi6k	2025-08-12 11:59:33.635636+00	2025-08-13 11:59:33+00	216	a36f3b204c0f4a869d5cacd6aa555f2c
295	eyJhbGciOiJIUzI1NiIsInR5cCI6IkpXVCJ9.eyJ0b2tlbl90eXBlIjoicmVmcmVzaCIsImV4cCI6MTc1NTA4NjUwNSwiaWF0IjoxNzU1MDAwMTA1LCJqdGkiOiJmMzc1YmU1YWJlNjM0ZWQwYmY2OTE2N2ZjNzU0ODBjZSIsInVzZXJfaWQiOjIxNn0.M_g8XyM4nugNNrLRRMBG9w46P1qnUuuLiBfg_hwMN_8	2025-08-12 12:01:45.777408+00	2025-08-13 12:01:45+00	216	f375be5abe634ed0bf69167fc75480ce
296	eyJhbGciOiJIUzI1NiIsInR5cCI6IkpXVCJ9.eyJ0b2tlbl90eXBlIjoicmVmcmVzaCIsImV4cCI6MTc1NTE1NTAzMCwiaWF0IjoxNzU1MDY4NjMwLCJqdGkiOiJjZGMyMDQ5MjVlYmE0MWIxYjhmNmE4Mzc2YzNmMTRhNyIsInVzZXJfaWQiOjIxNn0.hJPsWQXeoJjlQFAryN4WdjcYhAllgBb6QO8pPtlijXc	2025-08-13 07:03:50.487031+00	2025-08-14 07:03:50+00	216	cdc204925eba41b1b8f6a8376c3f14a7
297	eyJhbGciOiJIUzI1NiIsInR5cCI6IkpXVCJ9.eyJ0b2tlbl90eXBlIjoicmVmcmVzaCIsImV4cCI6MTc1NTE2MTQ5OCwiaWF0IjoxNzU1MDc1MDk4LCJqdGkiOiI2ZjIzYzRkZjdjNTg0M2EwYmM5ZWRhMDI1NDkxNDdhYyIsInVzZXJfaWQiOjIxNn0.XBTH6zgfZAXUzLfhCJikVZfQr2M58dgmr-4ZWNngY50	2025-08-13 08:51:38.689522+00	2025-08-14 08:51:38+00	216	6f23c4df7c5843a0bc9eda02549147ac
298	eyJhbGciOiJIUzI1NiIsInR5cCI6IkpXVCJ9.eyJ0b2tlbl90eXBlIjoicmVmcmVzaCIsImV4cCI6MTc1NTE2NDMwOSwiaWF0IjoxNzU1MDc3OTA5LCJqdGkiOiI1NmQxYTYxN2I4Zjg0OWExYTc0YjdhMmVhYWM4YzQ5MSIsInVzZXJfaWQiOjIxNn0.ZAK5Ux8XLthUj34VJrN2VvFZ1LjaGRFgqyquyyNZa2w	2025-08-13 09:38:29.432453+00	2025-08-14 09:38:29+00	216	56d1a617b8f849a1a74b7a2eaac8c491
299	eyJhbGciOiJIUzI1NiIsInR5cCI6IkpXVCJ9.eyJ0b2tlbl90eXBlIjoicmVmcmVzaCIsImV4cCI6MTc1NTE2NDQyOSwiaWF0IjoxNzU1MDc4MDI5LCJqdGkiOiIzNTZiNWY5YmM3ZmM0MmE5YTBjNzBmYmJkNmMxYjZmZiIsInVzZXJfaWQiOjIxNn0.LX0ZMI4Rl8bg8qWRCULg3b--hUVklOr62zIu9BJGRI0	2025-08-13 09:40:29.856129+00	2025-08-14 09:40:29+00	216	356b5f9bc7fc42a9a0c70fbbd6c1b6ff
300	eyJhbGciOiJIUzI1NiIsInR5cCI6IkpXVCJ9.eyJ0b2tlbl90eXBlIjoicmVmcmVzaCIsImV4cCI6MTc1NTE2OTA2MCwiaWF0IjoxNzU1MDgyNjYwLCJqdGkiOiI5Mjk1YmM1ODQyMWY0NTM4OTA1NThkMGFmZDdmODk0NSIsInVzZXJfaWQiOjE1OX0.PM4rqfPa-qcSaAwvzPqVmhPxf88B_d4y5l1Jsy3Sbaw	2025-08-13 10:57:40.924933+00	2025-08-14 10:57:40+00	159	9295bc58421f453890558d0afd7f8945
301	eyJhbGciOiJIUzI1NiIsInR5cCI6IkpXVCJ9.eyJ0b2tlbl90eXBlIjoicmVmcmVzaCIsImV4cCI6MTc1NTE3MzQ1NSwiaWF0IjoxNzU1MDg3MDU1LCJqdGkiOiJhNGY2NmNmOWYzMGY0YjI3YTQyM2Y0YTlhMDYxOGFiZCIsInVzZXJfaWQiOjIxNn0.-4S3ChrDda9ygTlHIBkcyI7uDCqo0AHuFddPRso_n1g	2025-08-13 12:10:55.559463+00	2025-08-14 12:10:55+00	216	a4f66cf9f30f4b27a423f4a9a0618abd
302	eyJhbGciOiJIUzI1NiIsInR5cCI6IkpXVCJ9.eyJ0b2tlbl90eXBlIjoicmVmcmVzaCIsImV4cCI6MTc1NjAzMjk5MCwiaWF0IjoxNzU1OTQ2NTkwLCJqdGkiOiJlODU3ZTc2NWJjODg0MDY5YmU0ZWU4ODUzNjI0NWZjYiIsInVzZXJfaWQiOjIxNn0.G-8syHYAUeS962d2e1iDxjd4rmrL68QX10u-lx8qiyo	2025-08-23 10:56:30.395538+00	2025-08-24 10:56:30+00	216	e857e765bc884069be4ee88536245fcb
303	eyJhbGciOiJIUzI1NiIsInR5cCI6IkpXVCJ9.eyJ0b2tlbl90eXBlIjoicmVmcmVzaCIsImV4cCI6MTc1NjAzMzIxOSwiaWF0IjoxNzU1OTQ2ODE5LCJqdGkiOiI0MzU0N2FlZDFiYjk0OGIyOGQyMTVmMzU4N2Y5YWJlMyIsInVzZXJfaWQiOjIxNn0.rN36snCCEQZEmtJViy-a8uFp7KGQJ3pwyo1-4UJR4P0	2025-08-23 11:00:19.703995+00	2025-08-24 11:00:19+00	216	43547aed1bb948b28d215f3587f9abe3
304	eyJhbGciOiJIUzI1NiIsInR5cCI6IkpXVCJ9.eyJ0b2tlbl90eXBlIjoicmVmcmVzaCIsImV4cCI6MTc1NjAzNDkyNSwiaWF0IjoxNzU1OTQ4NTI1LCJqdGkiOiJjMjQyMTJhNTI5ZDA0NTlmYmFhNGZkMWEyOTVlYjQ0NSIsInVzZXJfaWQiOjIxNn0.gCHyp0AS_nB09l8oK99cYBOWXYn-6EBaaHlDo5Voizs	2025-08-23 11:28:45.738353+00	2025-08-24 11:28:45+00	216	c24212a529d0459fbaa4fd1a295eb445
305	eyJhbGciOiJIUzI1NiIsInR5cCI6IkpXVCJ9.eyJ0b2tlbl90eXBlIjoicmVmcmVzaCIsImV4cCI6MTc1NjAzNjA2MiwiaWF0IjoxNzU1OTQ5NjYyLCJqdGkiOiIwYjBiOGU4NWYzYjM0YjFjYWQ3YzI0MGExOWViOGY2MiIsInVzZXJfaWQiOjIxNn0.PD8MGI-8d0KP8l9m0RUYmzOWl0QuFeG3odT1jfKe_lw	2025-08-23 11:47:42.620064+00	2025-08-24 11:47:42+00	216	0b0b8e85f3b34b1cad7c240a19eb8f62
306	eyJhbGciOiJIUzI1NiIsInR5cCI6IkpXVCJ9.eyJ0b2tlbl90eXBlIjoicmVmcmVzaCIsImV4cCI6MTc1NjAzODE1NywiaWF0IjoxNzU1OTUxNzU3LCJqdGkiOiJjMWQ0MDJjZmMyYjQ0ZGU2ODdmN2FkM2E2MDUzMjRkMSIsInVzZXJfaWQiOjIxNn0.G2XtjBNhomHZei_-4CcmBunIPgQkxErjB_fu8sJ4Hfo	2025-08-23 12:22:37.237115+00	2025-08-24 12:22:37+00	216	c1d402cfc2b44de687f7ad3a605324d1
307	eyJhbGciOiJIUzI1NiIsInR5cCI6IkpXVCJ9.eyJ0b2tlbl90eXBlIjoicmVmcmVzaCIsImV4cCI6MTc1NjExMTIzMiwiaWF0IjoxNzU2MDI0ODMyLCJqdGkiOiI1NmMxYjk5ZDQzNGI0MjhlYTI3YmZmYzc5NGE3ZTNmZiIsInVzZXJfaWQiOjIxNn0.BjbqhqzIzNahs_0W-hN6EQPbQ45bwsEkDZRVnyMo8-U	2025-08-24 08:40:32.658477+00	2025-08-25 08:40:32+00	216	56c1b99d434b428ea27bffc794a7e3ff
308	eyJhbGciOiJIUzI1NiIsInR5cCI6IkpXVCJ9.eyJ0b2tlbl90eXBlIjoicmVmcmVzaCIsImV4cCI6MTc1NjExNjQ5OSwiaWF0IjoxNzU2MDMwMDk5LCJqdGkiOiJjOGNmNzJjOTFiZmU0NmE1YjYxNDQzNTIwMzA4OTMwOCIsInVzZXJfaWQiOjIxNn0.R5PwGl4cqmKM6E2kq-79CzoDTiFDYPGDUFQ0m3CIqD0	2025-08-24 10:08:19.245133+00	2025-08-25 10:08:19+00	216	c8cf72c91bfe46a5b614435203089308
309	eyJhbGciOiJIUzI1NiIsInR5cCI6IkpXVCJ9.eyJ0b2tlbl90eXBlIjoicmVmcmVzaCIsImV4cCI6MTc1NjE2Njk2MCwiaWF0IjoxNzU2MDgwNTYwLCJqdGkiOiI2ZGY3ZWJiNzczYjY0MTJhYTExMzdhZjFkNzIzNGZlMSIsInVzZXJfaWQiOjIxN30.Q6ttM-shJd_mQLnr2ay26RtAnq-vjuRRPh8mOBizkSg	2025-08-25 00:09:20.015442+00	2025-08-26 00:09:20+00	217	6df7ebb773b6412aa1137af1d7234fe1
310	eyJhbGciOiJIUzI1NiIsInR5cCI6IkpXVCJ9.eyJ0b2tlbl90eXBlIjoicmVmcmVzaCIsImV4cCI6MTc1NjE5NDczNCwiaWF0IjoxNzU2MTA4MzM0LCJqdGkiOiI0NDQ4ZjQzMjk2ODc0ZGNmYWQyZWJiZGU0Yjg4YWMxMyIsInVzZXJfaWQiOjIxNn0.KSNfXHOlEKLSYweVhakVFP7TSvcUgnxvNQELUuOuXQ0	2025-08-25 07:52:14.335178+00	2025-08-26 07:52:14+00	216	4448f43296874dcfad2ebbde4b88ac13
311	eyJhbGciOiJIUzI1NiIsInR5cCI6IkpXVCJ9.eyJ0b2tlbl90eXBlIjoicmVmcmVzaCIsImV4cCI6MTc1NjE5NzE5NiwiaWF0IjoxNzU2MTEwNzk2LCJqdGkiOiJlYTMxZTViNWFkYjI0OTE0YjMyMmU5ZjJlMDMxZTAyMyIsInVzZXJfaWQiOjIxN30.6RRizftmVp-OgLDgZ31NBb-VPbwEVCoONm9ZCLgpKm8	2025-08-25 08:33:16.687272+00	2025-08-26 08:33:16+00	217	ea31e5b5adb24914b322e9f2e031e023
312	eyJhbGciOiJIUzI1NiIsInR5cCI6IkpXVCJ9.eyJ0b2tlbl90eXBlIjoicmVmcmVzaCIsImV4cCI6MTc1NjE5NzQ5MiwiaWF0IjoxNzU2MTExMDkyLCJqdGkiOiI1NzM0OWU0MTQ1OWU0ODJhYWYyMmJlMmU0YjMxMmI0NCIsInVzZXJfaWQiOjIxNn0.4ePyeFAWps9ACqz_2tpbSFi8zMoLXmZ7aJgBNGfjHIM	2025-08-25 08:38:12.203399+00	2025-08-26 08:38:12+00	216	57349e41459e482aaf22be2e4b312b44
313	eyJhbGciOiJIUzI1NiIsInR5cCI6IkpXVCJ9.eyJ0b2tlbl90eXBlIjoicmVmcmVzaCIsImV4cCI6MTc1NjE5NzU3NywiaWF0IjoxNzU2MTExMTc3LCJqdGkiOiJlMjAyOThiN2UzYWI0N2Y2OTlmYWFjZGUwYThlNWZmYyIsInVzZXJfaWQiOjIxNn0.SS9fYTaf1Mmeac3oz9P18zZ0hWgGyc_JWBS34r7JH-U	2025-08-25 08:39:37.581655+00	2025-08-26 08:39:37+00	216	e20298b7e3ab47f699faacde0a8e5ffc
314	eyJhbGciOiJIUzI1NiIsInR5cCI6IkpXVCJ9.eyJ0b2tlbl90eXBlIjoicmVmcmVzaCIsImV4cCI6MTc1NjIwMTkyMiwiaWF0IjoxNzU2MTE1NTIyLCJqdGkiOiJmOTlkYTc3NmJkN2Y0ZWM0ODE5OTJkMzY5NGNjNTg4NyIsInVzZXJfaWQiOjIxNn0.j6Rw5V6O3wpvdY9UAqijWag9vjLTKuUyYpwny0yNY-o	2025-08-25 09:52:02.16765+00	2025-08-26 09:52:02+00	216	f99da776bd7f4ec481992d3694cc5887
315	eyJhbGciOiJIUzI1NiIsInR5cCI6IkpXVCJ9.eyJ0b2tlbl90eXBlIjoicmVmcmVzaCIsImV4cCI6MTc1NjQ2NDQwMiwiaWF0IjoxNzU2Mzc4MDAyLCJqdGkiOiI1NDIyZGU3NmIxNGQ0MWNlYTE0ZWQ3NWJkMjM2MWZiNiIsInVzZXJfaWQiOjIxNn0.e9csKdzZIZZxA4laj-EuV_gpTAczR8WVcaxGBRjFVTA	2025-08-28 10:46:42.114407+00	2025-08-29 10:46:42+00	216	5422de76b14d41cea14ed75bd2361fb6
316	eyJhbGciOiJIUzI1NiIsInR5cCI6IkpXVCJ9.eyJ0b2tlbl90eXBlIjoicmVmcmVzaCIsImV4cCI6MTc1NjQ2NDQwNywiaWF0IjoxNzU2Mzc4MDA3LCJqdGkiOiI4YTFhMmZjYzIzMmE0ZDkyOWE4MjJlMDczMGI2ZjIyZSIsInVzZXJfaWQiOjIxNn0.AD88G8OF0snagDiDrUlnI-IT0XAYxWblMmR6cQX5CNE	2025-08-28 10:46:47.229954+00	2025-08-29 10:46:47+00	216	8a1a2fcc232a4d929a822e0730b6f22e
317	eyJhbGciOiJIUzI1NiIsInR5cCI6IkpXVCJ9.eyJ0b2tlbl90eXBlIjoicmVmcmVzaCIsImV4cCI6MTc1NjQ3ODI0MywiaWF0IjoxNzU2MzkxODQzLCJqdGkiOiI1NmFlNDQ0Y2QzZWE0NzQ1YjI0N2EwOGIwMTFkMGNjZiIsInVzZXJfaWQiOjIxNn0.FtBYRTS70neJ57q9ZJd5_NKlMF7FIOXBs4Dp8QzQMGU	2025-08-28 14:37:23.287402+00	2025-08-29 14:37:23+00	216	56ae444cd3ea4745b247a08b011d0ccf
318	eyJhbGciOiJIUzI1NiIsInR5cCI6IkpXVCJ9.eyJ0b2tlbl90eXBlIjoicmVmcmVzaCIsImV4cCI6MTc1NjU1NzYwMiwiaWF0IjoxNzU2NDcxMjAyLCJqdGkiOiI3YjY1MGIxMmNmMTA0NzA2YjE4MTllNGUyYjEzNDlhOCIsInVzZXJfaWQiOjIxNn0.o-MkkIVItDyWVMu9i96oWdYUmPDS6njcxrVjffXgP3U	2025-08-29 12:40:02.021691+00	2025-08-30 12:40:02+00	216	7b650b12cf104706b1819e4e2b1349a8
319	eyJhbGciOiJIUzI1NiIsInR5cCI6IkpXVCJ9.eyJ0b2tlbl90eXBlIjoicmVmcmVzaCIsImV4cCI6MTc1NjU2NjU5MSwiaWF0IjoxNzU2NDgwMTkxLCJqdGkiOiI1Mjk0YmU5NjU5MTc0MDAyODRhZDVjODdhOGZkMWJjNyIsInVzZXJfaWQiOjIxNn0.Kg8850a9uJ60XVI6DMKp37AHPj8MONp1eZxvnSP9JTo	2025-08-29 15:09:51.706926+00	2025-08-30 15:09:51+00	216	5294be965917400284ad5c87a8fd1bc7
320	eyJhbGciOiJIUzI1NiIsInR5cCI6IkpXVCJ9.eyJ0b2tlbl90eXBlIjoicmVmcmVzaCIsImV4cCI6MTc1NjU4MTMxNywiaWF0IjoxNzU2NDk0OTE3LCJqdGkiOiI2NzA2MGFhNDBiOWM0NDdkYTg5ODExYzQxYzZlNDQyZSIsInVzZXJfaWQiOjIxNn0.4TfH5HzENkFQxEDp3QS8jtqcvgXC0y5HLReCpnDrFjQ	2025-08-29 19:15:17.012634+00	2025-08-30 19:15:17+00	216	67060aa40b9c447da89811c41c6e442e
321	eyJhbGciOiJIUzI1NiIsInR5cCI6IkpXVCJ9.eyJ0b2tlbl90eXBlIjoicmVmcmVzaCIsImV4cCI6MTc1NjU5Nzk1NCwiaWF0IjoxNzU2NTExNTU0LCJqdGkiOiJlM2ZlYjU3OTY2NDQ0ODdjOTljYzJlMjAxN2M1NGE4YSIsInVzZXJfaWQiOjIxNn0.HU3ucMyCjI5h2NYcW3ZpmrP4ZromfRIXc-ui_LrhKQg	2025-08-29 23:52:34.755671+00	2025-08-30 23:52:34+00	216	e3feb5796644487c99cc2e2017c54a8a
322	eyJhbGciOiJIUzI1NiIsInR5cCI6IkpXVCJ9.eyJ0b2tlbl90eXBlIjoicmVmcmVzaCIsImV4cCI6MTc1NjY3MzQ0NCwiaWF0IjoxNzU2NTg3MDQ0LCJqdGkiOiJiOTA3YzBjYmUwMTA0NzkxOWRlMGU3ZjFjNzU4MTk4MCIsInVzZXJfaWQiOjE1OX0.lj_Aqj-TTcmGPcVmXwb6GV6t71vV8Q926k-8xrPmJtE	2025-08-30 20:50:44.415308+00	2025-08-31 20:50:44+00	159	b907c0cbe01047919de0e7f1c7581980
323	eyJhbGciOiJIUzI1NiIsInR5cCI6IkpXVCJ9.eyJ0b2tlbl90eXBlIjoicmVmcmVzaCIsImV4cCI6MTc1NjcyMTc0MywiaWF0IjoxNzU2NjM1MzQzLCJqdGkiOiIyMGJhYzM0NzIyYjA0NGY3OWRlOGQwYjE4NzM0ZTc5YyIsInVzZXJfaWQiOjIxNn0.-26ESVQ-TzR4T3ISbQnzA0UWLWx-dn-pkwe9i9qrOnU	2025-08-31 10:15:43.715971+00	2025-09-01 10:15:43+00	216	20bac34722b044f79de8d0b18734e79c
324	eyJhbGciOiJIUzI1NiIsInR5cCI6IkpXVCJ9.eyJ0b2tlbl90eXBlIjoicmVmcmVzaCIsImV4cCI6MTc1NjcyNjIwOSwiaWF0IjoxNzU2NjM5ODA5LCJqdGkiOiIwZWUwZTMzMjUxNmM0OWVkOTZhZDdlMGM1MTU2NDkzYyIsInVzZXJfaWQiOjIxNn0.mM_DoED1FDt9tZwaEc_p2GKMtN6h_w_1eXsVfL4-Fjg	2025-08-31 11:30:09.388648+00	2025-09-01 11:30:09+00	216	0ee0e332516c49ed96ad7e0c5156493c
325	eyJhbGciOiJIUzI1NiIsInR5cCI6IkpXVCJ9.eyJ0b2tlbl90eXBlIjoicmVmcmVzaCIsImV4cCI6MTc1Njg1MjYwMywiaWF0IjoxNzU2NzY2MjAzLCJqdGkiOiI5YjE3ZjhjY2NjYmM0NDk4ODhlMTI0M2RmZWI4NzhhMSIsInVzZXJfaWQiOjE1OX0.8lQgT9DLClDzvEePMG3Fu9_hNEDnVdgcwDxNq2Y3SsA	2025-09-01 22:36:43.70792+00	2025-09-02 22:36:43+00	159	9b17f8ccccbc449888e1243dfeb878a1
326	eyJhbGciOiJIUzI1NiIsInR5cCI6IkpXVCJ9.eyJ0b2tlbl90eXBlIjoicmVmcmVzaCIsImV4cCI6MTc1NjkyMTQ1OSwiaWF0IjoxNzU2ODM1MDU5LCJqdGkiOiJjMTY4OThiMGUyNDc0ODhhOWViOWYxY2FmM2E4OWY4MSIsInVzZXJfaWQiOjIxNn0.P9s_b1MAnm7gqKc8heYN2t1kNgOaMML-lOETq37gthg	2025-09-02 17:44:19.491338+00	2025-09-03 17:44:19+00	216	c16898b0e247488a9eb9f1caf3a89f81
327	eyJhbGciOiJIUzI1NiIsInR5cCI6IkpXVCJ9.eyJ0b2tlbl90eXBlIjoicmVmcmVzaCIsImV4cCI6MTc1NjkyMTUwOCwiaWF0IjoxNzU2ODM1MTA4LCJqdGkiOiI5MmUxNDFjMWRlMmQ0YWQ2Yjg4MjVhYjlmZWZlM2U2OSIsInVzZXJfaWQiOjIxNn0.Q82qbK-99UW1l5QQVhIMXUqJAMOYcbM_TzQtrIHlht8	2025-09-02 17:45:08.722307+00	2025-09-03 17:45:08+00	216	92e141c1de2d4ad6b8825ab9fefe3e69
328	eyJhbGciOiJIUzI1NiIsInR5cCI6IkpXVCJ9.eyJ0b2tlbl90eXBlIjoicmVmcmVzaCIsImV4cCI6MTc1NjkzODA3NywiaWF0IjoxNzU2ODUxNjc3LCJqdGkiOiI4M2U2YTU0OWY3N2E0ZTE2OTM5OTkzZDQ2ZDA3MTliYiIsInVzZXJfaWQiOjIxNn0.47O-9YlKhUTwLjs8bSTGWWb42b3Ia8Iu-hD22IlaDZM	2025-09-02 22:21:17.008926+00	2025-09-03 22:21:17+00	216	83e6a549f77a4e16939993d46d0719bb
329	eyJhbGciOiJIUzI1NiIsInR5cCI6IkpXVCJ9.eyJ0b2tlbl90eXBlIjoicmVmcmVzaCIsImV4cCI6MTc1NjkzODIxMiwiaWF0IjoxNzU2ODUxODEyLCJqdGkiOiIzYTQ4MDc0YmMwMjE0ZWJlOTgxN2YzMWU2Y2UzZjdjOSIsInVzZXJfaWQiOjIxNn0.tUuQS8UYH3E5A1MBEj5xpDA63S3JVrCcoKX0r7d9RPE	2025-09-02 22:23:32.674138+00	2025-09-03 22:23:32+00	216	3a48074bc0214ebe9817f31e6ce3f7c9
330	eyJhbGciOiJIUzI1NiIsInR5cCI6IkpXVCJ9.eyJ0b2tlbl90eXBlIjoicmVmcmVzaCIsImV4cCI6MTc1NjkzODM0NCwiaWF0IjoxNzU2ODUxOTQ0LCJqdGkiOiIwMmExMjQ5ZmQ3YWU0ODU1YWU5MzMxY2IxYjNlNGRlOCIsInVzZXJfaWQiOjE1OX0.iiXodLTUg66hYsqzU-90S2m876xNofY92TgQJ4dO1MA	2025-09-02 22:25:44.023912+00	2025-09-03 22:25:44+00	159	02a1249fd7ae4855ae9331cb1b3e4de8
331	eyJhbGciOiJIUzI1NiIsInR5cCI6IkpXVCJ9.eyJ0b2tlbl90eXBlIjoicmVmcmVzaCIsImV4cCI6MTc1Njk5NDU0NiwiaWF0IjoxNzU2OTA4MTQ2LCJqdGkiOiI4YzU2NjFjNDFhMTE0MjM3YWI0ZDk3ZTAxZTZiZWY5NyIsInVzZXJfaWQiOjIxNn0.Azv7jHkPIHJABU5reh5w7qq1bln787-8nEQXTROUrKg	2025-09-03 14:02:26.261727+00	2025-09-04 14:02:26+00	216	8c5661c41a114237ab4d97e01e6bef97
332	eyJhbGciOiJIUzI1NiIsInR5cCI6IkpXVCJ9.eyJ0b2tlbl90eXBlIjoicmVmcmVzaCIsImV4cCI6MTc1NzAwMDEwMCwiaWF0IjoxNzU2OTEzNzAwLCJqdGkiOiI4MmFlMGFjZmI1YWE0ZGJjYjJmMzc4MDJiNWU3ZTliNiIsInVzZXJfaWQiOjE1OX0.PDcmYizOCQ-lIQGUNdZZxnuybTTinbYuJnMiebtNZiU	2025-09-03 15:35:00.120546+00	2025-09-04 15:35:00+00	159	82ae0acfb5aa4dbcb2f37802b5e7e9b6
333	eyJhbGciOiJIUzI1NiIsInR5cCI6IkpXVCJ9.eyJ0b2tlbl90eXBlIjoicmVmcmVzaCIsImV4cCI6MTc1NzA4MTI0MCwiaWF0IjoxNzU2OTk0ODQwLCJqdGkiOiI5MjBmYzVmOTRiMWU0Mzc4OGJmY2ZkYmExZTUyZWRiNCIsInVzZXJfaWQiOjE1OX0.mIHgi_85_VnB6SHbkjNz_GhxkJInUMVaM_tNa1ZnsCU	2025-09-04 14:07:20.141165+00	2025-09-05 14:07:20+00	159	920fc5f94b1e43788bfcfdba1e52edb4
334	eyJhbGciOiJIUzI1NiIsInR5cCI6IkpXVCJ9.eyJ0b2tlbl90eXBlIjoicmVmcmVzaCIsImV4cCI6MTc1NzEwMDY3NywiaWF0IjoxNzU3MDE0Mjc3LCJqdGkiOiI2ZjA1OGRkNDYzZmE0OThkOTI1M2FiYTM1Y2E5YzY2MSIsInVzZXJfaWQiOjIxNn0.ylE1jWOxeXOJo78xz74DJZAUd0C3YmvsbsE2NoldQwc	2025-09-04 19:31:17.274884+00	2025-09-05 19:31:17+00	216	6f058dd463fa498d9253aba35ca9c661
335	eyJhbGciOiJIUzI1NiIsInR5cCI6IkpXVCJ9.eyJ0b2tlbl90eXBlIjoicmVmcmVzaCIsImV4cCI6MTc1NzEwNTg5OCwiaWF0IjoxNzU3MDE5NDk4LCJqdGkiOiI1NWEwMTk1ZTVhNTk0ZDY1YWFlYmNiNjUzNzE4OGNjMSIsInVzZXJfaWQiOjIxNn0.XQbreRq3AanaNaQqRijH0-InxtZQgNiZMjYqUxsfmfY	2025-09-04 20:58:18.628007+00	2025-09-05 20:58:18+00	216	55a0195e5a594d65aaebcb6537188cc1
336	eyJhbGciOiJIUzI1NiIsInR5cCI6IkpXVCJ9.eyJ0b2tlbl90eXBlIjoicmVmcmVzaCIsImV4cCI6MTc1NzEwNzQ2NSwiaWF0IjoxNzU3MDIxMDY1LCJqdGkiOiI4MjMxNzMzOTlkMWE0MWM1ODkyYWJmYTE4ZDJjMDRmOCJ9.K2b567UZofyVuIWAffc3DB5iq8iclW43kHEP2zfgCX8	\N	2025-09-05 21:24:25+00	\N	823173399d1a41c5892abfa18d2c04f8
337	eyJhbGciOiJIUzI1NiIsInR5cCI6IkpXVCJ9.eyJ0b2tlbl90eXBlIjoicmVmcmVzaCIsImV4cCI6MTc1NzEwNzQ4MCwiaWF0IjoxNzU3MDIxMDgwLCJqdGkiOiIwYTkzYzQ5YzM5YzA0NjNkYjZjZWM5MjUzMDZkYTVkOSIsInVzZXJfaWQiOjIxNn0.SO_7XmBT7xyzd-Pz1XMRSnFBHbGf3ZQHB-LlZgUe82k	2025-09-04 21:24:40.606888+00	2025-09-05 21:24:40+00	216	0a93c49c39c0463db6cec925306da5d9
338	eyJhbGciOiJIUzI1NiIsInR5cCI6IkpXVCJ9.eyJ0b2tlbl90eXBlIjoicmVmcmVzaCIsImV4cCI6MTc1NzE5NTU0MywiaWF0IjoxNzU3MTA5MTQzLCJqdGkiOiJkNDNmNzEwMjFlMzY0ZGZjYmM5MmI4MDY4ZTdmOWY0NyIsInVzZXJfaWQiOjIxNn0.MFn4NQeToGlfRKVBjU68xbO2wXJHYPcGfessOoQH8bY	2025-09-05 21:52:23.675337+00	2025-09-06 21:52:23+00	216	d43f71021e364dfcbc92b8068e7f9f47
339	eyJhbGciOiJIUzI1NiIsInR5cCI6IkpXVCJ9.eyJ0b2tlbl90eXBlIjoicmVmcmVzaCIsImV4cCI6MTc1NzE5Nzc0NSwiaWF0IjoxNzU3MTExMzQ1LCJqdGkiOiI3ZDkyMzljZTM0ZjI0NmI4YmU2M2FlZmIyODRjZjIwMCIsInVzZXJfaWQiOjIxNn0.IJrfGP3mIynRRtt1SnBk2TcRQDsb2wL-_Tj1Kf2wADs	2025-09-05 22:29:05.350025+00	2025-09-06 22:29:05+00	216	7d9239ce34f246b8be63aefb284cf200
\.


--
-- Name: accounts_address_id_seq; Type: SEQUENCE SET; Schema: public; Owner: postgres
--

SELECT pg_catalog.setval('public.accounts_address_id_seq', 82, true);


--
-- Name: accounts_customer_id_seq; Type: SEQUENCE SET; Schema: public; Owner: postgres
--

SELECT pg_catalog.setval('public.accounts_customer_id_seq', 52, true);


--
-- Name: accounts_delivery_id_seq; Type: SEQUENCE SET; Schema: public; Owner: postgres
--

SELECT pg_catalog.setval('public.accounts_delivery_id_seq', 2, true);


--
-- Name: accounts_follow_id_seq; Type: SEQUENCE SET; Schema: public; Owner: postgres
--

SELECT pg_catalog.setval('public.accounts_follow_id_seq', 62, true);


--
-- Name: accounts_onetimepassword_id_seq; Type: SEQUENCE SET; Schema: public; Owner: postgres
--

SELECT pg_catalog.setval('public.accounts_onetimepassword_id_seq', 189, true);


--
-- Name: accounts_supplier_id_seq; Type: SEQUENCE SET; Schema: public; Owner: postgres
--

SELECT pg_catalog.setval('public.accounts_supplier_id_seq', 137, true);


--
-- Name: accounts_user_groups_id_seq; Type: SEQUENCE SET; Schema: public; Owner: postgres
--

SELECT pg_catalog.setval('public.accounts_user_groups_id_seq', 1, false);


--
-- Name: accounts_user_id_seq; Type: SEQUENCE SET; Schema: public; Owner: postgres
--

SELECT pg_catalog.setval('public.accounts_user_id_seq', 217, true);


--
-- Name: accounts_user_user_permissions_id_seq; Type: SEQUENCE SET; Schema: public; Owner: postgres
--

SELECT pg_catalog.setval('public.accounts_user_user_permissions_id_seq', 1, false);


--
-- Name: admin_interface_theme_id_seq; Type: SEQUENCE SET; Schema: public; Owner: postgres
--

SELECT pg_catalog.setval('public.admin_interface_theme_id_seq', 1, true);


--
-- Name: auth_group_id_seq; Type: SEQUENCE SET; Schema: public; Owner: postgres
--

SELECT pg_catalog.setval('public.auth_group_id_seq', 1, false);


--
-- Name: auth_group_permissions_id_seq; Type: SEQUENCE SET; Schema: public; Owner: postgres
--

SELECT pg_catalog.setval('public.auth_group_permissions_id_seq', 1, false);


--
-- Name: auth_permission_id_seq; Type: SEQUENCE SET; Schema: public; Owner: postgres
--

SELECT pg_catalog.setval('public.auth_permission_id_seq', 184, true);


--
-- Name: chatapp_conversation_id_seq; Type: SEQUENCE SET; Schema: public; Owner: postgres
--

SELECT pg_catalog.setval('public.chatapp_conversation_id_seq', 1, false);


--
-- Name: chatapp_message_id_seq; Type: SEQUENCE SET; Schema: public; Owner: postgres
--

SELECT pg_catalog.setval('public.chatapp_message_id_seq', 1, false);


--
-- Name: course_course_CourseID_seq; Type: SEQUENCE SET; Schema: public; Owner: postgres
--

SELECT pg_catalog.setval('public."course_course_CourseID_seq"', 18, true);


--
-- Name: course_coursevideos_VideoID_seq; Type: SEQUENCE SET; Schema: public; Owner: postgres
--

SELECT pg_catalog.setval('public."course_coursevideos_VideoID_seq"', 28, true);


--
-- Name: course_enrollment_EnrollmentID_seq; Type: SEQUENCE SET; Schema: public; Owner: postgres
--

SELECT pg_catalog.setval('public."course_enrollment_EnrollmentID_seq"', 1, true);


--
-- Name: django_admin_log_id_seq; Type: SEQUENCE SET; Schema: public; Owner: postgres
--

SELECT pg_catalog.setval('public.django_admin_log_id_seq', 796, true);


--
-- Name: django_content_type_id_seq; Type: SEQUENCE SET; Schema: public; Owner: postgres
--

SELECT pg_catalog.setval('public.django_content_type_id_seq', 46, true);


--
-- Name: django_migrations_id_seq; Type: SEQUENCE SET; Schema: public; Owner: postgres
--

SELECT pg_catalog.setval('public.django_migrations_id_seq', 146, true);


--
-- Name: notifications_notification_id_seq; Type: SEQUENCE SET; Schema: public; Owner: postgres
--

SELECT pg_catalog.setval('public.notifications_notification_id_seq', 6, true);


--
-- Name: orders_cartitems_id_seq; Type: SEQUENCE SET; Schema: public; Owner: postgres
--

SELECT pg_catalog.setval('public.orders_cartitems_id_seq', 45, true);


--
-- Name: orders_coupon_id_seq; Type: SEQUENCE SET; Schema: public; Owner: postgres
--

SELECT pg_catalog.setval('public.orders_coupon_id_seq', 6, true);


--
-- Name: orders_coupon_products_id_seq; Type: SEQUENCE SET; Schema: public; Owner: postgres
--

SELECT pg_catalog.setval('public.orders_coupon_products_id_seq', 40, true);


--
-- Name: orders_warehouse_id_seq; Type: SEQUENCE SET; Schema: public; Owner: postgres
--

SELECT pg_catalog.setval('public.orders_warehouse_id_seq', 55, true);


--
-- Name: orders_wishlistitem_id_seq; Type: SEQUENCE SET; Schema: public; Owner: postgres
--

SELECT pg_catalog.setval('public.orders_wishlistitem_id_seq', 1, false);


--
-- Name: payment_paymenthistory_id_seq; Type: SEQUENCE SET; Schema: public; Owner: postgres
--

SELECT pg_catalog.setval('public.payment_paymenthistory_id_seq', 20, true);


--
-- Name: products_category_CategoryID_seq; Type: SEQUENCE SET; Schema: public; Owner: postgres
--

SELECT pg_catalog.setval('public."products_category_CategoryID_seq"', 1, false);


--
-- Name: products_collection_id_seq; Type: SEQUENCE SET; Schema: public; Owner: postgres
--

SELECT pg_catalog.setval('public.products_collection_id_seq', 119, true);


--
-- Name: products_collectionitem_id_seq; Type: SEQUENCE SET; Schema: public; Owner: postgres
--

SELECT pg_catalog.setval('public.products_collectionitem_id_seq', 198, true);


--
-- Name: products_matcategory_MatID_seq; Type: SEQUENCE SET; Schema: public; Owner: postgres
--

SELECT pg_catalog.setval('public."products_matcategory_MatID_seq"', 8, true);


--
-- Name: products_procolors_id_seq; Type: SEQUENCE SET; Schema: public; Owner: postgres
--

SELECT pg_catalog.setval('public.products_procolors_id_seq', 42, true);


--
-- Name: products_product_id_seq; Type: SEQUENCE SET; Schema: public; Owner: postgres
--

SELECT pg_catalog.setval('public.products_product_id_seq', 54, true);


--
-- Name: products_proimage_id_seq; Type: SEQUENCE SET; Schema: public; Owner: postgres
--

SELECT pg_catalog.setval('public.products_proimage_id_seq', 116, true);


--
-- Name: products_prosizes_id_seq; Type: SEQUENCE SET; Schema: public; Owner: postgres
--

SELECT pg_catalog.setval('public.products_prosizes_id_seq', 51, true);


--
-- Name: returnrequest_balance_withdraw_request_id_seq; Type: SEQUENCE SET; Schema: public; Owner: postgres
--

SELECT pg_catalog.setval('public.returnrequest_balance_withdraw_request_id_seq', 1, false);


--
-- Name: returnrequest_transactions_id_seq; Type: SEQUENCE SET; Schema: public; Owner: postgres
--

SELECT pg_catalog.setval('public.returnrequest_transactions_id_seq', 19, true);


--
-- Name: reviews_review_id_seq; Type: SEQUENCE SET; Schema: public; Owner: postgres
--

SELECT pg_catalog.setval('public.reviews_review_id_seq', 8, true);


--
-- Name: token_blacklist_blacklistedtoken_id_seq; Type: SEQUENCE SET; Schema: public; Owner: postgres
--

SELECT pg_catalog.setval('public.token_blacklist_blacklistedtoken_id_seq', 25, true);


--
-- Name: token_blacklist_outstandingtoken_id_seq; Type: SEQUENCE SET; Schema: public; Owner: postgres
--

SELECT pg_catalog.setval('public.token_blacklist_outstandingtoken_id_seq', 339, true);


--
-- Name: accounts_address accounts_address_pkey; Type: CONSTRAINT; Schema: public; Owner: postgres
--

ALTER TABLE ONLY public.accounts_address
    ADD CONSTRAINT accounts_address_pkey PRIMARY KEY (id);


--
-- Name: accounts_customer accounts_customer_pkey; Type: CONSTRAINT; Schema: public; Owner: postgres
--

ALTER TABLE ONLY public.accounts_customer
    ADD CONSTRAINT accounts_customer_pkey PRIMARY KEY (id);


--
-- Name: accounts_customer accounts_customer_user_id_key; Type: CONSTRAINT; Schema: public; Owner: postgres
--

ALTER TABLE ONLY public.accounts_customer
    ADD CONSTRAINT accounts_customer_user_id_key UNIQUE (user_id);


--
-- Name: accounts_delivery accounts_delivery_pkey; Type: CONSTRAINT; Schema: public; Owner: postgres
--

ALTER TABLE ONLY public.accounts_delivery
    ADD CONSTRAINT accounts_delivery_pkey PRIMARY KEY (id);


--
-- Name: accounts_delivery accounts_delivery_user_id_key; Type: CONSTRAINT; Schema: public; Owner: postgres
--

ALTER TABLE ONLY public.accounts_delivery
    ADD CONSTRAINT accounts_delivery_user_id_key UNIQUE (user_id);


--
-- Name: accounts_follow accounts_follow_follower_content_type_id_bba4f3b8_uniq; Type: CONSTRAINT; Schema: public; Owner: postgres
--

ALTER TABLE ONLY public.accounts_follow
    ADD CONSTRAINT accounts_follow_follower_content_type_id_bba4f3b8_uniq UNIQUE (follower_content_type_id, follower_object_id, supplier_id);


--
-- Name: accounts_follow accounts_follow_pkey; Type: CONSTRAINT; Schema: public; Owner: postgres
--

ALTER TABLE ONLY public.accounts_follow
    ADD CONSTRAINT accounts_follow_pkey PRIMARY KEY (id);


--
-- Name: accounts_onetimepassword accounts_onetimepassword_pkey; Type: CONSTRAINT; Schema: public; Owner: postgres
--

ALTER TABLE ONLY public.accounts_onetimepassword
    ADD CONSTRAINT accounts_onetimepassword_pkey PRIMARY KEY (id);


--
-- Name: accounts_onetimepassword accounts_onetimepassword_user_id_key; Type: CONSTRAINT; Schema: public; Owner: postgres
--

ALTER TABLE ONLY public.accounts_onetimepassword
    ADD CONSTRAINT accounts_onetimepassword_user_id_key UNIQUE (user_id);


--
-- Name: accounts_supplier accounts_supplier_pkey; Type: CONSTRAINT; Schema: public; Owner: postgres
--

ALTER TABLE ONLY public.accounts_supplier
    ADD CONSTRAINT accounts_supplier_pkey PRIMARY KEY (id);


--
-- Name: accounts_supplier accounts_supplier_user_id_key; Type: CONSTRAINT; Schema: public; Owner: postgres
--

ALTER TABLE ONLY public.accounts_supplier
    ADD CONSTRAINT accounts_supplier_user_id_key UNIQUE (user_id);


--
-- Name: accounts_user accounts_user_email_key; Type: CONSTRAINT; Schema: public; Owner: postgres
--

ALTER TABLE ONLY public.accounts_user
    ADD CONSTRAINT accounts_user_email_key UNIQUE (email);


--
-- Name: accounts_user_groups accounts_user_groups_pkey; Type: CONSTRAINT; Schema: public; Owner: postgres
--

ALTER TABLE ONLY public.accounts_user_groups
    ADD CONSTRAINT accounts_user_groups_pkey PRIMARY KEY (id);


--
-- Name: accounts_user_groups accounts_user_groups_user_id_group_id_59c0b32f_uniq; Type: CONSTRAINT; Schema: public; Owner: postgres
--

ALTER TABLE ONLY public.accounts_user_groups
    ADD CONSTRAINT accounts_user_groups_user_id_group_id_59c0b32f_uniq UNIQUE (user_id, group_id);


--
-- Name: accounts_user accounts_user_pkey; Type: CONSTRAINT; Schema: public; Owner: postgres
--

ALTER TABLE ONLY public.accounts_user
    ADD CONSTRAINT accounts_user_pkey PRIMARY KEY (id);


--
-- Name: accounts_user_user_permissions accounts_user_user_permi_user_id_permission_id_2ab516c2_uniq; Type: CONSTRAINT; Schema: public; Owner: postgres
--

ALTER TABLE ONLY public.accounts_user_user_permissions
    ADD CONSTRAINT accounts_user_user_permi_user_id_permission_id_2ab516c2_uniq UNIQUE (user_id, permission_id);


--
-- Name: accounts_user_user_permissions accounts_user_user_permissions_pkey; Type: CONSTRAINT; Schema: public; Owner: postgres
--

ALTER TABLE ONLY public.accounts_user_user_permissions
    ADD CONSTRAINT accounts_user_user_permissions_pkey PRIMARY KEY (id);


--
-- Name: admin_interface_theme admin_interface_theme_name_30bda70f_uniq; Type: CONSTRAINT; Schema: public; Owner: postgres
--

ALTER TABLE ONLY public.admin_interface_theme
    ADD CONSTRAINT admin_interface_theme_name_30bda70f_uniq UNIQUE (name);


--
-- Name: admin_interface_theme admin_interface_theme_pkey; Type: CONSTRAINT; Schema: public; Owner: postgres
--

ALTER TABLE ONLY public.admin_interface_theme
    ADD CONSTRAINT admin_interface_theme_pkey PRIMARY KEY (id);


--
-- Name: auth_group auth_group_name_key; Type: CONSTRAINT; Schema: public; Owner: postgres
--

ALTER TABLE ONLY public.auth_group
    ADD CONSTRAINT auth_group_name_key UNIQUE (name);


--
-- Name: auth_group_permissions auth_group_permissions_group_id_permission_id_0cd325b0_uniq; Type: CONSTRAINT; Schema: public; Owner: postgres
--

ALTER TABLE ONLY public.auth_group_permissions
    ADD CONSTRAINT auth_group_permissions_group_id_permission_id_0cd325b0_uniq UNIQUE (group_id, permission_id);


--
-- Name: auth_group_permissions auth_group_permissions_pkey; Type: CONSTRAINT; Schema: public; Owner: postgres
--

ALTER TABLE ONLY public.auth_group_permissions
    ADD CONSTRAINT auth_group_permissions_pkey PRIMARY KEY (id);


--
-- Name: auth_group auth_group_pkey; Type: CONSTRAINT; Schema: public; Owner: postgres
--

ALTER TABLE ONLY public.auth_group
    ADD CONSTRAINT auth_group_pkey PRIMARY KEY (id);


--
-- Name: auth_permission auth_permission_content_type_id_codename_01ab375a_uniq; Type: CONSTRAINT; Schema: public; Owner: postgres
--

ALTER TABLE ONLY public.auth_permission
    ADD CONSTRAINT auth_permission_content_type_id_codename_01ab375a_uniq UNIQUE (content_type_id, codename);


--
-- Name: auth_permission auth_permission_pkey; Type: CONSTRAINT; Schema: public; Owner: postgres
--

ALTER TABLE ONLY public.auth_permission
    ADD CONSTRAINT auth_permission_pkey PRIMARY KEY (id);


--
-- Name: chatapp_conversation chatapp_conversation_pkey; Type: CONSTRAINT; Schema: public; Owner: postgres
--

ALTER TABLE ONLY public.chatapp_conversation
    ADD CONSTRAINT chatapp_conversation_pkey PRIMARY KEY (id);


--
-- Name: chatapp_message chatapp_message_pkey; Type: CONSTRAINT; Schema: public; Owner: postgres
--

ALTER TABLE ONLY public.chatapp_message
    ADD CONSTRAINT chatapp_message_pkey PRIMARY KEY (id);


--
-- Name: course_course course_course_pkey; Type: CONSTRAINT; Schema: public; Owner: postgres
--

ALTER TABLE ONLY public.course_course
    ADD CONSTRAINT course_course_pkey PRIMARY KEY ("CourseID");


--
-- Name: course_coursevideos course_coursevideos_pkey; Type: CONSTRAINT; Schema: public; Owner: postgres
--

ALTER TABLE ONLY public.course_coursevideos
    ADD CONSTRAINT course_coursevideos_pkey PRIMARY KEY ("VideoID");


--
-- Name: course_enrollment course_enrollment_pkey; Type: CONSTRAINT; Schema: public; Owner: postgres
--

ALTER TABLE ONLY public.course_enrollment
    ADD CONSTRAINT course_enrollment_pkey PRIMARY KEY ("EnrollmentID");


--
-- Name: django_admin_log django_admin_log_pkey; Type: CONSTRAINT; Schema: public; Owner: postgres
--

ALTER TABLE ONLY public.django_admin_log
    ADD CONSTRAINT django_admin_log_pkey PRIMARY KEY (id);


--
-- Name: django_content_type django_content_type_app_label_model_76bd3d3b_uniq; Type: CONSTRAINT; Schema: public; Owner: postgres
--

ALTER TABLE ONLY public.django_content_type
    ADD CONSTRAINT django_content_type_app_label_model_76bd3d3b_uniq UNIQUE (app_label, model);


--
-- Name: django_content_type django_content_type_pkey; Type: CONSTRAINT; Schema: public; Owner: postgres
--

ALTER TABLE ONLY public.django_content_type
    ADD CONSTRAINT django_content_type_pkey PRIMARY KEY (id);


--
-- Name: django_migrations django_migrations_pkey; Type: CONSTRAINT; Schema: public; Owner: postgres
--

ALTER TABLE ONLY public.django_migrations
    ADD CONSTRAINT django_migrations_pkey PRIMARY KEY (id);


--
-- Name: django_session django_session_pkey; Type: CONSTRAINT; Schema: public; Owner: postgres
--

ALTER TABLE ONLY public.django_session
    ADD CONSTRAINT django_session_pkey PRIMARY KEY (session_key);


--
-- Name: notifications_notification notifications_notification_pkey; Type: CONSTRAINT; Schema: public; Owner: postgres
--

ALTER TABLE ONLY public.notifications_notification
    ADD CONSTRAINT notifications_notification_pkey PRIMARY KEY (id);


--
-- Name: orders_cart orders_cart_User_id_key; Type: CONSTRAINT; Schema: public; Owner: postgres
--

ALTER TABLE ONLY public.orders_cart
    ADD CONSTRAINT "orders_cart_User_id_key" UNIQUE ("User_id");


--
-- Name: orders_cart orders_cart_pkey; Type: CONSTRAINT; Schema: public; Owner: postgres
--

ALTER TABLE ONLY public.orders_cart
    ADD CONSTRAINT orders_cart_pkey PRIMARY KEY (id);


--
-- Name: orders_cartitems orders_cartitems_pkey; Type: CONSTRAINT; Schema: public; Owner: postgres
--

ALTER TABLE ONLY public.orders_cartitems
    ADD CONSTRAINT orders_cartitems_pkey PRIMARY KEY (id);


--
-- Name: orders_coupon orders_coupon_code_key; Type: CONSTRAINT; Schema: public; Owner: postgres
--

ALTER TABLE ONLY public.orders_coupon
    ADD CONSTRAINT orders_coupon_code_key UNIQUE (code);


--
-- Name: orders_coupon orders_coupon_pkey; Type: CONSTRAINT; Schema: public; Owner: postgres
--

ALTER TABLE ONLY public.orders_coupon
    ADD CONSTRAINT orders_coupon_pkey PRIMARY KEY (id);


--
-- Name: orders_coupon_products orders_coupon_products_coupon_id_product_id_268ee004_uniq; Type: CONSTRAINT; Schema: public; Owner: postgres
--

ALTER TABLE ONLY public.orders_coupon_products
    ADD CONSTRAINT orders_coupon_products_coupon_id_product_id_268ee004_uniq UNIQUE (coupon_id, product_id);


--
-- Name: orders_coupon_products orders_coupon_products_pkey; Type: CONSTRAINT; Schema: public; Owner: postgres
--

ALTER TABLE ONLY public.orders_coupon_products
    ADD CONSTRAINT orders_coupon_products_pkey PRIMARY KEY (id);


--
-- Name: orders_order orders_order_pkey; Type: CONSTRAINT; Schema: public; Owner: postgres
--

ALTER TABLE ONLY public.orders_order
    ADD CONSTRAINT orders_order_pkey PRIMARY KEY (id);


--
-- Name: orders_orderitem orders_orderitem_pkey; Type: CONSTRAINT; Schema: public; Owner: postgres
--

ALTER TABLE ONLY public.orders_orderitem
    ADD CONSTRAINT orders_orderitem_pkey PRIMARY KEY (id);


--
-- Name: orders_shipment orders_shipment_pkey; Type: CONSTRAINT; Schema: public; Owner: postgres
--

ALTER TABLE ONLY public.orders_shipment
    ADD CONSTRAINT orders_shipment_pkey PRIMARY KEY (id);


--
-- Name: orders_shipmentitem orders_shipmentitem_pkey; Type: CONSTRAINT; Schema: public; Owner: postgres
--

ALTER TABLE ONLY public.orders_shipmentitem
    ADD CONSTRAINT orders_shipmentitem_pkey PRIMARY KEY (id);


--
-- Name: orders_warehouse orders_warehouse_pkey; Type: CONSTRAINT; Schema: public; Owner: postgres
--

ALTER TABLE ONLY public.orders_warehouse
    ADD CONSTRAINT orders_warehouse_pkey PRIMARY KEY (id);


--
-- Name: orders_wishlist orders_wishlist_pkey; Type: CONSTRAINT; Schema: public; Owner: postgres
--

ALTER TABLE ONLY public.orders_wishlist
    ADD CONSTRAINT orders_wishlist_pkey PRIMARY KEY (id);


--
-- Name: orders_wishlist orders_wishlist_user_id_key; Type: CONSTRAINT; Schema: public; Owner: postgres
--

ALTER TABLE ONLY public.orders_wishlist
    ADD CONSTRAINT orders_wishlist_user_id_key UNIQUE (user_id);


--
-- Name: orders_wishlistitem orders_wishlistitem_pkey; Type: CONSTRAINT; Schema: public; Owner: postgres
--

ALTER TABLE ONLY public.orders_wishlistitem
    ADD CONSTRAINT orders_wishlistitem_pkey PRIMARY KEY (id);


--
-- Name: payment_paymenthistory payment_paymenthistory_pkey; Type: CONSTRAINT; Schema: public; Owner: postgres
--

ALTER TABLE ONLY public.payment_paymenthistory
    ADD CONSTRAINT payment_paymenthistory_pkey PRIMARY KEY (id);


--
-- Name: payment_paymenthistory payment_paymenthistory_stripe_payment_intent_id_key; Type: CONSTRAINT; Schema: public; Owner: postgres
--

ALTER TABLE ONLY public.payment_paymenthistory
    ADD CONSTRAINT payment_paymenthistory_stripe_payment_intent_id_key UNIQUE (stripe_payment_intent_id);


--
-- Name: payment_paymenthistory payment_paymenthistory_stripe_session_id_key; Type: CONSTRAINT; Schema: public; Owner: postgres
--

ALTER TABLE ONLY public.payment_paymenthistory
    ADD CONSTRAINT payment_paymenthistory_stripe_session_id_key UNIQUE (stripe_session_id);


--
-- Name: products_category products_category_Slug_key; Type: CONSTRAINT; Schema: public; Owner: postgres
--

ALTER TABLE ONLY public.products_category
    ADD CONSTRAINT "products_category_Slug_key" UNIQUE ("Slug");


--
-- Name: products_category products_category_pkey; Type: CONSTRAINT; Schema: public; Owner: postgres
--

ALTER TABLE ONLY public.products_category
    ADD CONSTRAINT products_category_pkey PRIMARY KEY ("CategoryID");


--
-- Name: products_collection products_collection_pkey; Type: CONSTRAINT; Schema: public; Owner: postgres
--

ALTER TABLE ONLY public.products_collection
    ADD CONSTRAINT products_collection_pkey PRIMARY KEY (id);


--
-- Name: products_collectionitem products_collectionitem_pkey; Type: CONSTRAINT; Schema: public; Owner: postgres
--

ALTER TABLE ONLY public.products_collectionitem
    ADD CONSTRAINT products_collectionitem_pkey PRIMARY KEY (id);


--
-- Name: products_matcategory products_matcategory_Slug_key; Type: CONSTRAINT; Schema: public; Owner: postgres
--

ALTER TABLE ONLY public.products_matcategory
    ADD CONSTRAINT "products_matcategory_Slug_key" UNIQUE ("Slug");


--
-- Name: products_matcategory products_matcategory_pkey; Type: CONSTRAINT; Schema: public; Owner: postgres
--

ALTER TABLE ONLY public.products_matcategory
    ADD CONSTRAINT products_matcategory_pkey PRIMARY KEY ("MatID");


--
-- Name: products_procolors products_procolors_pkey; Type: CONSTRAINT; Schema: public; Owner: postgres
--

ALTER TABLE ONLY public.products_procolors
    ADD CONSTRAINT products_procolors_pkey PRIMARY KEY (id);


--
-- Name: products_product products_product_pkey; Type: CONSTRAINT; Schema: public; Owner: postgres
--

ALTER TABLE ONLY public.products_product
    ADD CONSTRAINT products_product_pkey PRIMARY KEY (id);


--
-- Name: products_proimage products_proimage_pkey; Type: CONSTRAINT; Schema: public; Owner: postgres
--

ALTER TABLE ONLY public.products_proimage
    ADD CONSTRAINT products_proimage_pkey PRIMARY KEY (id);


--
-- Name: products_prosizes products_prosizes_pkey; Type: CONSTRAINT; Schema: public; Owner: postgres
--

ALTER TABLE ONLY public.products_prosizes
    ADD CONSTRAINT products_prosizes_pkey PRIMARY KEY (id);


--
-- Name: returnrequest_balance_withdraw_request returnrequest_balance_withdraw_request_pkey; Type: CONSTRAINT; Schema: public; Owner: postgres
--

ALTER TABLE ONLY public.returnrequest_balance_withdraw_request
    ADD CONSTRAINT returnrequest_balance_withdraw_request_pkey PRIMARY KEY (id);


--
-- Name: returnrequest_returnrequest returnrequest_returnrequest_pkey; Type: CONSTRAINT; Schema: public; Owner: postgres
--

ALTER TABLE ONLY public.returnrequest_returnrequest
    ADD CONSTRAINT returnrequest_returnrequest_pkey PRIMARY KEY (id);


--
-- Name: returnrequest_transactions returnrequest_transactions_pkey; Type: CONSTRAINT; Schema: public; Owner: postgres
--

ALTER TABLE ONLY public.returnrequest_transactions
    ADD CONSTRAINT returnrequest_transactions_pkey PRIMARY KEY (id);


--
-- Name: reviews_review reviews_review_pkey; Type: CONSTRAINT; Schema: public; Owner: postgres
--

ALTER TABLE ONLY public.reviews_review
    ADD CONSTRAINT reviews_review_pkey PRIMARY KEY (id);


--
-- Name: token_blacklist_blacklistedtoken token_blacklist_blacklistedtoken_pkey; Type: CONSTRAINT; Schema: public; Owner: postgres
--

ALTER TABLE ONLY public.token_blacklist_blacklistedtoken
    ADD CONSTRAINT token_blacklist_blacklistedtoken_pkey PRIMARY KEY (id);


--
-- Name: token_blacklist_blacklistedtoken token_blacklist_blacklistedtoken_token_id_key; Type: CONSTRAINT; Schema: public; Owner: postgres
--

ALTER TABLE ONLY public.token_blacklist_blacklistedtoken
    ADD CONSTRAINT token_blacklist_blacklistedtoken_token_id_key UNIQUE (token_id);


--
-- Name: token_blacklist_outstandingtoken token_blacklist_outstandingtoken_jti_hex_d9bdf6f7_uniq; Type: CONSTRAINT; Schema: public; Owner: postgres
--

ALTER TABLE ONLY public.token_blacklist_outstandingtoken
    ADD CONSTRAINT token_blacklist_outstandingtoken_jti_hex_d9bdf6f7_uniq UNIQUE (jti);


--
-- Name: token_blacklist_outstandingtoken token_blacklist_outstandingtoken_pkey; Type: CONSTRAINT; Schema: public; Owner: postgres
--

ALTER TABLE ONLY public.token_blacklist_outstandingtoken
    ADD CONSTRAINT token_blacklist_outstandingtoken_pkey PRIMARY KEY (id);


--
-- Name: course_coursevideos unique_lecture_per_course; Type: CONSTRAINT; Schema: public; Owner: postgres
--

ALTER TABLE ONLY public.course_coursevideos
    ADD CONSTRAINT unique_lecture_per_course UNIQUE ("CourseID_id", "VideoNo");


--
-- Name: accounts_address_user_id_c8c74ddf; Type: INDEX; Schema: public; Owner: postgres
--

CREATE INDEX accounts_address_user_id_c8c74ddf ON public.accounts_address USING btree (user_id);


--
-- Name: accounts_follow_Supplier_id_54957d1c; Type: INDEX; Schema: public; Owner: postgres
--

CREATE INDEX "accounts_follow_Supplier_id_54957d1c" ON public.accounts_follow USING btree (supplier_id);


--
-- Name: accounts_follow_follower_content_type_id_d5ac9cba; Type: INDEX; Schema: public; Owner: postgres
--

CREATE INDEX accounts_follow_follower_content_type_id_d5ac9cba ON public.accounts_follow USING btree (follower_content_type_id);


--
-- Name: accounts_user_email_b2644a56_like; Type: INDEX; Schema: public; Owner: postgres
--

CREATE INDEX accounts_user_email_b2644a56_like ON public.accounts_user USING btree (email varchar_pattern_ops);


--
-- Name: accounts_user_groups_group_id_bd11a704; Type: INDEX; Schema: public; Owner: postgres
--

CREATE INDEX accounts_user_groups_group_id_bd11a704 ON public.accounts_user_groups USING btree (group_id);


--
-- Name: accounts_user_groups_user_id_52b62117; Type: INDEX; Schema: public; Owner: postgres
--

CREATE INDEX accounts_user_groups_user_id_52b62117 ON public.accounts_user_groups USING btree (user_id);


--
-- Name: accounts_user_user_permissions_permission_id_113bb443; Type: INDEX; Schema: public; Owner: postgres
--

CREATE INDEX accounts_user_user_permissions_permission_id_113bb443 ON public.accounts_user_user_permissions USING btree (permission_id);


--
-- Name: accounts_user_user_permissions_user_id_e4f0a161; Type: INDEX; Schema: public; Owner: postgres
--

CREATE INDEX accounts_user_user_permissions_user_id_e4f0a161 ON public.accounts_user_user_permissions USING btree (user_id);


--
-- Name: admin_interface_theme_name_30bda70f_like; Type: INDEX; Schema: public; Owner: postgres
--

CREATE INDEX admin_interface_theme_name_30bda70f_like ON public.admin_interface_theme USING btree (name varchar_pattern_ops);


--
-- Name: auth_group_name_a6ea08ec_like; Type: INDEX; Schema: public; Owner: postgres
--

CREATE INDEX auth_group_name_a6ea08ec_like ON public.auth_group USING btree (name varchar_pattern_ops);


--
-- Name: auth_group_permissions_group_id_b120cbf9; Type: INDEX; Schema: public; Owner: postgres
--

CREATE INDEX auth_group_permissions_group_id_b120cbf9 ON public.auth_group_permissions USING btree (group_id);


--
-- Name: auth_group_permissions_permission_id_84c5c92e; Type: INDEX; Schema: public; Owner: postgres
--

CREATE INDEX auth_group_permissions_permission_id_84c5c92e ON public.auth_group_permissions USING btree (permission_id);


--
-- Name: auth_permission_content_type_id_2f476e4b; Type: INDEX; Schema: public; Owner: postgres
--

CREATE INDEX auth_permission_content_type_id_2f476e4b ON public.auth_permission USING btree (content_type_id);


--
-- Name: chatapp_conversation_initiator_id_7431ddd5; Type: INDEX; Schema: public; Owner: postgres
--

CREATE INDEX chatapp_conversation_initiator_id_7431ddd5 ON public.chatapp_conversation USING btree (initiator_id);


--
-- Name: chatapp_conversation_receiver_id_c8cee9ad; Type: INDEX; Schema: public; Owner: postgres
--

CREATE INDEX chatapp_conversation_receiver_id_c8cee9ad ON public.chatapp_conversation USING btree (receiver_id);


--
-- Name: chatapp_message_conversation_id_id_dee7150d; Type: INDEX; Schema: public; Owner: postgres
--

CREATE INDEX chatapp_message_conversation_id_id_dee7150d ON public.chatapp_message USING btree (conversation_id_id);


--
-- Name: chatapp_message_sender_id_bdafc095; Type: INDEX; Schema: public; Owner: postgres
--

CREATE INDEX chatapp_message_sender_id_bdafc095 ON public.chatapp_message USING btree (sender_id);


--
-- Name: course_course_CategoryID_id_caeff863; Type: INDEX; Schema: public; Owner: postgres
--

CREATE INDEX "course_course_CategoryID_id_caeff863" ON public.course_course USING btree ("CategoryID_id");


--
-- Name: course_course_Supplier_id_c0130059; Type: INDEX; Schema: public; Owner: postgres
--

CREATE INDEX "course_course_Supplier_id_c0130059" ON public.course_course USING btree ("Supplier_id");


--
-- Name: course_coursevideos_CourseID_id_902533a9; Type: INDEX; Schema: public; Owner: postgres
--

CREATE INDEX "course_coursevideos_CourseID_id_902533a9" ON public.course_coursevideos USING btree ("CourseID_id");


--
-- Name: course_enrollment_Course_id_353bbdc5; Type: INDEX; Schema: public; Owner: postgres
--

CREATE INDEX "course_enrollment_Course_id_353bbdc5" ON public.course_enrollment USING btree ("Course_id");


--
-- Name: course_enrollment_EnrolledUser_id_4a2f58a4; Type: INDEX; Schema: public; Owner: postgres
--

CREATE INDEX "course_enrollment_EnrolledUser_id_4a2f58a4" ON public.course_enrollment USING btree ("EnrolledUser_id");


--
-- Name: django_admin_log_content_type_id_c4bce8eb; Type: INDEX; Schema: public; Owner: postgres
--

CREATE INDEX django_admin_log_content_type_id_c4bce8eb ON public.django_admin_log USING btree (content_type_id);


--
-- Name: django_admin_log_user_id_c564eba6; Type: INDEX; Schema: public; Owner: postgres
--

CREATE INDEX django_admin_log_user_id_c564eba6 ON public.django_admin_log USING btree (user_id);


--
-- Name: django_session_expire_date_a5c62663; Type: INDEX; Schema: public; Owner: postgres
--

CREATE INDEX django_session_expire_date_a5c62663 ON public.django_session USING btree (expire_date);


--
-- Name: django_session_session_key_c0390e0f_like; Type: INDEX; Schema: public; Owner: postgres
--

CREATE INDEX django_session_session_key_c0390e0f_like ON public.django_session USING btree (session_key varchar_pattern_ops);


--
-- Name: notifications_notification_user_id_b5e8c0ff; Type: INDEX; Schema: public; Owner: postgres
--

CREATE INDEX notifications_notification_user_id_b5e8c0ff ON public.notifications_notification USING btree (user_id);


--
-- Name: orders_cartitems_CartID_id_bc988272; Type: INDEX; Schema: public; Owner: postgres
--

CREATE INDEX "orders_cartitems_CartID_id_bc988272" ON public.orders_cartitems USING btree ("CartID_id");


--
-- Name: orders_cartitems_ProductID_id_a07ca99b; Type: INDEX; Schema: public; Owner: postgres
--

CREATE INDEX "orders_cartitems_ProductID_id_a07ca99b" ON public.orders_cartitems USING btree ("Product_id");


--
-- Name: orders_coupon_code_1e8615b8_like; Type: INDEX; Schema: public; Owner: postgres
--

CREATE INDEX orders_coupon_code_1e8615b8_like ON public.orders_coupon USING btree (code varchar_pattern_ops);


--
-- Name: orders_coupon_products_coupon_id_e9e05981; Type: INDEX; Schema: public; Owner: postgres
--

CREATE INDEX orders_coupon_products_coupon_id_e9e05981 ON public.orders_coupon_products USING btree (coupon_id);


--
-- Name: orders_coupon_products_product_id_9e785997; Type: INDEX; Schema: public; Owner: postgres
--

CREATE INDEX orders_coupon_products_product_id_9e785997 ON public.orders_coupon_products USING btree (product_id);


--
-- Name: orders_coupon_supplier_id_bdbf4c9a; Type: INDEX; Schema: public; Owner: postgres
--

CREATE INDEX orders_coupon_supplier_id_bdbf4c9a ON public.orders_coupon USING btree (supplier_id);


--
-- Name: orders_orde_order_i_52f79a_idx; Type: INDEX; Schema: public; Owner: postgres
--

CREATE INDEX orders_orde_order_i_52f79a_idx ON public.orders_orderitem USING btree (order_id, product_id);


--
-- Name: orders_orde_user_id_37fed6_idx; Type: INDEX; Schema: public; Owner: postgres
--

CREATE INDEX orders_orde_user_id_37fed6_idx ON public.orders_order USING btree (user_id, created_at);


--
-- Name: orders_order_address_id_0daf897b; Type: INDEX; Schema: public; Owner: postgres
--

CREATE INDEX orders_order_address_id_0daf897b ON public.orders_order USING btree (address_id);


--
-- Name: orders_order_user_id_e9b59eb1; Type: INDEX; Schema: public; Owner: postgres
--

CREATE INDEX orders_order_user_id_e9b59eb1 ON public.orders_order USING btree (user_id);


--
-- Name: orders_orderitem_order_id_fe61a34d; Type: INDEX; Schema: public; Owner: postgres
--

CREATE INDEX orders_orderitem_order_id_fe61a34d ON public.orders_orderitem USING btree (order_id);


--
-- Name: orders_orderitem_product_id_afe4254a; Type: INDEX; Schema: public; Owner: postgres
--

CREATE INDEX orders_orderitem_product_id_afe4254a ON public.orders_orderitem USING btree (product_id);


--
-- Name: orders_shipment_delivery_person_id_41f059e7; Type: INDEX; Schema: public; Owner: postgres
--

CREATE INDEX orders_shipment_delivery_person_id_41f059e7 ON public.orders_shipment USING btree (delivery_person_id);


--
-- Name: orders_shipment_from_address_id_3c1c6dc8; Type: INDEX; Schema: public; Owner: postgres
--

CREATE INDEX orders_shipment_from_address_id_3c1c6dc8 ON public.orders_shipment USING btree (from_address_id);


--
-- Name: orders_shipment_order_id_661ed8ed; Type: INDEX; Schema: public; Owner: postgres
--

CREATE INDEX orders_shipment_order_id_661ed8ed ON public.orders_shipment USING btree (order_id);


--
-- Name: orders_shipment_supplier_id_9e13a21d; Type: INDEX; Schema: public; Owner: postgres
--

CREATE INDEX orders_shipment_supplier_id_9e13a21d ON public.orders_shipment USING btree (supplier_id);


--
-- Name: orders_shipment_to_address_id_0df915fb; Type: INDEX; Schema: public; Owner: postgres
--

CREATE INDEX orders_shipment_to_address_id_0df915fb ON public.orders_shipment USING btree (to_address_id);


--
-- Name: orders_shipmentitem_order_item_id_accd63d3; Type: INDEX; Schema: public; Owner: postgres
--

CREATE INDEX orders_shipmentitem_order_item_id_accd63d3 ON public.orders_shipmentitem USING btree (order_item_id);


--
-- Name: orders_shipmentitem_shipment_id_023a6562; Type: INDEX; Schema: public; Owner: postgres
--

CREATE INDEX orders_shipmentitem_shipment_id_023a6562 ON public.orders_shipmentitem USING btree (shipment_id);


--
-- Name: orders_warehouse_location_id_82b71682; Type: INDEX; Schema: public; Owner: postgres
--

CREATE INDEX orders_warehouse_location_id_82b71682 ON public.orders_warehouse USING btree ("Address_id");


--
-- Name: orders_wishlistitem_product_id_605e8ef7; Type: INDEX; Schema: public; Owner: postgres
--

CREATE INDEX orders_wishlistitem_product_id_605e8ef7 ON public.orders_wishlistitem USING btree (product_id);


--
-- Name: orders_wishlistitem_wishlist_id_03ab6979; Type: INDEX; Schema: public; Owner: postgres
--

CREATE INDEX orders_wishlistitem_wishlist_id_03ab6979 ON public.orders_wishlistitem USING btree (wishlist_id);


--
-- Name: payment_paymenthistory_course_id_718910b4; Type: INDEX; Schema: public; Owner: postgres
--

CREATE INDEX payment_paymenthistory_course_id_718910b4 ON public.payment_paymenthistory USING btree (course_id);


--
-- Name: payment_paymenthistory_order_id_6acb06c3; Type: INDEX; Schema: public; Owner: postgres
--

CREATE INDEX payment_paymenthistory_order_id_6acb06c3 ON public.payment_paymenthistory USING btree (order_id);


--
-- Name: payment_paymenthistory_stripe_payment_intent_id_2cdb0456_like; Type: INDEX; Schema: public; Owner: postgres
--

CREATE INDEX payment_paymenthistory_stripe_payment_intent_id_2cdb0456_like ON public.payment_paymenthistory USING btree (stripe_payment_intent_id varchar_pattern_ops);


--
-- Name: payment_paymenthistory_stripe_session_id_a8840ee9_like; Type: INDEX; Schema: public; Owner: postgres
--

CREATE INDEX payment_paymenthistory_stripe_session_id_a8840ee9_like ON public.payment_paymenthistory USING btree (stripe_session_id varchar_pattern_ops);


--
-- Name: payment_paymenthistory_user_id_f7d99375; Type: INDEX; Schema: public; Owner: postgres
--

CREATE INDEX payment_paymenthistory_user_id_f7d99375 ON public.payment_paymenthistory USING btree (user_id);


--
-- Name: products_category_Slug_2f6de339_like; Type: INDEX; Schema: public; Owner: postgres
--

CREATE INDEX "products_category_Slug_2f6de339_like" ON public.products_category USING btree ("Slug" varchar_pattern_ops);


--
-- Name: products_collection_supplier_id_bf78b7dc; Type: INDEX; Schema: public; Owner: postgres
--

CREATE INDEX products_collection_supplier_id_bf78b7dc ON public.products_collection USING btree (supplier_id);


--
-- Name: products_collectionitem_collection_id_719c7b60; Type: INDEX; Schema: public; Owner: postgres
--

CREATE INDEX products_collectionitem_collection_id_719c7b60 ON public.products_collectionitem USING btree (collection_id);


--
-- Name: products_collectionitem_product_id_76cedc34; Type: INDEX; Schema: public; Owner: postgres
--

CREATE INDEX products_collectionitem_product_id_76cedc34 ON public.products_collectionitem USING btree (product_id);


--
-- Name: products_matcategory_Slug_4ce08938_like; Type: INDEX; Schema: public; Owner: postgres
--

CREATE INDEX "products_matcategory_Slug_4ce08938_like" ON public.products_matcategory USING btree ("Slug" varchar_pattern_ops);


--
-- Name: products_procolors_product_id_4507d538; Type: INDEX; Schema: public; Owner: postgres
--

CREATE INDEX products_procolors_product_id_4507d538 ON public.products_procolors USING btree (product_id);


--
-- Name: products_product_Category_id_5cbd1e61; Type: INDEX; Schema: public; Owner: postgres
--

CREATE INDEX "products_product_Category_id_5cbd1e61" ON public.products_product USING btree ("Category_id");


--
-- Name: products_product_MatCategory_id_ea0a99ae; Type: INDEX; Schema: public; Owner: postgres
--

CREATE INDEX "products_product_MatCategory_id_ea0a99ae" ON public.products_product USING btree ("MatCategory_id");


--
-- Name: products_product_Supplier_id_ba2e4129; Type: INDEX; Schema: public; Owner: postgres
--

CREATE INDEX "products_product_Supplier_id_ba2e4129" ON public.products_product USING btree ("Supplier_id");


--
-- Name: products_proimage_product_id_8fd3b466; Type: INDEX; Schema: public; Owner: postgres
--

CREATE INDEX products_proimage_product_id_8fd3b466 ON public.products_proimage USING btree (product_id);


--
-- Name: products_prosizes_product_id_a38277e2; Type: INDEX; Schema: public; Owner: postgres
--

CREATE INDEX products_prosizes_product_id_a38277e2 ON public.products_prosizes USING btree (product_id);


--
-- Name: returnreque_user_id_0d99b9_idx; Type: INDEX; Schema: public; Owner: postgres
--

CREATE INDEX returnreque_user_id_0d99b9_idx ON public.returnrequest_returnrequest USING btree (user_id, created_at);


--
-- Name: returnrequest_balance_withdraw_request_user_id_42dbc119; Type: INDEX; Schema: public; Owner: postgres
--

CREATE INDEX returnrequest_balance_withdraw_request_user_id_42dbc119 ON public.returnrequest_balance_withdraw_request USING btree (user_id);


--
-- Name: returnrequest_returnrequest_delivery_person_id_d0c36dee; Type: INDEX; Schema: public; Owner: postgres
--

CREATE INDEX returnrequest_returnrequest_delivery_person_id_d0c36dee ON public.returnrequest_returnrequest USING btree (delivery_person_id);


--
-- Name: returnrequest_returnrequest_from_address_id_50ee69fa; Type: INDEX; Schema: public; Owner: postgres
--

CREATE INDEX returnrequest_returnrequest_from_address_id_50ee69fa ON public.returnrequest_returnrequest USING btree (from_address_id);


--
-- Name: returnrequest_returnrequest_order_id_ce12ed37; Type: INDEX; Schema: public; Owner: postgres
--

CREATE INDEX returnrequest_returnrequest_order_id_ce12ed37 ON public.returnrequest_returnrequest USING btree (order_id);


--
-- Name: returnrequest_returnrequest_product_id_d09250ed; Type: INDEX; Schema: public; Owner: postgres
--

CREATE INDEX returnrequest_returnrequest_product_id_d09250ed ON public.returnrequest_returnrequest USING btree (product_id);


--
-- Name: returnrequest_returnrequest_supplier_id_f54138cb; Type: INDEX; Schema: public; Owner: postgres
--

CREATE INDEX returnrequest_returnrequest_supplier_id_f54138cb ON public.returnrequest_returnrequest USING btree (supplier_id);


--
-- Name: returnrequest_returnrequest_to_address_id_6c540a36; Type: INDEX; Schema: public; Owner: postgres
--

CREATE INDEX returnrequest_returnrequest_to_address_id_6c540a36 ON public.returnrequest_returnrequest USING btree (to_address_id);


--
-- Name: returnrequest_returnrequest_user_id_546404fb; Type: INDEX; Schema: public; Owner: postgres
--

CREATE INDEX returnrequest_returnrequest_user_id_546404fb ON public.returnrequest_returnrequest USING btree (user_id);


--
-- Name: returnrequest_transactions_user_id_3ea7cd22; Type: INDEX; Schema: public; Owner: postgres
--

CREATE INDEX returnrequest_transactions_user_id_3ea7cd22 ON public.returnrequest_transactions USING btree (user_id);


--
-- Name: reviews_review_course_id_98d638d3; Type: INDEX; Schema: public; Owner: postgres
--

CREATE INDEX reviews_review_course_id_98d638d3 ON public.reviews_review USING btree (course_id);


--
-- Name: reviews_review_customer_id_17e79eab; Type: INDEX; Schema: public; Owner: postgres
--

CREATE INDEX reviews_review_customer_id_17e79eab ON public.reviews_review USING btree (customer_id);


--
-- Name: reviews_review_delivery_id_97bea9e5; Type: INDEX; Schema: public; Owner: postgres
--

CREATE INDEX reviews_review_delivery_id_97bea9e5 ON public.reviews_review USING btree (delivery_id);


--
-- Name: reviews_review_product_id_ce2fa4c6; Type: INDEX; Schema: public; Owner: postgres
--

CREATE INDEX reviews_review_product_id_ce2fa4c6 ON public.reviews_review USING btree (product_id);


--
-- Name: reviews_review_supplier_id_496bf7f6; Type: INDEX; Schema: public; Owner: postgres
--

CREATE INDEX reviews_review_supplier_id_496bf7f6 ON public.reviews_review USING btree (supplier_id);


--
-- Name: token_blacklist_outstandingtoken_jti_hex_d9bdf6f7_like; Type: INDEX; Schema: public; Owner: postgres
--

CREATE INDEX token_blacklist_outstandingtoken_jti_hex_d9bdf6f7_like ON public.token_blacklist_outstandingtoken USING btree (jti varchar_pattern_ops);


--
-- Name: token_blacklist_outstandingtoken_user_id_83bc629a; Type: INDEX; Schema: public; Owner: postgres
--

CREATE INDEX token_blacklist_outstandingtoken_user_id_83bc629a ON public.token_blacklist_outstandingtoken USING btree (user_id);


--
-- Name: accounts_address accounts_address_user_id_c8c74ddf_fk_accounts_user_id; Type: FK CONSTRAINT; Schema: public; Owner: postgres
--

ALTER TABLE ONLY public.accounts_address
    ADD CONSTRAINT accounts_address_user_id_c8c74ddf_fk_accounts_user_id FOREIGN KEY (user_id) REFERENCES public.accounts_user(id) DEFERRABLE INITIALLY DEFERRED;


--
-- Name: accounts_customer accounts_customer_user_id_11606857_fk_accounts_user_id; Type: FK CONSTRAINT; Schema: public; Owner: postgres
--

ALTER TABLE ONLY public.accounts_customer
    ADD CONSTRAINT accounts_customer_user_id_11606857_fk_accounts_user_id FOREIGN KEY (user_id) REFERENCES public.accounts_user(id) DEFERRABLE INITIALLY DEFERRED;


--
-- Name: accounts_delivery accounts_delivery_user_id_365e3612_fk_accounts_user_id; Type: FK CONSTRAINT; Schema: public; Owner: postgres
--

ALTER TABLE ONLY public.accounts_delivery
    ADD CONSTRAINT accounts_delivery_user_id_365e3612_fk_accounts_user_id FOREIGN KEY (user_id) REFERENCES public.accounts_user(id) DEFERRABLE INITIALLY DEFERRED;


--
-- Name: accounts_follow accounts_follow_follower_content_typ_d5ac9cba_fk_django_co; Type: FK CONSTRAINT; Schema: public; Owner: postgres
--

ALTER TABLE ONLY public.accounts_follow
    ADD CONSTRAINT accounts_follow_follower_content_typ_d5ac9cba_fk_django_co FOREIGN KEY (follower_content_type_id) REFERENCES public.django_content_type(id) DEFERRABLE INITIALLY DEFERRED;


--
-- Name: accounts_follow accounts_follow_supplier_id_14095cbd_fk_accounts_supplier_id; Type: FK CONSTRAINT; Schema: public; Owner: postgres
--

ALTER TABLE ONLY public.accounts_follow
    ADD CONSTRAINT accounts_follow_supplier_id_14095cbd_fk_accounts_supplier_id FOREIGN KEY (supplier_id) REFERENCES public.accounts_supplier(id) DEFERRABLE INITIALLY DEFERRED;


--
-- Name: accounts_onetimepassword accounts_onetimepassword_user_id_e557fb40_fk_accounts_user_id; Type: FK CONSTRAINT; Schema: public; Owner: postgres
--

ALTER TABLE ONLY public.accounts_onetimepassword
    ADD CONSTRAINT accounts_onetimepassword_user_id_e557fb40_fk_accounts_user_id FOREIGN KEY (user_id) REFERENCES public.accounts_user(id) DEFERRABLE INITIALLY DEFERRED;


--
-- Name: accounts_supplier accounts_supplier_user_id_7291982f_fk_accounts_user_id; Type: FK CONSTRAINT; Schema: public; Owner: postgres
--

ALTER TABLE ONLY public.accounts_supplier
    ADD CONSTRAINT accounts_supplier_user_id_7291982f_fk_accounts_user_id FOREIGN KEY (user_id) REFERENCES public.accounts_user(id) DEFERRABLE INITIALLY DEFERRED;


--
-- Name: accounts_user_groups accounts_user_groups_group_id_bd11a704_fk_auth_group_id; Type: FK CONSTRAINT; Schema: public; Owner: postgres
--

ALTER TABLE ONLY public.accounts_user_groups
    ADD CONSTRAINT accounts_user_groups_group_id_bd11a704_fk_auth_group_id FOREIGN KEY (group_id) REFERENCES public.auth_group(id) DEFERRABLE INITIALLY DEFERRED;


--
-- Name: accounts_user_groups accounts_user_groups_user_id_52b62117_fk_accounts_user_id; Type: FK CONSTRAINT; Schema: public; Owner: postgres
--

ALTER TABLE ONLY public.accounts_user_groups
    ADD CONSTRAINT accounts_user_groups_user_id_52b62117_fk_accounts_user_id FOREIGN KEY (user_id) REFERENCES public.accounts_user(id) DEFERRABLE INITIALLY DEFERRED;


--
-- Name: accounts_user_user_permissions accounts_user_user_p_permission_id_113bb443_fk_auth_perm; Type: FK CONSTRAINT; Schema: public; Owner: postgres
--

ALTER TABLE ONLY public.accounts_user_user_permissions
    ADD CONSTRAINT accounts_user_user_p_permission_id_113bb443_fk_auth_perm FOREIGN KEY (permission_id) REFERENCES public.auth_permission(id) DEFERRABLE INITIALLY DEFERRED;


--
-- Name: accounts_user_user_permissions accounts_user_user_p_user_id_e4f0a161_fk_accounts_; Type: FK CONSTRAINT; Schema: public; Owner: postgres
--

ALTER TABLE ONLY public.accounts_user_user_permissions
    ADD CONSTRAINT accounts_user_user_p_user_id_e4f0a161_fk_accounts_ FOREIGN KEY (user_id) REFERENCES public.accounts_user(id) DEFERRABLE INITIALLY DEFERRED;


--
-- Name: auth_group_permissions auth_group_permissio_permission_id_84c5c92e_fk_auth_perm; Type: FK CONSTRAINT; Schema: public; Owner: postgres
--

ALTER TABLE ONLY public.auth_group_permissions
    ADD CONSTRAINT auth_group_permissio_permission_id_84c5c92e_fk_auth_perm FOREIGN KEY (permission_id) REFERENCES public.auth_permission(id) DEFERRABLE INITIALLY DEFERRED;


--
-- Name: auth_group_permissions auth_group_permissions_group_id_b120cbf9_fk_auth_group_id; Type: FK CONSTRAINT; Schema: public; Owner: postgres
--

ALTER TABLE ONLY public.auth_group_permissions
    ADD CONSTRAINT auth_group_permissions_group_id_b120cbf9_fk_auth_group_id FOREIGN KEY (group_id) REFERENCES public.auth_group(id) DEFERRABLE INITIALLY DEFERRED;


--
-- Name: auth_permission auth_permission_content_type_id_2f476e4b_fk_django_co; Type: FK CONSTRAINT; Schema: public; Owner: postgres
--

ALTER TABLE ONLY public.auth_permission
    ADD CONSTRAINT auth_permission_content_type_id_2f476e4b_fk_django_co FOREIGN KEY (content_type_id) REFERENCES public.django_content_type(id) DEFERRABLE INITIALLY DEFERRED;


--
-- Name: chatapp_conversation chatapp_conversation_initiator_id_7431ddd5_fk_accounts_user_id; Type: FK CONSTRAINT; Schema: public; Owner: postgres
--

ALTER TABLE ONLY public.chatapp_conversation
    ADD CONSTRAINT chatapp_conversation_initiator_id_7431ddd5_fk_accounts_user_id FOREIGN KEY (initiator_id) REFERENCES public.accounts_user(id) DEFERRABLE INITIALLY DEFERRED;


--
-- Name: chatapp_conversation chatapp_conversation_receiver_id_c8cee9ad_fk_accounts_user_id; Type: FK CONSTRAINT; Schema: public; Owner: postgres
--

ALTER TABLE ONLY public.chatapp_conversation
    ADD CONSTRAINT chatapp_conversation_receiver_id_c8cee9ad_fk_accounts_user_id FOREIGN KEY (receiver_id) REFERENCES public.accounts_user(id) DEFERRABLE INITIALLY DEFERRED;


--
-- Name: chatapp_message chatapp_message_conversation_id_id_dee7150d_fk_chatapp_c; Type: FK CONSTRAINT; Schema: public; Owner: postgres
--

ALTER TABLE ONLY public.chatapp_message
    ADD CONSTRAINT chatapp_message_conversation_id_id_dee7150d_fk_chatapp_c FOREIGN KEY (conversation_id_id) REFERENCES public.chatapp_conversation(id) DEFERRABLE INITIALLY DEFERRED;


--
-- Name: chatapp_message chatapp_message_sender_id_bdafc095_fk_accounts_user_id; Type: FK CONSTRAINT; Schema: public; Owner: postgres
--

ALTER TABLE ONLY public.chatapp_message
    ADD CONSTRAINT chatapp_message_sender_id_bdafc095_fk_accounts_user_id FOREIGN KEY (sender_id) REFERENCES public.accounts_user(id) DEFERRABLE INITIALLY DEFERRED;


--
-- Name: course_course course_course_CategoryID_id_caeff863_fk_products_; Type: FK CONSTRAINT; Schema: public; Owner: postgres
--

ALTER TABLE ONLY public.course_course
    ADD CONSTRAINT "course_course_CategoryID_id_caeff863_fk_products_" FOREIGN KEY ("CategoryID_id") REFERENCES public.products_category("CategoryID") DEFERRABLE INITIALLY DEFERRED;


--
-- Name: course_course course_course_Supplier_id_c0130059_fk_accounts_supplier_id; Type: FK CONSTRAINT; Schema: public; Owner: postgres
--

ALTER TABLE ONLY public.course_course
    ADD CONSTRAINT "course_course_Supplier_id_c0130059_fk_accounts_supplier_id" FOREIGN KEY ("Supplier_id") REFERENCES public.accounts_supplier(id) DEFERRABLE INITIALLY DEFERRED;


--
-- Name: course_coursevideos course_coursevideos_CourseID_id_902533a9_fk_course_co; Type: FK CONSTRAINT; Schema: public; Owner: postgres
--

ALTER TABLE ONLY public.course_coursevideos
    ADD CONSTRAINT "course_coursevideos_CourseID_id_902533a9_fk_course_co" FOREIGN KEY ("CourseID_id") REFERENCES public.course_course("CourseID") DEFERRABLE INITIALLY DEFERRED;


--
-- Name: course_enrollment course_enrollment_Course_id_353bbdc5_fk_course_course_CourseID; Type: FK CONSTRAINT; Schema: public; Owner: postgres
--

ALTER TABLE ONLY public.course_enrollment
    ADD CONSTRAINT "course_enrollment_Course_id_353bbdc5_fk_course_course_CourseID" FOREIGN KEY ("Course_id") REFERENCES public.course_course("CourseID") DEFERRABLE INITIALLY DEFERRED;


--
-- Name: course_enrollment course_enrollment_EnrolledUser_id_4a2f58a4_fk_accounts_user_id; Type: FK CONSTRAINT; Schema: public; Owner: postgres
--

ALTER TABLE ONLY public.course_enrollment
    ADD CONSTRAINT "course_enrollment_EnrolledUser_id_4a2f58a4_fk_accounts_user_id" FOREIGN KEY ("EnrolledUser_id") REFERENCES public.accounts_user(id) DEFERRABLE INITIALLY DEFERRED;


--
-- Name: django_admin_log django_admin_log_content_type_id_c4bce8eb_fk_django_co; Type: FK CONSTRAINT; Schema: public; Owner: postgres
--

ALTER TABLE ONLY public.django_admin_log
    ADD CONSTRAINT django_admin_log_content_type_id_c4bce8eb_fk_django_co FOREIGN KEY (content_type_id) REFERENCES public.django_content_type(id) DEFERRABLE INITIALLY DEFERRED;


--
-- Name: django_admin_log django_admin_log_user_id_c564eba6_fk_accounts_user_id; Type: FK CONSTRAINT; Schema: public; Owner: postgres
--

ALTER TABLE ONLY public.django_admin_log
    ADD CONSTRAINT django_admin_log_user_id_c564eba6_fk_accounts_user_id FOREIGN KEY (user_id) REFERENCES public.accounts_user(id) DEFERRABLE INITIALLY DEFERRED;


--
-- Name: notifications_notification notifications_notification_user_id_b5e8c0ff_fk_accounts_user_id; Type: FK CONSTRAINT; Schema: public; Owner: postgres
--

ALTER TABLE ONLY public.notifications_notification
    ADD CONSTRAINT notifications_notification_user_id_b5e8c0ff_fk_accounts_user_id FOREIGN KEY (user_id) REFERENCES public.accounts_user(id) DEFERRABLE INITIALLY DEFERRED;


--
-- Name: orders_cart orders_cart_User_id_92baf5e8_fk_accounts_user_id; Type: FK CONSTRAINT; Schema: public; Owner: postgres
--

ALTER TABLE ONLY public.orders_cart
    ADD CONSTRAINT "orders_cart_User_id_92baf5e8_fk_accounts_user_id" FOREIGN KEY ("User_id") REFERENCES public.accounts_user(id) DEFERRABLE INITIALLY DEFERRED;


--
-- Name: orders_cartitems orders_cartitems_CartID_id_bc988272_fk_orders_cart_id; Type: FK CONSTRAINT; Schema: public; Owner: postgres
--

ALTER TABLE ONLY public.orders_cartitems
    ADD CONSTRAINT "orders_cartitems_CartID_id_bc988272_fk_orders_cart_id" FOREIGN KEY ("CartID_id") REFERENCES public.orders_cart(id) DEFERRABLE INITIALLY DEFERRED;


--
-- Name: orders_cartitems orders_cartitems_Product_id_09a65e86_fk_products_product_id; Type: FK CONSTRAINT; Schema: public; Owner: postgres
--

ALTER TABLE ONLY public.orders_cartitems
    ADD CONSTRAINT "orders_cartitems_Product_id_09a65e86_fk_products_product_id" FOREIGN KEY ("Product_id") REFERENCES public.products_product(id) DEFERRABLE INITIALLY DEFERRED;


--
-- Name: orders_coupon_products orders_coupon_produc_product_id_9e785997_fk_products_; Type: FK CONSTRAINT; Schema: public; Owner: postgres
--

ALTER TABLE ONLY public.orders_coupon_products
    ADD CONSTRAINT orders_coupon_produc_product_id_9e785997_fk_products_ FOREIGN KEY (product_id) REFERENCES public.products_product(id) DEFERRABLE INITIALLY DEFERRED;


--
-- Name: orders_coupon_products orders_coupon_products_coupon_id_e9e05981_fk_orders_coupon_id; Type: FK CONSTRAINT; Schema: public; Owner: postgres
--

ALTER TABLE ONLY public.orders_coupon_products
    ADD CONSTRAINT orders_coupon_products_coupon_id_e9e05981_fk_orders_coupon_id FOREIGN KEY (coupon_id) REFERENCES public.orders_coupon(id) DEFERRABLE INITIALLY DEFERRED;


--
-- Name: orders_coupon orders_coupon_supplier_id_bdbf4c9a_fk_accounts_supplier_id; Type: FK CONSTRAINT; Schema: public; Owner: postgres
--

ALTER TABLE ONLY public.orders_coupon
    ADD CONSTRAINT orders_coupon_supplier_id_bdbf4c9a_fk_accounts_supplier_id FOREIGN KEY (supplier_id) REFERENCES public.accounts_supplier(id) DEFERRABLE INITIALLY DEFERRED;


--
-- Name: orders_order orders_order_address_id_0daf897b_fk_accounts_address_id; Type: FK CONSTRAINT; Schema: public; Owner: postgres
--

ALTER TABLE ONLY public.orders_order
    ADD CONSTRAINT orders_order_address_id_0daf897b_fk_accounts_address_id FOREIGN KEY (address_id) REFERENCES public.accounts_address(id) DEFERRABLE INITIALLY DEFERRED;


--
-- Name: orders_order orders_order_user_id_e9b59eb1_fk_accounts_user_id; Type: FK CONSTRAINT; Schema: public; Owner: postgres
--

ALTER TABLE ONLY public.orders_order
    ADD CONSTRAINT orders_order_user_id_e9b59eb1_fk_accounts_user_id FOREIGN KEY (user_id) REFERENCES public.accounts_user(id) DEFERRABLE INITIALLY DEFERRED;


--
-- Name: orders_orderitem orders_orderitem_order_id_fe61a34d_fk_orders_order_id; Type: FK CONSTRAINT; Schema: public; Owner: postgres
--

ALTER TABLE ONLY public.orders_orderitem
    ADD CONSTRAINT orders_orderitem_order_id_fe61a34d_fk_orders_order_id FOREIGN KEY (order_id) REFERENCES public.orders_order(id) DEFERRABLE INITIALLY DEFERRED;


--
-- Name: orders_orderitem orders_orderitem_product_id_afe4254a_fk_products_product_id; Type: FK CONSTRAINT; Schema: public; Owner: postgres
--

ALTER TABLE ONLY public.orders_orderitem
    ADD CONSTRAINT orders_orderitem_product_id_afe4254a_fk_products_product_id FOREIGN KEY (product_id) REFERENCES public.products_product(id) DEFERRABLE INITIALLY DEFERRED;


--
-- Name: orders_shipment orders_shipment_delivery_person_id_41f059e7_fk_accounts_; Type: FK CONSTRAINT; Schema: public; Owner: postgres
--

ALTER TABLE ONLY public.orders_shipment
    ADD CONSTRAINT orders_shipment_delivery_person_id_41f059e7_fk_accounts_ FOREIGN KEY (delivery_person_id) REFERENCES public.accounts_delivery(id) DEFERRABLE INITIALLY DEFERRED;


--
-- Name: orders_shipment orders_shipment_from_address_id_3c1c6dc8_fk_accounts_address_id; Type: FK CONSTRAINT; Schema: public; Owner: postgres
--

ALTER TABLE ONLY public.orders_shipment
    ADD CONSTRAINT orders_shipment_from_address_id_3c1c6dc8_fk_accounts_address_id FOREIGN KEY (from_address_id) REFERENCES public.accounts_address(id) DEFERRABLE INITIALLY DEFERRED;


--
-- Name: orders_shipment orders_shipment_order_id_661ed8ed_fk_orders_order_id; Type: FK CONSTRAINT; Schema: public; Owner: postgres
--

ALTER TABLE ONLY public.orders_shipment
    ADD CONSTRAINT orders_shipment_order_id_661ed8ed_fk_orders_order_id FOREIGN KEY (order_id) REFERENCES public.orders_order(id) DEFERRABLE INITIALLY DEFERRED;


--
-- Name: orders_shipment orders_shipment_supplier_id_9e13a21d_fk_accounts_supplier_id; Type: FK CONSTRAINT; Schema: public; Owner: postgres
--

ALTER TABLE ONLY public.orders_shipment
    ADD CONSTRAINT orders_shipment_supplier_id_9e13a21d_fk_accounts_supplier_id FOREIGN KEY (supplier_id) REFERENCES public.accounts_supplier(id) DEFERRABLE INITIALLY DEFERRED;


--
-- Name: orders_shipment orders_shipment_to_address_id_0df915fb_fk_accounts_address_id; Type: FK CONSTRAINT; Schema: public; Owner: postgres
--

ALTER TABLE ONLY public.orders_shipment
    ADD CONSTRAINT orders_shipment_to_address_id_0df915fb_fk_accounts_address_id FOREIGN KEY (to_address_id) REFERENCES public.accounts_address(id) DEFERRABLE INITIALLY DEFERRED;


--
-- Name: orders_shipmentitem orders_shipmentitem_order_item_id_accd63d3_fk_orders_or; Type: FK CONSTRAINT; Schema: public; Owner: postgres
--

ALTER TABLE ONLY public.orders_shipmentitem
    ADD CONSTRAINT orders_shipmentitem_order_item_id_accd63d3_fk_orders_or FOREIGN KEY (order_item_id) REFERENCES public.orders_orderitem(id) DEFERRABLE INITIALLY DEFERRED;


--
-- Name: orders_shipmentitem orders_shipmentitem_shipment_id_023a6562_fk_orders_shipment_id; Type: FK CONSTRAINT; Schema: public; Owner: postgres
--

ALTER TABLE ONLY public.orders_shipmentitem
    ADD CONSTRAINT orders_shipmentitem_shipment_id_023a6562_fk_orders_shipment_id FOREIGN KEY (shipment_id) REFERENCES public.orders_shipment(id) DEFERRABLE INITIALLY DEFERRED;


--
-- Name: orders_warehouse orders_warehouse_Address_id_7140dd63_fk_accounts_address_id; Type: FK CONSTRAINT; Schema: public; Owner: postgres
--

ALTER TABLE ONLY public.orders_warehouse
    ADD CONSTRAINT "orders_warehouse_Address_id_7140dd63_fk_accounts_address_id" FOREIGN KEY ("Address_id") REFERENCES public.accounts_address(id) DEFERRABLE INITIALLY DEFERRED;


--
-- Name: orders_wishlist orders_wishlist_user_id_557e5544_fk_accounts_user_id; Type: FK CONSTRAINT; Schema: public; Owner: postgres
--

ALTER TABLE ONLY public.orders_wishlist
    ADD CONSTRAINT orders_wishlist_user_id_557e5544_fk_accounts_user_id FOREIGN KEY (user_id) REFERENCES public.accounts_user(id) DEFERRABLE INITIALLY DEFERRED;


--
-- Name: orders_wishlistitem orders_wishlistitem_product_id_605e8ef7_fk_products_product_id; Type: FK CONSTRAINT; Schema: public; Owner: postgres
--

ALTER TABLE ONLY public.orders_wishlistitem
    ADD CONSTRAINT orders_wishlistitem_product_id_605e8ef7_fk_products_product_id FOREIGN KEY (product_id) REFERENCES public.products_product(id) DEFERRABLE INITIALLY DEFERRED;


--
-- Name: orders_wishlistitem orders_wishlistitem_wishlist_id_03ab6979_fk_orders_wishlist_id; Type: FK CONSTRAINT; Schema: public; Owner: postgres
--

ALTER TABLE ONLY public.orders_wishlistitem
    ADD CONSTRAINT orders_wishlistitem_wishlist_id_03ab6979_fk_orders_wishlist_id FOREIGN KEY (wishlist_id) REFERENCES public.orders_wishlist(id) DEFERRABLE INITIALLY DEFERRED;


--
-- Name: payment_paymenthistory payment_paymenthisto_course_id_718910b4_fk_course_co; Type: FK CONSTRAINT; Schema: public; Owner: postgres
--

ALTER TABLE ONLY public.payment_paymenthistory
    ADD CONSTRAINT payment_paymenthisto_course_id_718910b4_fk_course_co FOREIGN KEY (course_id) REFERENCES public.course_course("CourseID") DEFERRABLE INITIALLY DEFERRED;


--
-- Name: payment_paymenthistory payment_paymenthistory_order_id_6acb06c3_fk_orders_order_id; Type: FK CONSTRAINT; Schema: public; Owner: postgres
--

ALTER TABLE ONLY public.payment_paymenthistory
    ADD CONSTRAINT payment_paymenthistory_order_id_6acb06c3_fk_orders_order_id FOREIGN KEY (order_id) REFERENCES public.orders_order(id) DEFERRABLE INITIALLY DEFERRED;


--
-- Name: payment_paymenthistory payment_paymenthistory_user_id_f7d99375_fk_accounts_user_id; Type: FK CONSTRAINT; Schema: public; Owner: postgres
--

ALTER TABLE ONLY public.payment_paymenthistory
    ADD CONSTRAINT payment_paymenthistory_user_id_f7d99375_fk_accounts_user_id FOREIGN KEY (user_id) REFERENCES public.accounts_user(id) DEFERRABLE INITIALLY DEFERRED;


--
-- Name: products_collection products_collection_supplier_id_bf78b7dc_fk_accounts_; Type: FK CONSTRAINT; Schema: public; Owner: postgres
--

ALTER TABLE ONLY public.products_collection
    ADD CONSTRAINT products_collection_supplier_id_bf78b7dc_fk_accounts_ FOREIGN KEY (supplier_id) REFERENCES public.accounts_supplier(id) DEFERRABLE INITIALLY DEFERRED;


--
-- Name: products_collectionitem products_collectioni_collection_id_719c7b60_fk_products_; Type: FK CONSTRAINT; Schema: public; Owner: postgres
--

ALTER TABLE ONLY public.products_collectionitem
    ADD CONSTRAINT products_collectioni_collection_id_719c7b60_fk_products_ FOREIGN KEY (collection_id) REFERENCES public.products_collection(id) DEFERRABLE INITIALLY DEFERRED;


--
-- Name: products_collectionitem products_collectioni_product_id_76cedc34_fk_products_; Type: FK CONSTRAINT; Schema: public; Owner: postgres
--

ALTER TABLE ONLY public.products_collectionitem
    ADD CONSTRAINT products_collectioni_product_id_76cedc34_fk_products_ FOREIGN KEY (product_id) REFERENCES public.products_product(id) DEFERRABLE INITIALLY DEFERRED;


--
-- Name: products_procolors products_procolors_product_id_4507d538_fk_products_product_id; Type: FK CONSTRAINT; Schema: public; Owner: postgres
--

ALTER TABLE ONLY public.products_procolors
    ADD CONSTRAINT products_procolors_product_id_4507d538_fk_products_product_id FOREIGN KEY (product_id) REFERENCES public.products_product(id) DEFERRABLE INITIALLY DEFERRED;


--
-- Name: products_product products_product_Category_id_5cbd1e61_fk_products_; Type: FK CONSTRAINT; Schema: public; Owner: postgres
--

ALTER TABLE ONLY public.products_product
    ADD CONSTRAINT "products_product_Category_id_5cbd1e61_fk_products_" FOREIGN KEY ("Category_id") REFERENCES public.products_category("CategoryID") DEFERRABLE INITIALLY DEFERRED;


--
-- Name: products_product products_product_MatCategory_id_ea0a99ae_fk_products_; Type: FK CONSTRAINT; Schema: public; Owner: postgres
--

ALTER TABLE ONLY public.products_product
    ADD CONSTRAINT "products_product_MatCategory_id_ea0a99ae_fk_products_" FOREIGN KEY ("MatCategory_id") REFERENCES public.products_matcategory("MatID") DEFERRABLE INITIALLY DEFERRED;


--
-- Name: products_product products_product_Supplier_id_ba2e4129_fk_accounts_supplier_id; Type: FK CONSTRAINT; Schema: public; Owner: postgres
--

ALTER TABLE ONLY public.products_product
    ADD CONSTRAINT "products_product_Supplier_id_ba2e4129_fk_accounts_supplier_id" FOREIGN KEY ("Supplier_id") REFERENCES public.accounts_supplier(id) DEFERRABLE INITIALLY DEFERRED;


--
-- Name: products_proimage products_proimage_product_id_8fd3b466_fk_products_product_id; Type: FK CONSTRAINT; Schema: public; Owner: postgres
--

ALTER TABLE ONLY public.products_proimage
    ADD CONSTRAINT products_proimage_product_id_8fd3b466_fk_products_product_id FOREIGN KEY (product_id) REFERENCES public.products_product(id) DEFERRABLE INITIALLY DEFERRED;


--
-- Name: products_prosizes products_prosizes_product_id_a38277e2_fk_products_product_id; Type: FK CONSTRAINT; Schema: public; Owner: postgres
--

ALTER TABLE ONLY public.products_prosizes
    ADD CONSTRAINT products_prosizes_product_id_a38277e2_fk_products_product_id FOREIGN KEY (product_id) REFERENCES public.products_product(id) DEFERRABLE INITIALLY DEFERRED;


--
-- Name: returnrequest_balance_withdraw_request returnrequest_balanc_user_id_42dbc119_fk_accounts_; Type: FK CONSTRAINT; Schema: public; Owner: postgres
--

ALTER TABLE ONLY public.returnrequest_balance_withdraw_request
    ADD CONSTRAINT returnrequest_balanc_user_id_42dbc119_fk_accounts_ FOREIGN KEY (user_id) REFERENCES public.accounts_user(id) DEFERRABLE INITIALLY DEFERRED;


--
-- Name: returnrequest_returnrequest returnrequest_return_delivery_person_id_d0c36dee_fk_accounts_; Type: FK CONSTRAINT; Schema: public; Owner: postgres
--

ALTER TABLE ONLY public.returnrequest_returnrequest
    ADD CONSTRAINT returnrequest_return_delivery_person_id_d0c36dee_fk_accounts_ FOREIGN KEY (delivery_person_id) REFERENCES public.accounts_delivery(id) DEFERRABLE INITIALLY DEFERRED;


--
-- Name: returnrequest_returnrequest returnrequest_return_from_address_id_50ee69fa_fk_accounts_; Type: FK CONSTRAINT; Schema: public; Owner: postgres
--

ALTER TABLE ONLY public.returnrequest_returnrequest
    ADD CONSTRAINT returnrequest_return_from_address_id_50ee69fa_fk_accounts_ FOREIGN KEY (from_address_id) REFERENCES public.accounts_address(id) DEFERRABLE INITIALLY DEFERRED;


--
-- Name: returnrequest_returnrequest returnrequest_return_order_id_ce12ed37_fk_orders_or; Type: FK CONSTRAINT; Schema: public; Owner: postgres
--

ALTER TABLE ONLY public.returnrequest_returnrequest
    ADD CONSTRAINT returnrequest_return_order_id_ce12ed37_fk_orders_or FOREIGN KEY (order_id) REFERENCES public.orders_order(id) DEFERRABLE INITIALLY DEFERRED;


--
-- Name: returnrequest_returnrequest returnrequest_return_product_id_d09250ed_fk_products_; Type: FK CONSTRAINT; Schema: public; Owner: postgres
--

ALTER TABLE ONLY public.returnrequest_returnrequest
    ADD CONSTRAINT returnrequest_return_product_id_d09250ed_fk_products_ FOREIGN KEY (product_id) REFERENCES public.products_product(id) DEFERRABLE INITIALLY DEFERRED;


--
-- Name: returnrequest_returnrequest returnrequest_return_supplier_id_f54138cb_fk_accounts_; Type: FK CONSTRAINT; Schema: public; Owner: postgres
--

ALTER TABLE ONLY public.returnrequest_returnrequest
    ADD CONSTRAINT returnrequest_return_supplier_id_f54138cb_fk_accounts_ FOREIGN KEY (supplier_id) REFERENCES public.accounts_supplier(id) DEFERRABLE INITIALLY DEFERRED;


--
-- Name: returnrequest_returnrequest returnrequest_return_to_address_id_6c540a36_fk_accounts_; Type: FK CONSTRAINT; Schema: public; Owner: postgres
--

ALTER TABLE ONLY public.returnrequest_returnrequest
    ADD CONSTRAINT returnrequest_return_to_address_id_6c540a36_fk_accounts_ FOREIGN KEY (to_address_id) REFERENCES public.accounts_address(id) DEFERRABLE INITIALLY DEFERRED;


--
-- Name: returnrequest_returnrequest returnrequest_return_user_id_546404fb_fk_accounts_; Type: FK CONSTRAINT; Schema: public; Owner: postgres
--

ALTER TABLE ONLY public.returnrequest_returnrequest
    ADD CONSTRAINT returnrequest_return_user_id_546404fb_fk_accounts_ FOREIGN KEY (user_id) REFERENCES public.accounts_user(id) DEFERRABLE INITIALLY DEFERRED;


--
-- Name: returnrequest_transactions returnrequest_transactions_user_id_3ea7cd22_fk_accounts_user_id; Type: FK CONSTRAINT; Schema: public; Owner: postgres
--

ALTER TABLE ONLY public.returnrequest_transactions
    ADD CONSTRAINT returnrequest_transactions_user_id_3ea7cd22_fk_accounts_user_id FOREIGN KEY (user_id) REFERENCES public.accounts_user(id) DEFERRABLE INITIALLY DEFERRED;


--
-- Name: reviews_review reviews_review_course_id_98d638d3_fk_course_course_CourseID; Type: FK CONSTRAINT; Schema: public; Owner: postgres
--

ALTER TABLE ONLY public.reviews_review
    ADD CONSTRAINT "reviews_review_course_id_98d638d3_fk_course_course_CourseID" FOREIGN KEY (course_id) REFERENCES public.course_course("CourseID") DEFERRABLE INITIALLY DEFERRED;


--
-- Name: reviews_review reviews_review_customer_id_17e79eab_fk_accounts_customer_id; Type: FK CONSTRAINT; Schema: public; Owner: postgres
--

ALTER TABLE ONLY public.reviews_review
    ADD CONSTRAINT reviews_review_customer_id_17e79eab_fk_accounts_customer_id FOREIGN KEY (customer_id) REFERENCES public.accounts_customer(id) DEFERRABLE INITIALLY DEFERRED;


--
-- Name: reviews_review reviews_review_delivery_id_97bea9e5_fk_accounts_delivery_id; Type: FK CONSTRAINT; Schema: public; Owner: postgres
--

ALTER TABLE ONLY public.reviews_review
    ADD CONSTRAINT reviews_review_delivery_id_97bea9e5_fk_accounts_delivery_id FOREIGN KEY (delivery_id) REFERENCES public.accounts_delivery(id) DEFERRABLE INITIALLY DEFERRED;


--
-- Name: reviews_review reviews_review_product_id_ce2fa4c6_fk_products_product_id; Type: FK CONSTRAINT; Schema: public; Owner: postgres
--

ALTER TABLE ONLY public.reviews_review
    ADD CONSTRAINT reviews_review_product_id_ce2fa4c6_fk_products_product_id FOREIGN KEY (product_id) REFERENCES public.products_product(id) DEFERRABLE INITIALLY DEFERRED;


--
-- Name: reviews_review reviews_review_supplier_id_496bf7f6_fk_accounts_supplier_id; Type: FK CONSTRAINT; Schema: public; Owner: postgres
--

ALTER TABLE ONLY public.reviews_review
    ADD CONSTRAINT reviews_review_supplier_id_496bf7f6_fk_accounts_supplier_id FOREIGN KEY (supplier_id) REFERENCES public.accounts_supplier(id) DEFERRABLE INITIALLY DEFERRED;


--
-- Name: token_blacklist_blacklistedtoken token_blacklist_blacklistedtoken_token_id_3cc7fe56_fk; Type: FK CONSTRAINT; Schema: public; Owner: postgres
--

ALTER TABLE ONLY public.token_blacklist_blacklistedtoken
    ADD CONSTRAINT token_blacklist_blacklistedtoken_token_id_3cc7fe56_fk FOREIGN KEY (token_id) REFERENCES public.token_blacklist_outstandingtoken(id) DEFERRABLE INITIALLY DEFERRED;


--
-- Name: token_blacklist_outstandingtoken token_blacklist_outs_user_id_83bc629a_fk_accounts_; Type: FK CONSTRAINT; Schema: public; Owner: postgres
--

ALTER TABLE ONLY public.token_blacklist_outstandingtoken
    ADD CONSTRAINT token_blacklist_outs_user_id_83bc629a_fk_accounts_ FOREIGN KEY (user_id) REFERENCES public.accounts_user(id) DEFERRABLE INITIALLY DEFERRED;


--
-- PostgreSQL database dump complete
--

