PRAGMA foreign_keys=OFF;
BEGIN TRANSACTION;
CREATE TABLE IF NOT EXISTS "django_migrations" ("id" integer NOT NULL PRIMARY KEY AUTOINCREMENT, "app" varchar(255) NOT NULL, "name" varchar(255) NOT NULL, "applied" datetime NOT NULL);
INSERT INTO django_migrations VALUES(1,'contenttypes','0001_initial','2024-04-29 16:28:16.697255');
INSERT INTO django_migrations VALUES(2,'contenttypes','0002_remove_content_type_name','2024-04-29 16:28:16.850499');
INSERT INTO django_migrations VALUES(3,'auth','0001_initial','2024-04-29 16:28:17.091084');
INSERT INTO django_migrations VALUES(4,'auth','0002_alter_permission_name_max_length','2024-04-29 16:28:17.197616');
INSERT INTO django_migrations VALUES(5,'auth','0003_alter_user_email_max_length','2024-04-29 16:28:17.342848');
INSERT INTO django_migrations VALUES(6,'auth','0004_alter_user_username_opts','2024-04-29 16:28:17.449873');
INSERT INTO django_migrations VALUES(7,'auth','0005_alter_user_last_login_null','2024-04-29 16:28:17.566980');
INSERT INTO django_migrations VALUES(8,'auth','0006_require_contenttypes_0002','2024-04-29 16:28:17.679572');
INSERT INTO django_migrations VALUES(9,'auth','0007_alter_validators_add_error_messages','2024-04-29 16:28:17.783056');
INSERT INTO django_migrations VALUES(10,'auth','0008_alter_user_username_max_length','2024-04-29 16:28:17.882628');
INSERT INTO django_migrations VALUES(11,'auth','0009_alter_user_last_name_max_length','2024-04-29 16:28:18.006019');
INSERT INTO django_migrations VALUES(12,'auth','0010_alter_group_name_max_length','2024-04-29 16:28:18.117720');
INSERT INTO django_migrations VALUES(13,'auth','0011_update_proxy_permissions','2024-04-29 16:28:18.237181');
INSERT INTO django_migrations VALUES(14,'auth','0012_alter_user_first_name_max_length','2024-04-29 16:28:18.337339');
INSERT INTO django_migrations VALUES(15,'accounts','0001_initial','2024-04-29 16:28:18.591395');
INSERT INTO django_migrations VALUES(16,'products','0001_initial','2024-04-29 16:28:55.532606');
INSERT INTO django_migrations VALUES(17,'orders','0001_initial','2024-04-29 16:29:20.875317');
INSERT INTO django_migrations VALUES(18,'course','0001_initial','2024-04-29 16:29:47.150054');
INSERT INTO django_migrations VALUES(19,'admin','0001_initial','2024-04-29 16:30:07.089081');
INSERT INTO django_migrations VALUES(20,'admin','0002_logentry_remove_auto_add','2024-04-29 16:30:07.190400');
INSERT INTO django_migrations VALUES(21,'admin','0003_logentry_add_action_flag_choices','2024-04-29 16:30:07.355405');
INSERT INTO django_migrations VALUES(22,'sessions','0001_initial','2024-04-29 16:30:07.598991');
INSERT INTO django_migrations VALUES(23,'token_blacklist','0001_initial','2024-04-29 16:30:07.739357');
INSERT INTO django_migrations VALUES(24,'token_blacklist','0002_outstandingtoken_jti_hex','2024-04-29 16:30:07.899680');
INSERT INTO django_migrations VALUES(25,'token_blacklist','0003_auto_20171017_2007','2024-04-29 16:30:08.049418');
INSERT INTO django_migrations VALUES(26,'token_blacklist','0004_auto_20171017_2013','2024-04-29 16:30:08.232262');
INSERT INTO django_migrations VALUES(27,'token_blacklist','0005_remove_outstandingtoken_jti','2024-04-29 16:30:08.394345');
INSERT INTO django_migrations VALUES(28,'token_blacklist','0006_auto_20171017_2113','2024-04-29 16:30:08.519310');
INSERT INTO django_migrations VALUES(29,'token_blacklist','0007_auto_20171017_2214','2024-04-29 16:30:08.664534');
INSERT INTO django_migrations VALUES(30,'token_blacklist','0008_migrate_to_bigautofield','2024-04-29 16:30:08.801418');
INSERT INTO django_migrations VALUES(31,'token_blacklist','0010_fix_migrate_to_bigautofield','2024-04-29 16:30:08.947161');
INSERT INTO django_migrations VALUES(32,'token_blacklist','0011_linearizes_history','2024-04-29 16:30:09.048352');
INSERT INTO django_migrations VALUES(33,'token_blacklist','0012_alter_outstandingtoken_user','2024-04-29 16:30:09.144508');
INSERT INTO django_migrations VALUES(34,'products','0002_alter_product_supplier','2024-04-30 04:28:12.859414');
INSERT INTO django_migrations VALUES(35,'payment','0001_initial','2024-05-03 15:28:05.701977');
INSERT INTO django_migrations VALUES(36,'orders','0002_alter_cartitems_quantity','2024-05-04 20:06:33.808640');
INSERT INTO django_migrations VALUES(37,'orders','0003_alter_cartitems_quantity','2024-05-04 20:16:27.528679');
INSERT INTO django_migrations VALUES(38,'products','0003_product_stock_alter_product_outofstock','2024-05-04 21:09:54.258833');
INSERT INTO django_migrations VALUES(39,'products','0004_alter_product_stock','2024-05-04 21:09:54.294218');
INSERT INTO django_migrations VALUES(40,'products','0005_alter_product_outofstock','2024-05-04 21:09:54.325907');
INSERT INTO django_migrations VALUES(41,'accounts','0002_remove_customer_buildingno_remove_customer_city_and_more','2024-05-04 23:01:43.457046');
INSERT INTO django_migrations VALUES(42,'orders','0004_remove_order_city_remove_order_postal_code_and_more','2024-05-04 23:31:15.085601');
INSERT INTO django_migrations VALUES(43,'orders','0005_wishlist_wishlistitem','2024-05-05 14:55:53.756759');
INSERT INTO django_migrations VALUES(44,'orders','0006_rename_productid_cartitems_product_and_more','2024-05-05 15:23:09.923674');
INSERT INTO django_migrations VALUES(45,'orders','0007_rename_user_wishlist_user','2024-05-05 15:51:42.057202');
INSERT INTO django_migrations VALUES(46,'orders','0008_rename_product_wishlistitem_product','2024-05-05 16:05:42.614380');
INSERT INTO django_migrations VALUES(47,'reviews','0001_initial','2024-05-05 18:15:41.858894');
INSERT INTO django_migrations VALUES(48,'return','0001_initial','2024-05-08 00:31:04.698283');
INSERT INTO django_migrations VALUES(49,'products','0006_alter_product_stock','2024-05-08 01:00:03.519721');
INSERT INTO django_migrations VALUES(50,'products','0007_collection_collectionitem','2024-05-18 21:53:31.679631');
INSERT INTO django_migrations VALUES(51,'orders','0009_coupon','2024-05-18 23:35:19.561709');
INSERT INTO django_migrations VALUES(52,'orders','0010_rename_supplier_coupon_supplier','2024-05-18 23:48:17.929534');
INSERT INTO django_migrations VALUES(53,'orders','0011_rename_supplier_coupon_supplier','2024-05-18 23:54:15.267900');
INSERT INTO django_migrations VALUES(54,'orders','0012_alter_coupon_active','2024-05-19 00:04:19.318040');
INSERT INTO django_migrations VALUES(55,'orders','0013_alter_coupon_active','2024-05-19 00:05:12.115964');
INSERT INTO django_migrations VALUES(56,'orders','0014_alter_coupon_active','2024-05-19 00:06:24.704620');
INSERT INTO django_migrations VALUES(57,'orders','0015_order_discount_amount_order_final_amount_and_more','2024-05-19 00:28:28.762432');
INSERT INTO django_migrations VALUES(58,'accounts','0003_alter_supplier_user','2024-05-19 00:50:41.058843');
INSERT INTO django_migrations VALUES(59,'accounts','0004_alter_supplier_user','2024-05-19 01:58:35.843048');
INSERT INTO django_migrations VALUES(60,'return','0002_balancetransaction_returnrequest_returnitem_and_more','2024-05-19 12:13:02.920341');
INSERT INTO django_migrations VALUES(61,'return','0003_remove_deliveryrequest_return_request_and_more','2024-06-19 15:18:36.143590');
INSERT INTO django_migrations VALUES(62,'reviews','0002_review_supplier','2024-06-19 15:18:36.216595');
INSERT INTO django_migrations VALUES(63,'course','0002_course_rating','2024-06-19 22:09:25.289717');
INSERT INTO django_migrations VALUES(64,'products','0008_remove_product_reviews_alter_proimage_image','2024-06-19 22:09:25.350751');
INSERT INTO django_migrations VALUES(65,'reviews','0003_review_ease_of_place_order_review_image_and_more','2024-06-19 22:09:25.625710');
INSERT INTO django_migrations VALUES(66,'reviews','0004_alter_review_ease_of_place_order_and_more','2024-06-19 22:50:38.461833');
INSERT INTO django_migrations VALUES(67,'reviews','0005_alter_review_ease_of_place_order_and_more','2024-06-19 22:52:50.869704');
INSERT INTO django_migrations VALUES(68,'accounts','0005_delivery_governorate','2024-06-21 04:26:23.044102');
INSERT INTO django_migrations VALUES(69,'orders','0016_order_confirmation_code_order_delivery_confirmed_at_and_more','2024-06-21 04:26:23.157807');
INSERT INTO django_migrations VALUES(70,'notifications','0001_initial','2024-06-21 07:08:49.611511');
INSERT INTO django_migrations VALUES(71,'chatapp','0001_initial','2024-06-21 07:10:04.300481');
INSERT INTO django_migrations VALUES(72,'orders','0017_remove_order_governorate_order_delivery_and_more','2024-06-23 21:38:22.394737');
INSERT INTO django_migrations VALUES(73,'orders','0018_alter_order_cart','2024-06-23 21:59:10.399468');
INSERT INTO django_migrations VALUES(74,'orders','0019_order_supplier_address','2024-06-24 00:04:08.146175');
INSERT INTO django_migrations VALUES(75,'orders','0020_rename_supplier_address_order_from_address_and_more','2024-06-24 00:32:32.644140');
INSERT INTO django_migrations VALUES(76,'orders','0021_alter_warehouse_delivery_fee','2024-06-24 00:40:13.162387');
INSERT INTO django_migrations VALUES(77,'orders','0022_alter_order_status','2024-06-24 02:19:51.102798');
INSERT INTO django_migrations VALUES(78,'orders','0023_order_delivery_fee','2024-06-24 15:06:04.789401');
INSERT INTO django_migrations VALUES(79,'accounts','0006_alter_address_buildingno','2024-06-25 03:40:55.832193');
INSERT INTO django_migrations VALUES(80,'course','0003_remove_course_numberoflectures_and_more','2024-06-25 03:40:55.922191');
INSERT INTO django_migrations VALUES(81,'course','0004_course_numberoflec','2024-06-25 03:44:55.597496');
INSERT INTO django_migrations VALUES(82,'orders','0024_order_initial_status','2024-06-25 23:24:15.957751');
INSERT INTO django_migrations VALUES(83,'orders','0025_alter_order_initial_status_alter_order_status','2024-06-26 02:29:18.961459');
INSERT INTO django_migrations VALUES(84,'orders','0026_order_related_order','2024-06-26 02:58:35.232051');
INSERT INTO django_migrations VALUES(85,'orders','0027_order_supplier','2024-06-26 23:11:28.787107');
INSERT INTO django_migrations VALUES(86,'accounts','0007_remove_customer_balance_remove_delivery_balance_and_more','2024-06-27 01:58:54.461579');
INSERT INTO django_migrations VALUES(87,'orders','0028_order_payment_method_alter_order_stripe_id','2024-06-27 02:30:37.365641');
INSERT INTO django_migrations VALUES(88,'return','0004_initial','2024-06-27 04:57:14.222980');
INSERT INTO django_migrations VALUES(89,'returnrequest','0001_initial','2024-06-27 16:02:48.381176');
INSERT INTO django_migrations VALUES(90,'orders','0029_deliveryorder_returnrequest_and_more','2024-06-27 16:02:48.499228');
INSERT INTO django_migrations VALUES(91,'orders','0030_remove_deliveryorder_returnrequest','2024-06-27 19:24:53.903193');
INSERT INTO django_migrations VALUES(92,'returnrequest','0002_returnrequest_order','2024-06-27 19:24:53.939858');
INSERT INTO django_migrations VALUES(93,'returnrequest','0003_alter_returnrequest_initial_status_and_more','2024-06-27 20:28:36.699421');
INSERT INTO django_migrations VALUES(94,'returnrequest','0004_deliveryreturnrequest','2024-06-27 21:20:05.529461');
INSERT INTO django_migrations VALUES(95,'returnrequest','0005_alter_transactions_transaction_type','2024-06-27 22:56:04.756030');
INSERT INTO django_migrations VALUES(96,'returnrequest','0006_alter_transactions_transaction_type','2024-06-28 13:41:35.164925');
INSERT INTO django_migrations VALUES(97,'returnrequest','0007_alter_transactions_transaction_type','2024-06-28 22:26:38.774549');
INSERT INTO django_migrations VALUES(98,'products','0009_product_discountpercentage','2024-07-03 23:14:06.988003');
INSERT INTO django_migrations VALUES(99,'accounts','0008_delivery_accepted_delivery_and_more','2024-07-04 15:05:02.823815');
INSERT INTO django_migrations VALUES(100,'products','0010_product_height_product_watt_product_width','2024-07-04 15:05:03.193084');
INSERT INTO django_migrations VALUES(101,'accounts','0009_onetimepassword_created_at','2024-07-06 15:53:43.505963');
INSERT INTO django_migrations VALUES(102,'admin_interface','0001_initial','2024-07-06 22:08:08.265801');
INSERT INTO django_migrations VALUES(103,'admin_interface','0002_add_related_modal','2024-07-06 22:08:08.302464');
INSERT INTO django_migrations VALUES(104,'admin_interface','0003_add_logo_color','2024-07-06 22:08:08.306846');
INSERT INTO django_migrations VALUES(105,'admin_interface','0004_rename_title_color','2024-07-06 22:08:08.327684');
INSERT INTO django_migrations VALUES(106,'admin_interface','0005_add_recent_actions_visible','2024-07-06 22:08:08.341834');
INSERT INTO django_migrations VALUES(107,'admin_interface','0006_bytes_to_str','2024-07-06 22:08:08.401001');
INSERT INTO django_migrations VALUES(108,'admin_interface','0007_add_favicon','2024-07-06 22:08:08.416601');
INSERT INTO django_migrations VALUES(109,'admin_interface','0008_change_related_modal_background_opacity_type','2024-07-06 22:08:08.444078');
INSERT INTO django_migrations VALUES(110,'admin_interface','0009_add_enviroment','2024-07-06 22:08:08.465578');
INSERT INTO django_migrations VALUES(111,'admin_interface','0010_add_localization','2024-07-06 22:08:08.488353');
INSERT INTO django_migrations VALUES(112,'admin_interface','0011_add_environment_options','2024-07-06 22:08:08.533335');
INSERT INTO django_migrations VALUES(113,'admin_interface','0012_update_verbose_names','2024-07-06 22:08:08.539684');
INSERT INTO django_migrations VALUES(114,'admin_interface','0013_add_related_modal_close_button','2024-07-06 22:08:08.556074');
INSERT INTO django_migrations VALUES(115,'admin_interface','0014_name_unique','2024-07-06 22:08:08.573848');
INSERT INTO django_migrations VALUES(116,'admin_interface','0015_add_language_chooser_active','2024-07-06 22:08:08.589760');
INSERT INTO django_migrations VALUES(117,'admin_interface','0016_add_language_chooser_display','2024-07-06 22:08:08.603529');
INSERT INTO django_migrations VALUES(118,'admin_interface','0017_change_list_filter_dropdown','2024-07-06 22:08:08.617035');
INSERT INTO django_migrations VALUES(119,'admin_interface','0018_theme_list_filter_sticky','2024-07-06 22:08:08.629873');
INSERT INTO django_migrations VALUES(120,'admin_interface','0019_add_form_sticky','2024-07-06 22:08:08.648819');
INSERT INTO django_migrations VALUES(121,'admin_interface','0020_module_selected_colors','2024-07-06 22:08:08.703994');
INSERT INTO django_migrations VALUES(122,'admin_interface','0021_file_extension_validator','2024-07-06 22:08:08.708110');
INSERT INTO django_migrations VALUES(123,'admin_interface','0022_add_logo_max_width_and_height','2024-07-06 22:08:08.740041');
INSERT INTO django_migrations VALUES(124,'admin_interface','0023_theme_foldable_apps','2024-07-06 22:08:08.754668');
INSERT INTO django_migrations VALUES(125,'admin_interface','0024_remove_theme_css','2024-07-06 22:08:08.764448');
INSERT INTO django_migrations VALUES(126,'admin_interface','0025_theme_language_chooser_control','2024-07-06 22:08:08.781383');
INSERT INTO django_migrations VALUES(127,'admin_interface','0026_theme_list_filter_highlight','2024-07-06 22:08:08.798378');
INSERT INTO django_migrations VALUES(128,'admin_interface','0027_theme_list_filter_removal_links','2024-07-06 22:08:08.815671');
INSERT INTO django_migrations VALUES(129,'admin_interface','0028_theme_show_fieldsets_as_tabs_and_more','2024-07-06 22:08:08.840778');
INSERT INTO django_migrations VALUES(130,'admin_interface','0029_theme_css_generic_link_active_color','2024-07-06 22:08:08.858194');
INSERT INTO django_migrations VALUES(131,'admin_interface','0030_theme_collapsible_stacked_inlines_and_more','2024-07-06 22:08:08.902427');
CREATE TABLE IF NOT EXISTS "django_content_type" ("id" integer NOT NULL PRIMARY KEY AUTOINCREMENT, "app_label" varchar(100) NOT NULL, "model" varchar(100) NOT NULL);
INSERT INTO django_content_type VALUES(1,'auth','permission');
INSERT INTO django_content_type VALUES(2,'auth','group');
INSERT INTO django_content_type VALUES(3,'contenttypes','contenttype');
INSERT INTO django_content_type VALUES(4,'accounts','user');
INSERT INTO django_content_type VALUES(5,'accounts','customer');
INSERT INTO django_content_type VALUES(6,'accounts','delivery');
INSERT INTO django_content_type VALUES(7,'accounts','onetimepassword');
INSERT INTO django_content_type VALUES(8,'accounts','supplier');
INSERT INTO django_content_type VALUES(9,'accounts','follow');
INSERT INTO django_content_type VALUES(10,'products','category');
INSERT INTO django_content_type VALUES(11,'products','matcategory');
INSERT INTO django_content_type VALUES(12,'products','product');
INSERT INTO django_content_type VALUES(13,'products','proimage');
INSERT INTO django_content_type VALUES(14,'products','procolors');
INSERT INTO django_content_type VALUES(15,'products','prosizes');
INSERT INTO django_content_type VALUES(16,'course','course');
INSERT INTO django_content_type VALUES(17,'course','coursevideos');
INSERT INTO django_content_type VALUES(18,'course','enrollment');
INSERT INTO django_content_type VALUES(19,'orders','cart');
INSERT INTO django_content_type VALUES(20,'orders','cartitems');
INSERT INTO django_content_type VALUES(21,'orders','order');
INSERT INTO django_content_type VALUES(22,'orders','orderitem');
INSERT INTO django_content_type VALUES(23,'admin','logentry');
INSERT INTO django_content_type VALUES(24,'sessions','session');
INSERT INTO django_content_type VALUES(25,'token_blacklist','blacklistedtoken');
INSERT INTO django_content_type VALUES(26,'token_blacklist','outstandingtoken');
INSERT INTO django_content_type VALUES(27,'payment','paymenthistory');
INSERT INTO django_content_type VALUES(28,'accounts','address');
INSERT INTO django_content_type VALUES(29,'orders','wishlistitem');
INSERT INTO django_content_type VALUES(30,'orders','wishlist');
INSERT INTO django_content_type VALUES(31,'reviews','review');
INSERT INTO django_content_type VALUES(32,'return','returnorder');
INSERT INTO django_content_type VALUES(33,'products','collection');
INSERT INTO django_content_type VALUES(34,'products','collectionitem');
INSERT INTO django_content_type VALUES(35,'orders','coupon');
INSERT INTO django_content_type VALUES(36,'return','deliveryrequest');
INSERT INTO django_content_type VALUES(37,'return','balancetransaction');
INSERT INTO django_content_type VALUES(38,'return','returnrequest');
INSERT INTO django_content_type VALUES(39,'return','returnitem');
INSERT INTO django_content_type VALUES(40,'orders','deliveryorder');
INSERT INTO django_content_type VALUES(41,'notifications','notification');
INSERT INTO django_content_type VALUES(42,'chatapp','conversation');
INSERT INTO django_content_type VALUES(43,'chatapp','message');
INSERT INTO django_content_type VALUES(44,'orders','warehouse');
INSERT INTO django_content_type VALUES(45,'return','balance_withdraw_request');
INSERT INTO django_content_type VALUES(46,'return','transactions');
INSERT INTO django_content_type VALUES(47,'returnrequest','returnrequest');
INSERT INTO django_content_type VALUES(48,'returnrequest','balance_withdraw_request');
INSERT INTO django_content_type VALUES(49,'returnrequest','transactions');
INSERT INTO django_content_type VALUES(50,'returnrequest','deliveryreturnrequest');
INSERT INTO django_content_type VALUES(51,'admin_interface','theme');
CREATE TABLE IF NOT EXISTS "auth_group_permissions" ("id" integer NOT NULL PRIMARY KEY AUTOINCREMENT, "group_id" integer NOT NULL REFERENCES "auth_group" ("id") DEFERRABLE INITIALLY DEFERRED, "permission_id" integer NOT NULL REFERENCES "auth_permission" ("id") DEFERRABLE INITIALLY DEFERRED);
CREATE TABLE IF NOT EXISTS "auth_permission" ("id" integer NOT NULL PRIMARY KEY AUTOINCREMENT, "content_type_id" integer NOT NULL REFERENCES "django_content_type" ("id") DEFERRABLE INITIALLY DEFERRED, "codename" varchar(100) NOT NULL, "name" varchar(255) NOT NULL);
INSERT INTO auth_permission VALUES(1,1,'add_permission','Can add permission');
INSERT INTO auth_permission VALUES(2,1,'change_permission','Can change permission');
INSERT INTO auth_permission VALUES(3,1,'delete_permission','Can delete permission');
INSERT INTO auth_permission VALUES(4,1,'view_permission','Can view permission');
INSERT INTO auth_permission VALUES(5,2,'add_group','Can add group');
INSERT INTO auth_permission VALUES(6,2,'change_group','Can change group');
INSERT INTO auth_permission VALUES(7,2,'delete_group','Can delete group');
INSERT INTO auth_permission VALUES(8,2,'view_group','Can view group');
INSERT INTO auth_permission VALUES(9,3,'add_contenttype','Can add content type');
INSERT INTO auth_permission VALUES(10,3,'change_contenttype','Can change content type');
INSERT INTO auth_permission VALUES(11,3,'delete_contenttype','Can delete content type');
INSERT INTO auth_permission VALUES(12,3,'view_contenttype','Can view content type');
INSERT INTO auth_permission VALUES(13,4,'add_user','Can add user');
INSERT INTO auth_permission VALUES(14,4,'change_user','Can change user');
INSERT INTO auth_permission VALUES(15,4,'delete_user','Can delete user');
INSERT INTO auth_permission VALUES(16,4,'view_user','Can view user');
INSERT INTO auth_permission VALUES(17,5,'add_customer','Can add customer');
INSERT INTO auth_permission VALUES(18,5,'change_customer','Can change customer');
INSERT INTO auth_permission VALUES(19,5,'delete_customer','Can delete customer');
INSERT INTO auth_permission VALUES(20,5,'view_customer','Can view customer');
INSERT INTO auth_permission VALUES(21,6,'add_delivery','Can add delivery');
INSERT INTO auth_permission VALUES(22,6,'change_delivery','Can change delivery');
INSERT INTO auth_permission VALUES(23,6,'delete_delivery','Can delete delivery');
INSERT INTO auth_permission VALUES(24,6,'view_delivery','Can view delivery');
INSERT INTO auth_permission VALUES(25,7,'add_onetimepassword','Can add one time password');
INSERT INTO auth_permission VALUES(26,7,'change_onetimepassword','Can change one time password');
INSERT INTO auth_permission VALUES(27,7,'delete_onetimepassword','Can delete one time password');
INSERT INTO auth_permission VALUES(28,7,'view_onetimepassword','Can view one time password');
INSERT INTO auth_permission VALUES(29,8,'add_supplier','Can add supplier');
INSERT INTO auth_permission VALUES(30,8,'change_supplier','Can change supplier');
INSERT INTO auth_permission VALUES(31,8,'delete_supplier','Can delete supplier');
INSERT INTO auth_permission VALUES(32,8,'view_supplier','Can view supplier');
INSERT INTO auth_permission VALUES(33,9,'add_follow','Can add follow');
INSERT INTO auth_permission VALUES(34,9,'change_follow','Can change follow');
INSERT INTO auth_permission VALUES(35,9,'delete_follow','Can delete follow');
INSERT INTO auth_permission VALUES(36,9,'view_follow','Can view follow');
INSERT INTO auth_permission VALUES(37,10,'add_category','Can add category');
INSERT INTO auth_permission VALUES(38,10,'change_category','Can change category');
INSERT INTO auth_permission VALUES(39,10,'delete_category','Can delete category');
INSERT INTO auth_permission VALUES(40,10,'view_category','Can view category');
INSERT INTO auth_permission VALUES(41,11,'add_matcategory','Can add mat category');
INSERT INTO auth_permission VALUES(42,11,'change_matcategory','Can change mat category');
INSERT INTO auth_permission VALUES(43,11,'delete_matcategory','Can delete mat category');
INSERT INTO auth_permission VALUES(44,11,'view_matcategory','Can view mat category');
INSERT INTO auth_permission VALUES(45,12,'add_product','Can add product');
INSERT INTO auth_permission VALUES(46,12,'change_product','Can change product');
INSERT INTO auth_permission VALUES(47,12,'delete_product','Can delete product');
INSERT INTO auth_permission VALUES(48,12,'view_product','Can view product');
INSERT INTO auth_permission VALUES(49,13,'add_proimage','Can add pro image');
INSERT INTO auth_permission VALUES(50,13,'change_proimage','Can change pro image');
INSERT INTO auth_permission VALUES(51,13,'delete_proimage','Can delete pro image');
INSERT INTO auth_permission VALUES(52,13,'view_proimage','Can view pro image');
INSERT INTO auth_permission VALUES(53,14,'add_procolors','Can add pro colors');
INSERT INTO auth_permission VALUES(54,14,'change_procolors','Can change pro colors');
INSERT INTO auth_permission VALUES(55,14,'delete_procolors','Can delete pro colors');
INSERT INTO auth_permission VALUES(56,14,'view_procolors','Can view pro colors');
INSERT INTO auth_permission VALUES(57,15,'add_prosizes','Can add pro sizes');
INSERT INTO auth_permission VALUES(58,15,'change_prosizes','Can change pro sizes');
INSERT INTO auth_permission VALUES(59,15,'delete_prosizes','Can delete pro sizes');
INSERT INTO auth_permission VALUES(60,15,'view_prosizes','Can view pro sizes');
INSERT INTO auth_permission VALUES(61,16,'add_course','Can add course');
INSERT INTO auth_permission VALUES(62,16,'change_course','Can change course');
INSERT INTO auth_permission VALUES(63,16,'delete_course','Can delete course');
INSERT INTO auth_permission VALUES(64,16,'view_course','Can view course');
INSERT INTO auth_permission VALUES(65,17,'add_coursevideos','Can add course videos');
INSERT INTO auth_permission VALUES(66,17,'change_coursevideos','Can change course videos');
INSERT INTO auth_permission VALUES(67,17,'delete_coursevideos','Can delete course videos');
INSERT INTO auth_permission VALUES(68,17,'view_coursevideos','Can view course videos');
INSERT INTO auth_permission VALUES(69,18,'add_enrollment','Can add enrollment');
INSERT INTO auth_permission VALUES(70,18,'change_enrollment','Can change enrollment');
INSERT INTO auth_permission VALUES(71,18,'delete_enrollment','Can delete enrollment');
INSERT INTO auth_permission VALUES(72,18,'view_enrollment','Can view enrollment');
INSERT INTO auth_permission VALUES(73,19,'add_cart','Can add cart');
INSERT INTO auth_permission VALUES(74,19,'change_cart','Can change cart');
INSERT INTO auth_permission VALUES(75,19,'delete_cart','Can delete cart');
INSERT INTO auth_permission VALUES(76,19,'view_cart','Can view cart');
INSERT INTO auth_permission VALUES(77,20,'add_cartitems','Can add cart items');
INSERT INTO auth_permission VALUES(78,20,'change_cartitems','Can change cart items');
INSERT INTO auth_permission VALUES(79,20,'delete_cartitems','Can delete cart items');
INSERT INTO auth_permission VALUES(80,20,'view_cartitems','Can view cart items');
INSERT INTO auth_permission VALUES(81,21,'add_order','Can add order');
INSERT INTO auth_permission VALUES(82,21,'change_order','Can change order');
INSERT INTO auth_permission VALUES(83,21,'delete_order','Can delete order');
INSERT INTO auth_permission VALUES(84,21,'view_order','Can view order');
INSERT INTO auth_permission VALUES(85,22,'add_orderitem','Can add order item');
INSERT INTO auth_permission VALUES(86,22,'change_orderitem','Can change order item');
INSERT INTO auth_permission VALUES(87,22,'delete_orderitem','Can delete order item');
INSERT INTO auth_permission VALUES(88,22,'view_orderitem','Can view order item');
INSERT INTO auth_permission VALUES(89,23,'add_logentry','Can add log entry');
INSERT INTO auth_permission VALUES(90,23,'change_logentry','Can change log entry');
INSERT INTO auth_permission VALUES(91,23,'delete_logentry','Can delete log entry');
INSERT INTO auth_permission VALUES(92,23,'view_logentry','Can view log entry');
INSERT INTO auth_permission VALUES(93,24,'add_session','Can add session');
INSERT INTO auth_permission VALUES(94,24,'change_session','Can change session');
INSERT INTO auth_permission VALUES(95,24,'delete_session','Can delete session');
INSERT INTO auth_permission VALUES(96,24,'view_session','Can view session');
INSERT INTO auth_permission VALUES(97,25,'add_blacklistedtoken','Can add blacklisted token');
INSERT INTO auth_permission VALUES(98,25,'change_blacklistedtoken','Can change blacklisted token');
INSERT INTO auth_permission VALUES(99,25,'delete_blacklistedtoken','Can delete blacklisted token');
INSERT INTO auth_permission VALUES(100,25,'view_blacklistedtoken','Can view blacklisted token');
INSERT INTO auth_permission VALUES(101,26,'add_outstandingtoken','Can add outstanding token');
INSERT INTO auth_permission VALUES(102,26,'change_outstandingtoken','Can change outstanding token');
INSERT INTO auth_permission VALUES(103,26,'delete_outstandingtoken','Can delete outstanding token');
INSERT INTO auth_permission VALUES(104,26,'view_outstandingtoken','Can view outstanding token');
INSERT INTO auth_permission VALUES(105,27,'add_paymenthistory','Can add payment history');
INSERT INTO auth_permission VALUES(106,27,'change_paymenthistory','Can change payment history');
INSERT INTO auth_permission VALUES(107,27,'delete_paymenthistory','Can delete payment history');
INSERT INTO auth_permission VALUES(108,27,'view_paymenthistory','Can view payment history');
INSERT INTO auth_permission VALUES(109,28,'add_address','Can add address');
INSERT INTO auth_permission VALUES(110,28,'change_address','Can change address');
INSERT INTO auth_permission VALUES(111,28,'delete_address','Can delete address');
INSERT INTO auth_permission VALUES(112,28,'view_address','Can view address');
INSERT INTO auth_permission VALUES(113,29,'add_wishlistitem','Can add wishlist item');
INSERT INTO auth_permission VALUES(114,29,'change_wishlistitem','Can change wishlist item');
INSERT INTO auth_permission VALUES(115,29,'delete_wishlistitem','Can delete wishlist item');
INSERT INTO auth_permission VALUES(116,29,'view_wishlistitem','Can view wishlist item');
INSERT INTO auth_permission VALUES(117,30,'add_wishlist','Can add wishlist');
INSERT INTO auth_permission VALUES(118,30,'change_wishlist','Can change wishlist');
INSERT INTO auth_permission VALUES(119,30,'delete_wishlist','Can delete wishlist');
INSERT INTO auth_permission VALUES(120,30,'view_wishlist','Can view wishlist');
INSERT INTO auth_permission VALUES(121,31,'add_review','Can add review');
INSERT INTO auth_permission VALUES(122,31,'change_review','Can change review');
INSERT INTO auth_permission VALUES(123,31,'delete_review','Can delete review');
INSERT INTO auth_permission VALUES(124,31,'view_review','Can view review');
INSERT INTO auth_permission VALUES(125,32,'add_returnorder','Can add return order');
INSERT INTO auth_permission VALUES(126,32,'change_returnorder','Can change return order');
INSERT INTO auth_permission VALUES(127,32,'delete_returnorder','Can delete return order');
INSERT INTO auth_permission VALUES(128,32,'view_returnorder','Can view return order');
INSERT INTO auth_permission VALUES(129,33,'add_collection','Can add collection');
INSERT INTO auth_permission VALUES(130,33,'change_collection','Can change collection');
INSERT INTO auth_permission VALUES(131,33,'delete_collection','Can delete collection');
INSERT INTO auth_permission VALUES(132,33,'view_collection','Can view collection');
INSERT INTO auth_permission VALUES(133,34,'add_collectionitem','Can add collection item');
INSERT INTO auth_permission VALUES(134,34,'change_collectionitem','Can change collection item');
INSERT INTO auth_permission VALUES(135,34,'delete_collectionitem','Can delete collection item');
INSERT INTO auth_permission VALUES(136,34,'view_collectionitem','Can view collection item');
INSERT INTO auth_permission VALUES(137,35,'add_coupon','Can add coupon');
INSERT INTO auth_permission VALUES(138,35,'change_coupon','Can change coupon');
INSERT INTO auth_permission VALUES(139,35,'delete_coupon','Can delete coupon');
INSERT INTO auth_permission VALUES(140,35,'view_coupon','Can view coupon');
INSERT INTO auth_permission VALUES(141,36,'add_deliveryrequest','Can add delivery request');
INSERT INTO auth_permission VALUES(142,36,'change_deliveryrequest','Can change delivery request');
INSERT INTO auth_permission VALUES(143,36,'delete_deliveryrequest','Can delete delivery request');
INSERT INTO auth_permission VALUES(144,36,'view_deliveryrequest','Can view delivery request');
INSERT INTO auth_permission VALUES(145,37,'add_balancetransaction','Can add balance transaction');
INSERT INTO auth_permission VALUES(146,37,'change_balancetransaction','Can change balance transaction');
INSERT INTO auth_permission VALUES(147,37,'delete_balancetransaction','Can delete balance transaction');
INSERT INTO auth_permission VALUES(148,37,'view_balancetransaction','Can view balance transaction');
INSERT INTO auth_permission VALUES(149,38,'add_returnrequest','Can add return request');
INSERT INTO auth_permission VALUES(150,38,'change_returnrequest','Can change return request');
INSERT INTO auth_permission VALUES(151,38,'delete_returnrequest','Can delete return request');
INSERT INTO auth_permission VALUES(152,38,'view_returnrequest','Can view return request');
INSERT INTO auth_permission VALUES(153,39,'add_returnitem','Can add return item');
INSERT INTO auth_permission VALUES(154,39,'change_returnitem','Can change return item');
INSERT INTO auth_permission VALUES(155,39,'delete_returnitem','Can delete return item');
INSERT INTO auth_permission VALUES(156,39,'view_returnitem','Can view return item');
INSERT INTO auth_permission VALUES(157,40,'add_deliveryorder','Can add delivery order');
INSERT INTO auth_permission VALUES(158,40,'change_deliveryorder','Can change delivery order');
INSERT INTO auth_permission VALUES(159,40,'delete_deliveryorder','Can delete delivery order');
INSERT INTO auth_permission VALUES(160,40,'view_deliveryorder','Can view delivery order');
INSERT INTO auth_permission VALUES(161,41,'add_notification','Can add notification');
INSERT INTO auth_permission VALUES(162,41,'change_notification','Can change notification');
INSERT INTO auth_permission VALUES(163,41,'delete_notification','Can delete notification');
INSERT INTO auth_permission VALUES(164,41,'view_notification','Can view notification');
INSERT INTO auth_permission VALUES(165,42,'add_conversation','Can add conversation');
INSERT INTO auth_permission VALUES(166,42,'change_conversation','Can change conversation');
INSERT INTO auth_permission VALUES(167,42,'delete_conversation','Can delete conversation');
INSERT INTO auth_permission VALUES(168,42,'view_conversation','Can view conversation');
INSERT INTO auth_permission VALUES(169,43,'add_message','Can add message');
INSERT INTO auth_permission VALUES(170,43,'change_message','Can change message');
INSERT INTO auth_permission VALUES(171,43,'delete_message','Can delete message');
INSERT INTO auth_permission VALUES(172,43,'view_message','Can view message');
INSERT INTO auth_permission VALUES(173,44,'add_warehouse','Can add warehouse');
INSERT INTO auth_permission VALUES(174,44,'change_warehouse','Can change warehouse');
INSERT INTO auth_permission VALUES(175,44,'delete_warehouse','Can delete warehouse');
INSERT INTO auth_permission VALUES(176,44,'view_warehouse','Can view warehouse');
INSERT INTO auth_permission VALUES(177,45,'add_balance_withdraw_request','Can add balance_ withdraw_ request');
INSERT INTO auth_permission VALUES(178,45,'change_balance_withdraw_request','Can change balance_ withdraw_ request');
INSERT INTO auth_permission VALUES(179,45,'delete_balance_withdraw_request','Can delete balance_ withdraw_ request');
INSERT INTO auth_permission VALUES(180,45,'view_balance_withdraw_request','Can view balance_ withdraw_ request');
INSERT INTO auth_permission VALUES(181,46,'add_transactions','Can add transactions');
INSERT INTO auth_permission VALUES(182,46,'change_transactions','Can change transactions');
INSERT INTO auth_permission VALUES(183,46,'delete_transactions','Can delete transactions');
INSERT INTO auth_permission VALUES(184,46,'view_transactions','Can view transactions');
INSERT INTO auth_permission VALUES(185,47,'add_returnrequest','Can add return request');
INSERT INTO auth_permission VALUES(186,47,'change_returnrequest','Can change return request');
INSERT INTO auth_permission VALUES(187,47,'delete_returnrequest','Can delete return request');
INSERT INTO auth_permission VALUES(188,47,'view_returnrequest','Can view return request');
INSERT INTO auth_permission VALUES(189,48,'add_balance_withdraw_request','Can add balance_ withdraw_ request');
INSERT INTO auth_permission VALUES(190,48,'change_balance_withdraw_request','Can change balance_ withdraw_ request');
INSERT INTO auth_permission VALUES(191,48,'delete_balance_withdraw_request','Can delete balance_ withdraw_ request');
INSERT INTO auth_permission VALUES(192,48,'view_balance_withdraw_request','Can view balance_ withdraw_ request');
INSERT INTO auth_permission VALUES(193,49,'add_transactions','Can add transactions');
INSERT INTO auth_permission VALUES(194,49,'change_transactions','Can change transactions');
INSERT INTO auth_permission VALUES(195,49,'delete_transactions','Can delete transactions');
INSERT INTO auth_permission VALUES(196,49,'view_transactions','Can view transactions');
INSERT INTO auth_permission VALUES(197,50,'add_deliveryreturnrequest','Can add delivery return request');
INSERT INTO auth_permission VALUES(198,50,'change_deliveryreturnrequest','Can change delivery return request');
INSERT INTO auth_permission VALUES(199,50,'delete_deliveryreturnrequest','Can delete delivery return request');
INSERT INTO auth_permission VALUES(200,50,'view_deliveryreturnrequest','Can view delivery return request');
INSERT INTO auth_permission VALUES(201,51,'add_theme','Can add Theme');
INSERT INTO auth_permission VALUES(202,51,'change_theme','Can change Theme');
INSERT INTO auth_permission VALUES(203,51,'delete_theme','Can delete Theme');
INSERT INTO auth_permission VALUES(204,51,'view_theme','Can view Theme');
CREATE TABLE IF NOT EXISTS "auth_group" ("id" integer NOT NULL PRIMARY KEY AUTOINCREMENT, "name" varchar(150) NOT NULL UNIQUE);
CREATE TABLE IF NOT EXISTS "accounts_user_groups" ("id" integer NOT NULL PRIMARY KEY AUTOINCREMENT, "user_id" bigint NOT NULL REFERENCES "accounts_user" ("id") DEFERRABLE INITIALLY DEFERRED, "group_id" integer NOT NULL REFERENCES "auth_group" ("id") DEFERRABLE INITIALLY DEFERRED);
CREATE TABLE IF NOT EXISTS "accounts_user_user_permissions" ("id" integer NOT NULL PRIMARY KEY AUTOINCREMENT, "user_id" bigint NOT NULL REFERENCES "accounts_user" ("id") DEFERRABLE INITIALLY DEFERRED, "permission_id" integer NOT NULL REFERENCES "auth_permission" ("id") DEFERRABLE INITIALLY DEFERRED);
INSERT INTO accounts_user_user_permissions VALUES(1,3,18);
INSERT INTO accounts_user_user_permissions VALUES(2,18,1);
INSERT INTO accounts_user_user_permissions VALUES(3,18,2);
INSERT INTO accounts_user_user_permissions VALUES(4,18,3);
INSERT INTO accounts_user_user_permissions VALUES(5,18,4);
INSERT INTO accounts_user_user_permissions VALUES(6,18,5);
INSERT INTO accounts_user_user_permissions VALUES(7,18,6);
INSERT INTO accounts_user_user_permissions VALUES(8,18,7);
INSERT INTO accounts_user_user_permissions VALUES(9,18,8);
INSERT INTO accounts_user_user_permissions VALUES(10,18,9);
INSERT INTO accounts_user_user_permissions VALUES(11,18,10);
INSERT INTO accounts_user_user_permissions VALUES(12,18,11);
INSERT INTO accounts_user_user_permissions VALUES(13,18,12);
INSERT INTO accounts_user_user_permissions VALUES(14,18,13);
INSERT INTO accounts_user_user_permissions VALUES(15,18,14);
INSERT INTO accounts_user_user_permissions VALUES(16,18,15);
INSERT INTO accounts_user_user_permissions VALUES(17,18,16);
INSERT INTO accounts_user_user_permissions VALUES(18,18,17);
INSERT INTO accounts_user_user_permissions VALUES(19,18,18);
INSERT INTO accounts_user_user_permissions VALUES(20,18,19);
INSERT INTO accounts_user_user_permissions VALUES(21,18,20);
INSERT INTO accounts_user_user_permissions VALUES(22,18,21);
INSERT INTO accounts_user_user_permissions VALUES(23,18,22);
INSERT INTO accounts_user_user_permissions VALUES(24,18,23);
INSERT INTO accounts_user_user_permissions VALUES(25,18,24);
INSERT INTO accounts_user_user_permissions VALUES(26,18,25);
INSERT INTO accounts_user_user_permissions VALUES(27,18,26);
INSERT INTO accounts_user_user_permissions VALUES(28,18,27);
INSERT INTO accounts_user_user_permissions VALUES(29,18,28);
INSERT INTO accounts_user_user_permissions VALUES(30,18,29);
INSERT INTO accounts_user_user_permissions VALUES(31,18,30);
INSERT INTO accounts_user_user_permissions VALUES(32,18,31);
INSERT INTO accounts_user_user_permissions VALUES(33,18,32);
INSERT INTO accounts_user_user_permissions VALUES(34,18,33);
INSERT INTO accounts_user_user_permissions VALUES(35,18,34);
INSERT INTO accounts_user_user_permissions VALUES(36,18,35);
INSERT INTO accounts_user_user_permissions VALUES(37,18,36);
INSERT INTO accounts_user_user_permissions VALUES(38,18,37);
INSERT INTO accounts_user_user_permissions VALUES(39,18,38);
INSERT INTO accounts_user_user_permissions VALUES(40,18,39);
INSERT INTO accounts_user_user_permissions VALUES(41,18,40);
INSERT INTO accounts_user_user_permissions VALUES(42,18,41);
INSERT INTO accounts_user_user_permissions VALUES(43,18,42);
INSERT INTO accounts_user_user_permissions VALUES(44,18,43);
INSERT INTO accounts_user_user_permissions VALUES(45,18,44);
INSERT INTO accounts_user_user_permissions VALUES(46,18,45);
INSERT INTO accounts_user_user_permissions VALUES(47,18,46);
INSERT INTO accounts_user_user_permissions VALUES(48,18,47);
INSERT INTO accounts_user_user_permissions VALUES(49,18,48);
INSERT INTO accounts_user_user_permissions VALUES(50,18,49);
INSERT INTO accounts_user_user_permissions VALUES(51,18,50);
INSERT INTO accounts_user_user_permissions VALUES(52,18,51);
INSERT INTO accounts_user_user_permissions VALUES(53,18,52);
INSERT INTO accounts_user_user_permissions VALUES(54,18,53);
INSERT INTO accounts_user_user_permissions VALUES(55,18,54);
INSERT INTO accounts_user_user_permissions VALUES(56,18,55);
INSERT INTO accounts_user_user_permissions VALUES(57,18,56);
INSERT INTO accounts_user_user_permissions VALUES(58,18,57);
INSERT INTO accounts_user_user_permissions VALUES(59,18,58);
INSERT INTO accounts_user_user_permissions VALUES(60,18,59);
INSERT INTO accounts_user_user_permissions VALUES(61,18,60);
INSERT INTO accounts_user_user_permissions VALUES(62,18,61);
INSERT INTO accounts_user_user_permissions VALUES(63,18,62);
INSERT INTO accounts_user_user_permissions VALUES(64,18,63);
INSERT INTO accounts_user_user_permissions VALUES(65,18,64);
INSERT INTO accounts_user_user_permissions VALUES(66,18,65);
INSERT INTO accounts_user_user_permissions VALUES(67,18,66);
INSERT INTO accounts_user_user_permissions VALUES(68,18,67);
INSERT INTO accounts_user_user_permissions VALUES(69,18,68);
INSERT INTO accounts_user_user_permissions VALUES(70,18,69);
INSERT INTO accounts_user_user_permissions VALUES(71,18,70);
INSERT INTO accounts_user_user_permissions VALUES(72,18,71);
INSERT INTO accounts_user_user_permissions VALUES(73,18,72);
INSERT INTO accounts_user_user_permissions VALUES(74,18,73);
INSERT INTO accounts_user_user_permissions VALUES(75,18,74);
INSERT INTO accounts_user_user_permissions VALUES(76,18,75);
INSERT INTO accounts_user_user_permissions VALUES(77,18,76);
INSERT INTO accounts_user_user_permissions VALUES(78,18,77);
INSERT INTO accounts_user_user_permissions VALUES(79,18,78);
INSERT INTO accounts_user_user_permissions VALUES(80,18,79);
INSERT INTO accounts_user_user_permissions VALUES(81,18,80);
INSERT INTO accounts_user_user_permissions VALUES(82,18,81);
INSERT INTO accounts_user_user_permissions VALUES(83,18,82);
INSERT INTO accounts_user_user_permissions VALUES(84,18,83);
INSERT INTO accounts_user_user_permissions VALUES(85,18,84);
INSERT INTO accounts_user_user_permissions VALUES(86,18,85);
INSERT INTO accounts_user_user_permissions VALUES(87,18,86);
INSERT INTO accounts_user_user_permissions VALUES(88,18,87);
INSERT INTO accounts_user_user_permissions VALUES(89,18,88);
INSERT INTO accounts_user_user_permissions VALUES(90,18,89);
INSERT INTO accounts_user_user_permissions VALUES(91,18,90);
INSERT INTO accounts_user_user_permissions VALUES(92,18,91);
INSERT INTO accounts_user_user_permissions VALUES(93,18,92);
INSERT INTO accounts_user_user_permissions VALUES(94,18,93);
INSERT INTO accounts_user_user_permissions VALUES(95,18,94);
INSERT INTO accounts_user_user_permissions VALUES(96,18,95);
INSERT INTO accounts_user_user_permissions VALUES(97,18,96);
INSERT INTO accounts_user_user_permissions VALUES(98,18,97);
INSERT INTO accounts_user_user_permissions VALUES(99,18,98);
INSERT INTO accounts_user_user_permissions VALUES(100,18,99);
INSERT INTO accounts_user_user_permissions VALUES(101,18,100);
INSERT INTO accounts_user_user_permissions VALUES(102,18,101);
INSERT INTO accounts_user_user_permissions VALUES(103,18,102);
INSERT INTO accounts_user_user_permissions VALUES(104,18,103);
INSERT INTO accounts_user_user_permissions VALUES(105,18,104);
INSERT INTO accounts_user_user_permissions VALUES(106,18,105);
INSERT INTO accounts_user_user_permissions VALUES(107,18,106);
INSERT INTO accounts_user_user_permissions VALUES(108,18,107);
INSERT INTO accounts_user_user_permissions VALUES(109,18,108);
INSERT INTO accounts_user_user_permissions VALUES(110,18,109);
INSERT INTO accounts_user_user_permissions VALUES(111,18,110);
INSERT INTO accounts_user_user_permissions VALUES(112,18,111);
INSERT INTO accounts_user_user_permissions VALUES(113,18,112);
INSERT INTO accounts_user_user_permissions VALUES(114,18,113);
INSERT INTO accounts_user_user_permissions VALUES(115,18,114);
INSERT INTO accounts_user_user_permissions VALUES(116,18,115);
INSERT INTO accounts_user_user_permissions VALUES(117,18,116);
INSERT INTO accounts_user_user_permissions VALUES(118,18,117);
INSERT INTO accounts_user_user_permissions VALUES(119,18,118);
INSERT INTO accounts_user_user_permissions VALUES(120,18,119);
INSERT INTO accounts_user_user_permissions VALUES(121,18,120);
INSERT INTO accounts_user_user_permissions VALUES(122,18,121);
INSERT INTO accounts_user_user_permissions VALUES(123,18,122);
INSERT INTO accounts_user_user_permissions VALUES(124,18,123);
INSERT INTO accounts_user_user_permissions VALUES(125,18,124);
INSERT INTO accounts_user_user_permissions VALUES(126,18,125);
INSERT INTO accounts_user_user_permissions VALUES(127,18,126);
INSERT INTO accounts_user_user_permissions VALUES(128,18,127);
INSERT INTO accounts_user_user_permissions VALUES(129,18,128);
INSERT INTO accounts_user_user_permissions VALUES(130,18,129);
INSERT INTO accounts_user_user_permissions VALUES(131,18,130);
INSERT INTO accounts_user_user_permissions VALUES(132,18,131);
INSERT INTO accounts_user_user_permissions VALUES(133,18,132);
INSERT INTO accounts_user_user_permissions VALUES(134,18,133);
INSERT INTO accounts_user_user_permissions VALUES(135,18,134);
INSERT INTO accounts_user_user_permissions VALUES(136,18,135);
INSERT INTO accounts_user_user_permissions VALUES(137,18,136);
INSERT INTO accounts_user_user_permissions VALUES(138,18,137);
INSERT INTO accounts_user_user_permissions VALUES(139,18,138);
INSERT INTO accounts_user_user_permissions VALUES(140,18,139);
INSERT INTO accounts_user_user_permissions VALUES(141,18,140);
INSERT INTO accounts_user_user_permissions VALUES(142,18,141);
INSERT INTO accounts_user_user_permissions VALUES(143,18,142);
INSERT INTO accounts_user_user_permissions VALUES(144,18,143);
INSERT INTO accounts_user_user_permissions VALUES(145,18,144);
INSERT INTO accounts_user_user_permissions VALUES(146,18,145);
INSERT INTO accounts_user_user_permissions VALUES(147,18,146);
INSERT INTO accounts_user_user_permissions VALUES(148,18,147);
INSERT INTO accounts_user_user_permissions VALUES(149,18,148);
INSERT INTO accounts_user_user_permissions VALUES(150,18,149);
INSERT INTO accounts_user_user_permissions VALUES(151,18,150);
INSERT INTO accounts_user_user_permissions VALUES(152,18,151);
INSERT INTO accounts_user_user_permissions VALUES(153,18,152);
INSERT INTO accounts_user_user_permissions VALUES(154,18,153);
INSERT INTO accounts_user_user_permissions VALUES(155,18,154);
INSERT INTO accounts_user_user_permissions VALUES(156,18,155);
INSERT INTO accounts_user_user_permissions VALUES(157,18,156);
INSERT INTO accounts_user_user_permissions VALUES(158,18,157);
INSERT INTO accounts_user_user_permissions VALUES(159,18,158);
INSERT INTO accounts_user_user_permissions VALUES(160,18,159);
INSERT INTO accounts_user_user_permissions VALUES(161,18,160);
INSERT INTO accounts_user_user_permissions VALUES(162,18,161);
INSERT INTO accounts_user_user_permissions VALUES(163,18,162);
INSERT INTO accounts_user_user_permissions VALUES(164,18,163);
INSERT INTO accounts_user_user_permissions VALUES(165,18,164);
INSERT INTO accounts_user_user_permissions VALUES(166,18,165);
INSERT INTO accounts_user_user_permissions VALUES(167,18,166);
INSERT INTO accounts_user_user_permissions VALUES(168,18,167);
INSERT INTO accounts_user_user_permissions VALUES(169,18,168);
INSERT INTO accounts_user_user_permissions VALUES(170,18,169);
INSERT INTO accounts_user_user_permissions VALUES(171,18,170);
INSERT INTO accounts_user_user_permissions VALUES(172,18,171);
INSERT INTO accounts_user_user_permissions VALUES(173,18,172);
INSERT INTO accounts_user_user_permissions VALUES(174,18,173);
INSERT INTO accounts_user_user_permissions VALUES(175,18,174);
INSERT INTO accounts_user_user_permissions VALUES(176,18,175);
INSERT INTO accounts_user_user_permissions VALUES(177,18,176);
INSERT INTO accounts_user_user_permissions VALUES(178,18,177);
INSERT INTO accounts_user_user_permissions VALUES(179,18,178);
INSERT INTO accounts_user_user_permissions VALUES(180,18,179);
INSERT INTO accounts_user_user_permissions VALUES(181,18,180);
INSERT INTO accounts_user_user_permissions VALUES(182,18,181);
INSERT INTO accounts_user_user_permissions VALUES(183,18,182);
INSERT INTO accounts_user_user_permissions VALUES(184,18,183);
INSERT INTO accounts_user_user_permissions VALUES(185,18,184);
INSERT INTO accounts_user_user_permissions VALUES(186,18,185);
INSERT INTO accounts_user_user_permissions VALUES(187,18,186);
INSERT INTO accounts_user_user_permissions VALUES(188,18,187);
INSERT INTO accounts_user_user_permissions VALUES(189,18,188);
INSERT INTO accounts_user_user_permissions VALUES(190,18,189);
INSERT INTO accounts_user_user_permissions VALUES(191,18,190);
INSERT INTO accounts_user_user_permissions VALUES(192,18,191);
INSERT INTO accounts_user_user_permissions VALUES(193,18,192);
INSERT INTO accounts_user_user_permissions VALUES(194,18,193);
INSERT INTO accounts_user_user_permissions VALUES(195,18,194);
INSERT INTO accounts_user_user_permissions VALUES(196,18,195);
INSERT INTO accounts_user_user_permissions VALUES(197,18,196);
INSERT INTO accounts_user_user_permissions VALUES(198,18,197);
INSERT INTO accounts_user_user_permissions VALUES(199,18,198);
INSERT INTO accounts_user_user_permissions VALUES(200,18,199);
INSERT INTO accounts_user_user_permissions VALUES(201,18,200);
CREATE TABLE IF NOT EXISTS "accounts_customer" ("id" integer NOT NULL PRIMARY KEY AUTOINCREMENT, "CustomerPhoto" varchar(100) NULL, "CreditCardNO" varchar(20) NULL, "CreditCardType" varchar(50) NULL, "CreditCardMonth" varchar(2) NULL, "CreditCardYear" varchar(4) NULL, "CreditCVV" varchar(3) NOT NULL, "user_id" bigint NOT NULL UNIQUE REFERENCES "accounts_user" ("id") DEFERRABLE INITIALLY DEFERRED);
INSERT INTO accounts_customer VALUES(1,'',NULL,NULL,NULL,NULL,'12',2);
INSERT INTO accounts_customer VALUES(2,'',NULL,NULL,NULL,NULL,'',5);
INSERT INTO accounts_customer VALUES(3,'',NULL,NULL,NULL,NULL,'123',6);
INSERT INTO accounts_customer VALUES(4,'',NULL,NULL,NULL,NULL,'',10);
INSERT INTO accounts_customer VALUES(5,'',NULL,NULL,NULL,NULL,'',11);
INSERT INTO accounts_customer VALUES(6,'',NULL,NULL,NULL,NULL,'',12);
INSERT INTO accounts_customer VALUES(7,'',NULL,NULL,NULL,NULL,'',13);
INSERT INTO accounts_customer VALUES(8,'',NULL,NULL,NULL,NULL,'',14);
INSERT INTO accounts_customer VALUES(9,'',NULL,NULL,NULL,NULL,'',15);
INSERT INTO accounts_customer VALUES(10,'',NULL,NULL,NULL,NULL,'',17);
INSERT INTO accounts_customer VALUES(11,'',NULL,NULL,NULL,NULL,'',31);
INSERT INTO accounts_customer VALUES(12,'',NULL,NULL,NULL,NULL,'',32);
CREATE TABLE IF NOT EXISTS "accounts_follow" ("id" integer NOT NULL PRIMARY KEY AUTOINCREMENT, "Customer_id" bigint NOT NULL REFERENCES "accounts_customer" ("id") DEFERRABLE INITIALLY DEFERRED, "Supplier_id" bigint NOT NULL REFERENCES "accounts_supplier" ("id") DEFERRABLE INITIALLY DEFERRED);
CREATE TABLE IF NOT EXISTS "products_category" ("CategoryID" integer NOT NULL PRIMARY KEY AUTOINCREMENT, "Title" varchar(100) NOT NULL, "Description" text NOT NULL, "Picture" varchar(100) NULL, "Active" bool NOT NULL, "Slug" varchar(50) NULL UNIQUE);
INSERT INTO products_category VALUES(2,'bamboo','Lorem ipsum dolor sit amet, consectetur adipiscing elit. Cras viverra condimentum metus, at rhoncus massa suscipit imperdiet. Fusce facilisis sed sapien non egestas. Ut sit amet eleifend nisl. Praesent vitae urna metus. Morbi vel porta dolor. Aliquam condimentum tristique tellus, sed facilisis ligula faucibus et.','category_images/24/07/06/bamboo_0.jpg',1,'bamboo');
INSERT INTO products_category VALUES(3,'candles','Lorem ipsum dolor sit amet, consectetur adipiscing elit. Cras viverra condimentum metus, at rhoncus massa suscipit imperdiet. Fusce facilisis sed sapien non egestas. Ut sit amet eleifend nisl. Praesent vitae urna metus. Morbi vel porta dolor. Aliquam condimentum tristique tellus, sed facilisis ligula faucibus et.','category_images/24/07/06/candles_25.jpg',1,'candles');
INSERT INTO products_category VALUES(4,'carpets','Lorem ipsum dolor sit amet, consectetur adipiscing elit. Cras viverra condimentum metus, at rhoncus massa suscipit imperdiet. Fusce facilisis sed sapien non egestas. Ut sit amet eleifend nisl. Praesent vitae urna metus. Morbi vel porta dolor. Aliquam condimentum tristique tellus, sed facilisis ligula faucibus et.','category_images/24/07/06/carpets_39.jpg',1,'carpets');
INSERT INTO products_category VALUES(5,'crocheting','Lorem ipsum dolor sit amet, consectetur adipiscing elit. Cras viverra condimentum metus, at rhoncus massa suscipit imperdiet. Fusce facilisis sed sapien non egestas. Ut sit amet eleifend nisl. Praesent vitae urna metus. Morbi vel porta dolor. Aliquam condimentum tristique tellus, sed facilisis ligula faucibus et.','category_images/24/07/06/crocheting_30.jpg',1,'crocheting');
INSERT INTO products_category VALUES(6,'jewelry','Lorem ipsum dolor sit amet, consectetur adipiscing elit. Cras viverra condimentum metus, at rhoncus massa suscipit imperdiet. Fusce facilisis sed sapien non egestas. Ut sit amet eleifend nisl. Praesent vitae urna metus. Morbi vel porta dolor. Aliquam condimentum tristique tellus, sed facilisis ligula faucibus et.','category_images/24/07/06/jewelry_50.jpg',1,'jewelry');
INSERT INTO products_category VALUES(7,'leather','Lorem ipsum dolor sit amet, consectetur adipiscing elit. Cras viverra condimentum metus, at rhoncus massa suscipit imperdiet. Fusce facilisis sed sapien non egestas. Ut sit amet eleifend nisl. Praesent vitae urna metus. Morbi vel porta dolor. Aliquam condimentum tristique tellus, sed facilisis ligula faucibus et.','category_images/24/07/06/leather_7.jpg',1,'leather');
INSERT INTO products_category VALUES(8,'pottery','Lorem ipsum dolor sit amet, consectetur adipiscing elit. Cras viverra condimentum metus, at rhoncus massa suscipit imperdiet. Fusce facilisis sed sapien non egestas. Ut sit amet eleifend nisl. Praesent vitae urna metus. Morbi vel porta dolor. Aliquam condimentum tristique tellus, sed facilisis ligula faucibus et.','category_images/24/07/06/pottery_4.jpg',1,'pottery');
INSERT INTO products_category VALUES(9,'sewing','Lorem ipsum dolor sit amet, consectetur adipiscing elit. Cras viverra condimentum metus, at rhoncus massa suscipit imperdiet. Fusce facilisis sed sapien non egestas. Ut sit amet eleifend nisl. Praesent vitae urna metus. Morbi vel porta dolor. Aliquam condimentum tristique tellus, sed facilisis ligula faucibus et.','category_images/24/07/06/sewing_2.jpg',1,'sewing');
INSERT INTO products_category VALUES(10,'soap','Lorem ipsum dolor sit amet, consectetur adipiscing elit. Cras viverra condimentum metus, at rhoncus massa suscipit imperdiet. Fusce facilisis sed sapien non egestas. Ut sit amet eleifend nisl. Praesent vitae urna metus. Morbi vel porta dolor. Aliquam condimentum tristique tellus, sed facilisis ligula faucibus et.','category_images/24/07/06/soap_4.jpg',1,'soap');
INSERT INTO products_category VALUES(11,'wooden','Lorem ipsum dolor sit amet, consectetur adipiscing elit. Cras viverra condimentum metus, at rhoncus massa suscipit imperdiet. Fusce facilisis sed sapien non egestas. Ut sit amet eleifend nisl. Praesent vitae urna metus. Morbi vel porta dolor. Aliquam condimentum tristique tellus, sed facilisis ligula faucibus et.','category_images/24/07/06/wooden_14.jpg',1,'wooden');
CREATE TABLE IF NOT EXISTS "products_matcategory" ("MatID" integer NOT NULL PRIMARY KEY AUTOINCREMENT, "Title" varchar(100) NOT NULL, "Picture" varchar(100) NULL, "Active" bool NOT NULL, "Slug" varchar(50) NULL UNIQUE);
CREATE TABLE IF NOT EXISTS "products_procolors" ("id" integer NOT NULL PRIMARY KEY AUTOINCREMENT, "Color" varchar(20) NULL, "product_id" integer NOT NULL REFERENCES "products_product" ("id") DEFERRABLE INITIALLY DEFERRED);
INSERT INTO products_procolors VALUES(19,'woody',2);
INSERT INTO products_procolors VALUES(20,'woody',3);
INSERT INTO products_procolors VALUES(21,'woody',4);
INSERT INTO products_procolors VALUES(22,'pink',5);
INSERT INTO products_procolors VALUES(23,'white',6);
INSERT INTO products_procolors VALUES(24,'red',7);
INSERT INTO products_procolors VALUES(25,'red',8);
INSERT INTO products_procolors VALUES(26,'white',9);
INSERT INTO products_procolors VALUES(27,'gray',10);
INSERT INTO products_procolors VALUES(28,'yellow',11);
INSERT INTO products_procolors VALUES(29,'brown',12);
INSERT INTO products_procolors VALUES(30,'blue',13);
INSERT INTO products_procolors VALUES(31,'silver',14);
INSERT INTO products_procolors VALUES(32,'blue',15);
INSERT INTO products_procolors VALUES(33,'brown',16);
INSERT INTO products_procolors VALUES(34,'brown',17);
INSERT INTO products_procolors VALUES(35,'black',18);
INSERT INTO products_procolors VALUES(36,'white',19);
INSERT INTO products_procolors VALUES(37,'brown',20);
INSERT INTO products_procolors VALUES(38,'green',21);
INSERT INTO products_procolors VALUES(39,'gray',22);
INSERT INTO products_procolors VALUES(40,'yellow',23);
INSERT INTO products_procolors VALUES(41,'red',24);
INSERT INTO products_procolors VALUES(42,'green',25);
INSERT INTO products_procolors VALUES(43,'woody',26);
INSERT INTO products_procolors VALUES(44,'woody',27);
CREATE TABLE IF NOT EXISTS "products_prosizes" ("id" integer NOT NULL PRIMARY KEY AUTOINCREMENT, "Size" varchar(20) NULL, "product_id" integer NOT NULL REFERENCES "products_product" ("id") DEFERRABLE INITIALLY DEFERRED);
INSERT INTO products_prosizes VALUES(19,'L',2);
INSERT INTO products_prosizes VALUES(20,'S,L,XL',3);
INSERT INTO products_prosizes VALUES(21,'S,L,XL',4);
INSERT INTO products_prosizes VALUES(22,'S',5);
INSERT INTO products_prosizes VALUES(23,'L',6);
INSERT INTO products_prosizes VALUES(24,'L',7);
INSERT INTO products_prosizes VALUES(25,'S,L,XL',8);
INSERT INTO products_prosizes VALUES(26,'S,L,XL',9);
INSERT INTO products_prosizes VALUES(27,'S,L,XL',10);
INSERT INTO products_prosizes VALUES(28,'L',11);
INSERT INTO products_prosizes VALUES(29,'S',12);
INSERT INTO products_prosizes VALUES(30,'S',13);
INSERT INTO products_prosizes VALUES(31,'S,L,XL',14);
INSERT INTO products_prosizes VALUES(32,'L',15);
INSERT INTO products_prosizes VALUES(33,'L',16);
INSERT INTO products_prosizes VALUES(34,'S',17);
INSERT INTO products_prosizes VALUES(35,'L',18);
INSERT INTO products_prosizes VALUES(36,'S,L',19);
INSERT INTO products_prosizes VALUES(37,'S,XS,L,XL,XXL',20);
INSERT INTO products_prosizes VALUES(38,'S,L,XL',21);
INSERT INTO products_prosizes VALUES(39,'S,L,XL',22);
INSERT INTO products_prosizes VALUES(40,'L',23);
INSERT INTO products_prosizes VALUES(41,'S,L',24);
INSERT INTO products_prosizes VALUES(42,'S,L,XL',25);
INSERT INTO products_prosizes VALUES(43,'L',26);
INSERT INTO products_prosizes VALUES(44,'S,L',27);
CREATE TABLE IF NOT EXISTS "orders_cart" ("id" char(32) NOT NULL PRIMARY KEY, "Created_at" datetime NULL, "User_id" bigint NOT NULL UNIQUE REFERENCES "accounts_user" ("id") DEFERRABLE INITIALLY DEFERRED);
CREATE TABLE IF NOT EXISTS "orders_orderitem" ("id" char(32) NOT NULL PRIMARY KEY, "quantity" integer unsigned NOT NULL CHECK ("quantity" >= 0), "price" decimal NOT NULL, "created_at" datetime NOT NULL, "updated_at" datetime NOT NULL, "order_id" char(32) NOT NULL REFERENCES "orders_order" ("id") DEFERRABLE INITIALLY DEFERRED, "product_id" integer NOT NULL REFERENCES "products_product" ("id") DEFERRABLE INITIALLY DEFERRED);
CREATE TABLE IF NOT EXISTS "course_coursevideos" ("VideoID" integer NOT NULL PRIMARY KEY AUTOINCREMENT, "LectureTitle" varchar(100) NOT NULL, "VideoNo" integer NOT NULL, "Description" text NOT NULL, "VideoFile" varchar(100) NOT NULL, "CourseID_id" integer NOT NULL REFERENCES "course_course" ("CourseID") DEFERRABLE INITIALLY DEFERRED);
CREATE TABLE IF NOT EXISTS "course_enrollment" ("EnrollmentID" integer NOT NULL PRIMARY KEY AUTOINCREMENT, "EnrollmentDate" datetime NOT NULL, "Course_id" integer NOT NULL REFERENCES "course_course" ("CourseID") DEFERRABLE INITIALLY DEFERRED, "Customer_id" bigint NOT NULL REFERENCES "accounts_customer" ("id") DEFERRABLE INITIALLY DEFERRED);
CREATE TABLE IF NOT EXISTS "django_admin_log" ("id" integer NOT NULL PRIMARY KEY AUTOINCREMENT, "object_id" text NULL, "object_repr" varchar(200) NOT NULL, "action_flag" smallint unsigned NOT NULL CHECK ("action_flag" >= 0), "change_message" text NOT NULL, "content_type_id" integer NULL REFERENCES "django_content_type" ("id") DEFERRABLE INITIALLY DEFERRED, "user_id" bigint NOT NULL REFERENCES "accounts_user" ("id") DEFERRABLE INITIALLY DEFERRED, "action_time" datetime NOT NULL);
INSERT INTO django_admin_log VALUES(1,'2','customer1@customer.com',1,'[{"added": {}}]',4,1,'2024-04-29 16:32:12.710336');
INSERT INTO django_admin_log VALUES(2,'3','supplier1@supplier.com',1,'[{"added": {}}]',4,1,'2024-04-29 16:32:42.290516');
INSERT INTO django_admin_log VALUES(3,'4','delivery1@delivery.com',1,'[{"added": {}}]',4,1,'2024-04-29 16:33:05.565109');
INSERT INTO django_admin_log VALUES(4,'1','hesh ash',1,'[{"added": {}}]',5,1,'2024-04-29 16:33:20.754631');
INSERT INTO django_admin_log VALUES(5,'1','hesh ash',1,'[{"added": {}}]',6,1,'2024-04-29 16:34:03.901613');
INSERT INTO django_admin_log VALUES(6,'1','hesh ash',1,'[{"added": {}}]',8,1,'2024-04-29 16:34:25.514124');
INSERT INTO django_admin_log VALUES(7,'1','wood',1,'[{"added": {}}]',10,1,'2024-04-29 16:34:43.837109');
INSERT INTO django_admin_log VALUES(8,'1','',1,'[{"added": {}}]',12,1,'2024-04-29 16:34:55.322479');
INSERT INTO django_admin_log VALUES(9,'2','wewe',1,'[{"added": {}}]',12,1,'2024-04-29 16:35:16.923926');
INSERT INTO django_admin_log VALUES(10,'d4996d7d-bacb-463b-a24c-a8b513bb835b','Order d4996d7d-bacb-463b-a24c-a8b513bb835b by supplier1@supplier.com',3,'',21,1,'2024-04-29 22:10:51.157231');
INSERT INTO django_admin_log VALUES(11,'fb5d7bea-9e04-43b1-95ab-b5f3cb79ff52','Order fb5d7bea-9e04-43b1-95ab-b5f3cb79ff52 by supplier1@supplier.com',3,'',21,1,'2024-04-29 23:02:00.520007');
INSERT INTO django_admin_log VALUES(12,'abda72bc-8d0a-4f68-b513-26fb4e4b89fc','Order abda72bc-8d0a-4f68-b513-26fb4e4b89fc by supplier1@supplier.com',3,'',21,1,'2024-04-29 23:02:00.687304');
INSERT INTO django_admin_log VALUES(13,'015f21e8-0cad-422d-b443-ed072d2ffd27','Order 015f21e8-0cad-422d-b443-ed072d2ffd27 by supplier1@supplier.com',3,'',21,1,'2024-04-29 23:02:00.831731');
INSERT INTO django_admin_log VALUES(14,'ac605e7e-9679-46b2-a695-695f0accc984','Order ac605e7e-9679-46b2-a695-695f0accc984 by supplier1@supplier.com',3,'',21,1,'2024-04-29 23:02:00.997674');
INSERT INTO django_admin_log VALUES(15,'4dff9a6f-aa47-4cfc-b744-b52d4a3a77cd','Order 4dff9a6f-aa47-4cfc-b744-b52d4a3a77cd by supplier1@supplier.com',3,'',21,1,'2024-04-29 23:32:16.076636');
INSERT INTO django_admin_log VALUES(16,'3ccec49c-e52f-4c3e-980b-8c61ad52f0a7','Order 3ccec49c-e52f-4c3e-980b-8c61ad52f0a7 by supplier1@supplier.com',3,'',21,1,'2024-04-29 23:32:16.238197');
INSERT INTO django_admin_log VALUES(17,'efa1d7ad-aa5f-4236-b742-45de508e4c7e','Order efa1d7ad-aa5f-4236-b742-45de508e4c7e by supplier1@supplier.com',3,'',21,1,'2024-04-29 23:32:16.399965');
INSERT INTO django_admin_log VALUES(18,'1b0b6347-bde3-41e7-bdab-7f4b99985a9d','Order 1b0b6347-bde3-41e7-bdab-7f4b99985a9d by supplier1@supplier.com',3,'',21,1,'2024-04-29 23:32:16.548413');
INSERT INTO django_admin_log VALUES(19,'076cbd83-4a42-4da1-a991-55d6d69c6ce6','Order 076cbd83-4a42-4da1-a991-55d6d69c6ce6 by supplier1@supplier.com',3,'',21,1,'2024-04-29 23:32:16.682140');
INSERT INTO django_admin_log VALUES(20,'399217c6-d858-441c-a4d9-e2f82497a3ac','Order 399217c6-d858-441c-a4d9-e2f82497a3ac by supplier1@supplier.com',3,'',21,1,'2024-04-29 23:32:16.826418');
INSERT INTO django_admin_log VALUES(21,'3','supplier1@supplier.com',2,'[{"changed": {"fields": ["Is active"]}}]',4,1,'2024-05-04 20:58:26.573127');
INSERT INTO django_admin_log VALUES(22,'6','dah512509@gmail.com',1,'[{"added": {}}]',4,1,'2024-05-04 20:59:33.374994');
INSERT INTO django_admin_log VALUES(23,'6','dah512509@gmail.com',2,'[{"changed": {"fields": ["Is active"]}}]',4,1,'2024-05-04 20:59:45.911297');
INSERT INTO django_admin_log VALUES(24,'6','dah512509@gmail.com',2,'[{"changed": {"fields": ["Is supplier"]}}]',4,1,'2024-05-04 21:00:01.386293');
INSERT INTO django_admin_log VALUES(25,'6','dah512509@gmail.com',2,'[{"changed": {"fields": ["Last password reset request"]}}]',4,1,'2024-05-04 21:00:29.359769');
INSERT INTO django_admin_log VALUES(26,'3','supplier1@supplier.com',2,'[{"changed": {"fields": ["Is active"]}}]',4,1,'2024-05-04 21:00:40.025269');
INSERT INTO django_admin_log VALUES(27,'2','wwwww eeeee',1,'[{"added": {}}]',8,1,'2024-05-04 21:02:00.695414');
INSERT INTO django_admin_log VALUES(28,'6','dah512509@gmail.com',2,'[{"changed": {"fields": ["Is active"]}}]',4,1,'2024-05-04 21:02:13.942533');
INSERT INTO django_admin_log VALUES(29,'6','dah512509@gmail.com',2,'[{"changed": {"fields": ["Is verified", "Is active"]}}]',4,1,'2024-05-04 21:02:24.384725');
INSERT INTO django_admin_log VALUES(30,'2','wewe',2,'[{"changed": {"fields": ["Stock", "OutOfStock"]}}]',12,1,'2024-05-04 21:12:47.237525');
INSERT INTO django_admin_log VALUES(31,'2','wewe',2,'[{"changed": {"fields": ["OutOfStock"]}}]',12,1,'2024-05-04 21:13:02.001956');
INSERT INTO django_admin_log VALUES(32,'1','mat',1,'[{"added": {}}]',11,1,'2024-05-04 21:15:49.245899');
INSERT INTO django_admin_log VALUES(33,'5','sdsdsssscscs',2,'[{"changed": {"fields": ["MatCategory"]}}]',12,1,'2024-05-04 21:16:03.603081');
INSERT INTO django_admin_log VALUES(34,'5','sdsdsssscscs',2,'[{"changed": {"fields": ["OutOfStock"]}}]',12,1,'2024-05-04 21:16:20.224523');
INSERT INTO django_admin_log VALUES(35,'7114051b-9eb9-4e25-ab88-81acda726ce5','Cart object (7114051b-9eb9-4e25-ab88-81acda726ce5)',3,'',19,1,'2024-05-04 21:41:02.703406');
INSERT INTO django_admin_log VALUES(36,'46dfc629-cd69-425f-aad7-28a2f55ee01f','Cart object (46dfc629-cd69-425f-aad7-28a2f55ee01f)',3,'',19,1,'2024-05-04 21:41:02.710050');
INSERT INTO django_admin_log VALUES(37,'31','CartItems object (31)',3,'',20,1,'2024-05-04 21:48:25.933903');
INSERT INTO django_admin_log VALUES(38,'32','CartItems object (32)',3,'',20,1,'2024-05-04 21:49:13.166631');
INSERT INTO django_admin_log VALUES(39,'1','Waleed Darwesh',1,'[{"added": {}}]',28,1,'2024-05-04 23:04:13.735425');
INSERT INTO django_admin_log VALUES(40,'f3f7528c-530d-49d2-b7d9-a8f00cf03af9','Cart object (f3f7528c-530d-49d2-b7d9-a8f00cf03af9)',3,'',19,1,'2024-05-05 15:08:26.057548');
INSERT INTO django_admin_log VALUES(41,'3','Review object (3)',3,'',31,1,'2024-05-05 20:14:32.928599');
INSERT INTO django_admin_log VALUES(42,'2','Review object (2)',3,'',31,1,'2024-05-05 20:14:32.936693');
INSERT INTO django_admin_log VALUES(43,'1','Review object (1)',3,'',31,1,'2024-05-05 20:14:32.936693');
INSERT INTO django_admin_log VALUES(44,'6','dah512509@gmail.com',2,'[{"changed": {"fields": ["Is verified"]}}]',4,1,'2024-05-05 20:38:13.910553');
INSERT INTO django_admin_log VALUES(45,'4','Review object (4)',3,'',31,1,'2024-05-05 20:39:02.835369');
INSERT INTO django_admin_log VALUES(46,'1','aasa',1,'[{"added": {}}]',16,1,'2024-05-05 20:53:29.568891');
INSERT INTO django_admin_log VALUES(47,'1','aasa',2,'[{"changed": {"fields": ["Supplier"]}}]',16,1,'2024-05-05 20:55:18.375572');
INSERT INTO django_admin_log VALUES(48,'8','Review object (8)',3,'',31,1,'2024-05-05 21:04:32.458113');
INSERT INTO django_admin_log VALUES(49,'9','Review object (9)',3,'',31,1,'2024-05-05 21:30:16.419460');
INSERT INTO django_admin_log VALUES(50,'12','Review object (12)',2,'[{"changed": {"fields": ["Product"]}}]',31,1,'2024-05-05 21:32:40.187478');
INSERT INTO django_admin_log VALUES(51,'12','Review object (12)',2,'[{"changed": {"fields": ["Product"]}}]',31,1,'2024-05-05 21:32:51.383422');
INSERT INTO django_admin_log VALUES(52,'6','dah512509@gmail.com',2,'[{"changed": {"fields": ["Is customer", "Is supplier"]}}]',4,1,'2024-05-05 21:35:52.009579');
INSERT INTO django_admin_log VALUES(53,'3','wwwww eeeee',1,'[{"added": {}}]',5,1,'2024-05-05 21:36:17.971965');
INSERT INTO django_admin_log VALUES(54,'1','',2,'[{"changed": {"fields": ["QuantityPerUnit", "Stock"]}}]',12,1,'2024-05-06 15:58:26.390045');
INSERT INTO django_admin_log VALUES(55,'1','',2,'[{"changed": {"fields": ["Stock"]}}]',12,1,'2024-05-07 23:39:20.733341');
INSERT INTO django_admin_log VALUES(56,'1','',2,'[{"changed": {"fields": ["Stock"]}}]',12,1,'2024-05-08 00:11:13.818493');
INSERT INTO django_admin_log VALUES(57,'1','',2,'[{"changed": {"fields": ["Stock"]}}]',12,1,'2024-05-08 00:22:06.138475');
INSERT INTO django_admin_log VALUES(58,'1','',2,'[{"changed": {"fields": ["Stock"]}}]',12,1,'2024-05-08 00:24:16.741406');
INSERT INTO django_admin_log VALUES(59,'1','',2,'[{"changed": {"fields": ["Stock"]}}]',12,1,'2024-05-08 00:27:42.979878');
INSERT INTO django_admin_log VALUES(60,'1','',2,'[{"changed": {"fields": ["Stock"]}}]',12,1,'2024-05-08 00:28:21.637557');
INSERT INTO django_admin_log VALUES(61,'1','',2,'[{"changed": {"fields": ["Stock"]}}]',12,1,'2024-05-08 00:31:30.125142');
INSERT INTO django_admin_log VALUES(62,'1','',2,'[]',12,1,'2024-05-08 00:31:33.577588');
INSERT INTO django_admin_log VALUES(63,'1','',2,'[{"changed": {"fields": ["Stock"]}}]',12,1,'2024-05-08 00:32:35.390575');
INSERT INTO django_admin_log VALUES(64,'1','',2,'[]',12,1,'2024-05-08 00:32:38.314851');
INSERT INTO django_admin_log VALUES(65,'1','',2,'[]',12,1,'2024-05-08 00:37:12.341198');
INSERT INTO django_admin_log VALUES(66,'1','',2,'[{"changed": {"fields": ["Stock"]}}]',12,1,'2024-05-08 00:37:18.120268');
INSERT INTO django_admin_log VALUES(67,'1','',2,'[]',12,1,'2024-05-08 00:37:21.247812');
INSERT INTO django_admin_log VALUES(68,'1','',2,'[]',12,1,'2024-05-08 00:37:34.262240');
INSERT INTO django_admin_log VALUES(69,'1','',2,'[]',12,1,'2024-05-08 00:37:37.346122');
INSERT INTO django_admin_log VALUES(70,'1','',2,'[{"changed": {"fields": ["Stock"]}}]',12,1,'2024-05-08 00:37:50.831633');
INSERT INTO django_admin_log VALUES(71,'1','',2,'[]',12,1,'2024-05-08 00:37:54.080645');
INSERT INTO django_admin_log VALUES(72,'1','',2,'[]',12,1,'2024-05-08 00:40:10.272996');
INSERT INTO django_admin_log VALUES(73,'1','',2,'[{"changed": {"fields": ["Stock"]}}]',12,1,'2024-05-08 00:40:15.769303');
INSERT INTO django_admin_log VALUES(74,'1','',2,'[]',12,1,'2024-05-08 00:40:18.562433');
INSERT INTO django_admin_log VALUES(75,'1','',2,'[{"changed": {"fields": ["Stock"]}}]',12,1,'2024-05-08 00:41:34.509494');
INSERT INTO django_admin_log VALUES(76,'1','',2,'[]',12,1,'2024-05-08 00:42:48.818725');
INSERT INTO django_admin_log VALUES(77,'1','',2,'[]',12,1,'2024-05-08 00:42:56.643988');
INSERT INTO django_admin_log VALUES(78,'1','',2,'[{"changed": {"fields": ["Stock"]}}]',12,1,'2024-05-08 00:43:07.384042');
INSERT INTO django_admin_log VALUES(79,'1','',2,'[]',12,1,'2024-05-08 00:43:25.180668');
INSERT INTO django_admin_log VALUES(80,'1','',2,'[{"changed": {"fields": ["Stock"]}}]',12,1,'2024-05-08 00:44:18.486839');
INSERT INTO django_admin_log VALUES(81,'1','',2,'[{"changed": {"fields": ["OutOfStock"]}}]',12,1,'2024-05-08 00:44:21.801762');
INSERT INTO django_admin_log VALUES(82,'1','',2,'[]',12,1,'2024-05-08 00:53:01.228510');
INSERT INTO django_admin_log VALUES(83,'1','',2,'[]',12,1,'2024-05-08 00:53:04.199885');
INSERT INTO django_admin_log VALUES(84,'1','',2,'[]',12,1,'2024-05-08 00:57:50.762424');
INSERT INTO django_admin_log VALUES(85,'1','',2,'[{"changed": {"fields": ["Stock"]}}]',12,1,'2024-05-08 01:00:52.505123');
INSERT INTO django_admin_log VALUES(86,'1','',2,'[]',12,1,'2024-05-08 01:00:56.400792');
INSERT INTO django_admin_log VALUES(87,'1','',2,'[]',12,1,'2024-05-08 01:01:18.768962');
INSERT INTO django_admin_log VALUES(88,'1','',2,'[]',12,1,'2024-05-08 01:02:09.748465');
INSERT INTO django_admin_log VALUES(89,'1','',2,'[{"changed": {"fields": ["Stock"]}}]',12,1,'2024-05-08 01:02:39.872841');
INSERT INTO django_admin_log VALUES(90,'1','',2,'[]',12,1,'2024-05-08 01:02:54.133083');
INSERT INTO django_admin_log VALUES(91,'1','',2,'[]',12,1,'2024-05-08 01:02:58.195954');
INSERT INTO django_admin_log VALUES(92,'1','',2,'[]',12,1,'2024-05-08 01:04:19.950909');
INSERT INTO django_admin_log VALUES(93,'1','',2,'[]',12,1,'2024-05-08 01:04:31.659531');
INSERT INTO django_admin_log VALUES(94,'1','',2,'[]',12,1,'2024-05-08 01:06:10.962986');
INSERT INTO django_admin_log VALUES(95,'1','',2,'[]',12,1,'2024-05-08 01:06:25.974919');
INSERT INTO django_admin_log VALUES(96,'1','',2,'[]',12,1,'2024-05-08 01:06:29.293849');
INSERT INTO django_admin_log VALUES(97,'1','',2,'[{"changed": {"fields": ["Stock"]}}]',12,1,'2024-05-08 01:09:07.758400');
INSERT INTO django_admin_log VALUES(98,'1','',2,'[]',12,1,'2024-05-08 01:09:19.660187');
INSERT INTO django_admin_log VALUES(99,'1','',2,'[{"changed": {"fields": ["Stock"]}}]',12,1,'2024-05-08 01:10:12.973020');
INSERT INTO django_admin_log VALUES(100,'1','',2,'[]',12,1,'2024-05-08 01:10:27.347037');
INSERT INTO django_admin_log VALUES(101,'1','',2,'[]',12,1,'2024-05-08 01:10:30.662501');
INSERT INTO django_admin_log VALUES(102,'1','',2,'[{"changed": {"fields": ["Stock"]}}]',12,1,'2024-05-08 01:11:31.191842');
INSERT INTO django_admin_log VALUES(103,'1','',2,'[]',12,1,'2024-05-08 01:11:44.781294');
INSERT INTO django_admin_log VALUES(104,'1','',2,'[{"changed": {"fields": ["Stock"]}}]',12,1,'2024-05-08 01:12:39.481672');
INSERT INTO django_admin_log VALUES(105,'1','',2,'[]',12,1,'2024-05-08 01:12:49.538744');
INSERT INTO django_admin_log VALUES(106,'1','',2,'[{"changed": {"fields": ["Stock"]}}]',12,1,'2024-05-08 21:43:30.912875');
INSERT INTO django_admin_log VALUES(107,'1','',2,'[{"changed": {"fields": ["Stock"]}}]',12,1,'2024-05-08 21:44:28.598185');
INSERT INTO django_admin_log VALUES(108,'1','',2,'[{"changed": {"fields": ["Stock"]}}]',12,1,'2024-05-08 22:10:09.520588');
INSERT INTO django_admin_log VALUES(109,'1','',2,'[]',12,1,'2024-05-08 22:10:12.894949');
INSERT INTO django_admin_log VALUES(110,'1','',2,'[{"changed": {"fields": ["Stock"]}}]',12,1,'2024-05-08 22:11:16.796683');
INSERT INTO django_admin_log VALUES(111,'1','',2,'[]',12,1,'2024-05-08 22:11:29.205926');
INSERT INTO django_admin_log VALUES(112,'1','',2,'[{"changed": {"fields": ["OutOfStock"]}}]',12,1,'2024-05-08 22:37:08.338829');
INSERT INTO django_admin_log VALUES(113,'1','',2,'[]',12,1,'2024-05-08 22:37:11.262909');
INSERT INTO django_admin_log VALUES(114,'1','',2,'[{"changed": {"fields": ["Stock"]}}]',12,1,'2024-05-08 22:40:45.859459');
INSERT INTO django_admin_log VALUES(115,'1','',2,'[]',12,1,'2024-05-08 22:41:03.187004');
INSERT INTO django_admin_log VALUES(116,'1','',2,'[{"changed": {"fields": ["Stock"]}}]',12,1,'2024-05-08 22:43:34.115136');
INSERT INTO django_admin_log VALUES(117,'1','',2,'[{"changed": {"fields": ["Stock", "OutOfStock"]}}]',12,1,'2024-05-08 22:44:36.892231');
INSERT INTO django_admin_log VALUES(118,'1','',2,'[]',12,1,'2024-05-08 22:44:50.343038');
INSERT INTO django_admin_log VALUES(119,'16','waleeddarwesh@gmail.com',2,'[{"changed": {"fields": ["Is verified"]}}]',4,1,'2024-05-18 18:21:26.508315');
INSERT INTO django_admin_log VALUES(120,'2','wewe',2,'[{"changed": {"fields": ["Stock"]}}]',12,1,'2024-05-18 23:14:56.044288');
INSERT INTO django_admin_log VALUES(121,'4','ax4',3,'',35,1,'2024-05-18 23:55:49.586643');
INSERT INTO django_admin_log VALUES(122,'3','ax3',3,'',35,1,'2024-05-18 23:55:49.591459');
INSERT INTO django_admin_log VALUES(123,'2','ax2',3,'',35,1,'2024-05-18 23:55:49.594253');
INSERT INTO django_admin_log VALUES(124,'1','ax',3,'',35,1,'2024-05-18 23:55:49.594253');
INSERT INTO django_admin_log VALUES(125,'11','ax77',3,'',35,1,'2024-05-19 00:06:56.308985');
INSERT INTO django_admin_log VALUES(126,'10','ax59',3,'',35,1,'2024-05-19 00:06:56.321781');
INSERT INTO django_admin_log VALUES(127,'9','ax55',3,'',35,1,'2024-05-19 00:06:56.325809');
INSERT INTO django_admin_log VALUES(128,'8','ax4',3,'',35,1,'2024-05-19 00:06:56.325809');
INSERT INTO django_admin_log VALUES(129,'7','ax9',3,'',35,1,'2024-05-19 00:06:56.325809');
INSERT INTO django_admin_log VALUES(130,'6','ax6',3,'',35,1,'2024-05-19 00:06:56.325809');
INSERT INTO django_admin_log VALUES(131,'5','ax5',3,'',35,1,'2024-05-19 00:06:56.341461');
INSERT INTO django_admin_log VALUES(132,'1','',2,'[{"changed": {"fields": ["Stock"]}}]',12,1,'2024-05-19 00:25:05.471200');
INSERT INTO django_admin_log VALUES(133,'6','col a',2,'[]',12,1,'2024-05-19 02:03:45.270311');
INSERT INTO django_admin_log VALUES(134,'7','col a',2,'[]',12,1,'2024-05-19 02:04:51.164076');
INSERT INTO django_admin_log VALUES(135,'17','Customer1@gmail.com',2,'[{"changed": {"fields": ["Is verified"]}}]',4,1,'2024-06-19 16:43:56.758291');
INSERT INTO django_admin_log VALUES(136,'19','Review object (19)',3,'',31,1,'2024-06-19 22:21:07.331563');
INSERT INTO django_admin_log VALUES(137,'18','Review object (18)',3,'',31,1,'2024-06-19 22:21:07.337173');
INSERT INTO django_admin_log VALUES(138,'16','Review object (16)',3,'',31,1,'2024-06-19 22:21:07.342097');
INSERT INTO django_admin_log VALUES(139,'14','Review object (14)',3,'',31,1,'2024-06-19 22:21:07.347093');
INSERT INTO django_admin_log VALUES(140,'13','Review object (13)',3,'',31,1,'2024-06-19 22:21:07.351534');
INSERT INTO django_admin_log VALUES(141,'12','Review object (12)',3,'',31,1,'2024-06-19 22:21:07.356538');
INSERT INTO django_admin_log VALUES(142,'11','Review object (11)',3,'',31,1,'2024-06-19 22:21:07.360548');
INSERT INTO django_admin_log VALUES(143,'10','Review object (10)',3,'',31,1,'2024-06-19 22:21:07.364548');
INSERT INTO django_admin_log VALUES(144,'7','Review object (7)',3,'',31,1,'2024-06-19 22:21:07.368766');
INSERT INTO django_admin_log VALUES(145,'6','Review object (6)',3,'',31,1,'2024-06-19 22:21:07.372764');
INSERT INTO django_admin_log VALUES(146,'19','Review object (19)',3,'',31,1,'2024-06-19 22:24:28.649334');
INSERT INTO django_admin_log VALUES(147,'18','Review object (18)',3,'',31,1,'2024-06-19 22:24:28.654363');
INSERT INTO django_admin_log VALUES(148,'16','Review object (16)',3,'',31,1,'2024-06-19 22:24:28.659343');
INSERT INTO django_admin_log VALUES(149,'14','Review object (14)',3,'',31,1,'2024-06-19 22:24:28.663329');
INSERT INTO django_admin_log VALUES(150,'13','Review object (13)',3,'',31,1,'2024-06-19 22:24:28.667329');
INSERT INTO django_admin_log VALUES(151,'12','Review object (12)',3,'',31,1,'2024-06-19 22:24:28.671329');
INSERT INTO django_admin_log VALUES(152,'11','Review object (11)',3,'',31,1,'2024-06-19 22:24:28.679329');
INSERT INTO django_admin_log VALUES(153,'10','Review object (10)',3,'',31,1,'2024-06-19 22:24:28.683329');
INSERT INTO django_admin_log VALUES(154,'7','Review object (7)',3,'',31,1,'2024-06-19 22:24:28.688328');
INSERT INTO django_admin_log VALUES(155,'6','Review object (6)',3,'',31,1,'2024-06-19 22:24:28.692365');
INSERT INTO django_admin_log VALUES(156,'23','Review object (23)',2,'[{"changed": {"fields": ["Ease of place order", "Speed of delivery", "Product packaging"]}}]',31,1,'2024-06-19 22:53:17.514614');
INSERT INTO django_admin_log VALUES(157,'21','Review object (21)',2,'[{"changed": {"fields": ["Rating"]}}]',31,1,'2024-06-19 22:56:03.188682');
INSERT INTO django_admin_log VALUES(158,'1','',2,'[{"changed": {"fields": ["Stock"]}}]',12,1,'2024-06-21 07:03:45.039949');
INSERT INTO django_admin_log VALUES(159,'1','',2,'[{"changed": {"fields": ["Stock"]}}]',12,1,'2024-06-21 07:12:36.880998');
INSERT INTO django_admin_log VALUES(160,'5','Hesham Ashraf',1,'[{"added": {}}]',28,1,'2024-06-23 21:41:21.901753');
INSERT INTO django_admin_log VALUES(161,'6','Hesh Ash',1,'[{"added": {}}]',28,1,'2024-06-23 21:41:27.872396');
INSERT INTO django_admin_log VALUES(162,'7','Hesh Ash',1,'[{"added": {}}]',28,1,'2024-06-23 21:41:34.121978');
INSERT INTO django_admin_log VALUES(163,'8','Hesh Ash',1,'[{"added": {}}]',28,1,'2024-06-23 21:41:40.631111');
INSERT INTO django_admin_log VALUES(164,'9','Waleed Darwesh',1,'[{"added": {}}]',28,1,'2024-06-23 21:41:46.819776');
INSERT INTO django_admin_log VALUES(165,'10','Wwwww Eeeee',1,'[{"added": {}}]',28,1,'2024-06-23 21:41:52.700701');
INSERT INTO django_admin_log VALUES(166,'11','Waleed Darwesh',1,'[{"added": {}}]',28,1,'2024-06-23 21:41:59.802239');
INSERT INTO django_admin_log VALUES(167,'12','Waleed Darwesh',1,'[{"added": {}}]',28,1,'2024-06-23 21:42:06.983390');
INSERT INTO django_admin_log VALUES(168,'13','Waleed Darwesh',1,'[{"added": {}}]',28,1,'2024-06-23 21:42:18.919390');
INSERT INTO django_admin_log VALUES(169,'14','Wwwww Eeeee',1,'[{"added": {}}]',28,1,'2024-06-23 21:42:22.953574');
INSERT INTO django_admin_log VALUES(170,'15','Wwwww Eeeee',1,'[{"added": {}}]',28,1,'2024-06-23 21:42:28.720498');
INSERT INTO django_admin_log VALUES(171,'16','Wwwww Eeeee',1,'[{"added": {}}]',28,1,'2024-06-23 21:42:32.462273');
INSERT INTO django_admin_log VALUES(172,'17','Wwwww Eeeee',1,'[{"added": {}}]',28,1,'2024-06-23 21:42:36.408831');
INSERT INTO django_admin_log VALUES(173,'18','Wwwww Eeeee',1,'[{"added": {}}]',28,1,'2024-06-23 21:42:40.219941');
INSERT INTO django_admin_log VALUES(174,'19','Wwwww Eeeee',1,'[{"added": {}}]',28,1,'2024-06-23 21:42:44.097706');
INSERT INTO django_admin_log VALUES(175,'20','Waleed Darwesh',1,'[{"added": {}}]',28,1,'2024-06-23 21:42:49.210615');
INSERT INTO django_admin_log VALUES(176,'21','Waleed Darwesh',1,'[{"added": {}}]',28,1,'2024-06-23 21:42:53.258640');
INSERT INTO django_admin_log VALUES(177,'5','sdsdsssscscs',2,'[{"changed": {"fields": ["Stock"]}}]',12,1,'2024-06-23 21:44:18.574857');
INSERT INTO django_admin_log VALUES(178,'4','sdsdsssscscs',2,'[{"changed": {"fields": ["Stock"]}}]',12,1,'2024-06-23 21:44:25.785594');
INSERT INTO django_admin_log VALUES(179,'3','sdsdsssscscs',2,'[{"changed": {"fields": ["Stock"]}}]',12,1,'2024-06-23 21:44:32.028055');
INSERT INTO django_admin_log VALUES(180,'2','wewe',2,'[{"changed": {"fields": ["Stock"]}}]',12,1,'2024-06-23 21:44:44.255705');
INSERT INTO django_admin_log VALUES(181,'21','Address object (21)',2,'[{"changed": {"fields": ["State"]}}]',28,1,'2024-06-23 21:50:24.474535');
INSERT INTO django_admin_log VALUES(182,'9','Address object (9)',2,'[{"changed": {"fields": ["State"]}}]',28,1,'2024-06-23 21:50:40.169901');
INSERT INTO django_admin_log VALUES(183,'11','Waleed Darwesh',2,'[{"changed": {"fields": ["State"]}}]',28,1,'2024-06-23 21:51:26.342336');
INSERT INTO django_admin_log VALUES(184,'20','Waleed Darwesh',2,'[{"changed": {"fields": ["State"]}}]',28,1,'2024-06-23 21:51:32.337838');
INSERT INTO django_admin_log VALUES(185,'13','Waleed Darwesh',2,'[{"changed": {"fields": ["State"]}}]',28,1,'2024-06-23 21:51:37.076560');
INSERT INTO django_admin_log VALUES(186,'2','Waleed Darwesh',2,'[{"changed": {"fields": ["State"]}}]',28,1,'2024-06-23 21:51:52.085168');
INSERT INTO django_admin_log VALUES(187,'f9fd288b-30cb-46e8-b0e0-48a56cbbe775','Order f9fd288b-30cb-46e8-b0e0-48a56cbbe775 by Customer1@gmail.com',3,'',21,1,'2024-06-23 22:03:38.164636');
INSERT INTO django_admin_log VALUES(188,'b7e54c48-945a-4985-8bff-918134f9ee09','Order b7e54c48-945a-4985-8bff-918134f9ee09 by Customer1@gmail.com',3,'',21,1,'2024-06-23 22:03:38.172129');
INSERT INTO django_admin_log VALUES(189,'3cf5cc34-7254-4b6b-a284-263619ee0c70','Order 3cf5cc34-7254-4b6b-a284-263619ee0c70 by Customer1@gmail.com',3,'',21,1,'2024-06-23 22:03:38.172129');
INSERT INTO django_admin_log VALUES(190,'206c7758-d752-466c-b3ae-5272b661c0c5','Order 206c7758-d752-466c-b3ae-5272b661c0c5 by Customer1@gmail.com',3,'',21,1,'2024-06-23 22:03:38.172129');
INSERT INTO django_admin_log VALUES(191,'17f1855d-633b-4bb4-8bc4-168febfe2ccf','Order 17f1855d-633b-4bb4-8bc4-168febfe2ccf by Customer1@gmail.com',3,'',21,1,'2024-06-23 22:03:38.187755');
INSERT INTO django_admin_log VALUES(192,'81dc3be4-95cc-4896-a8d6-a24c785f1ff1','Order 81dc3be4-95cc-4896-a8d6-a24c785f1ff1 by Customer1@gmail.com',3,'',21,1,'2024-06-23 22:03:38.187755');
INSERT INTO django_admin_log VALUES(193,'f4a111bb-1f64-4b4f-a7d5-bdaa6926ce11','Order f4a111bb-1f64-4b4f-a7d5-bdaa6926ce11 by Customer1@gmail.com',3,'',21,1,'2024-06-23 22:03:38.187755');
INSERT INTO django_admin_log VALUES(194,'e4836f7b-edde-4683-a3aa-6119b777d399','Order e4836f7b-edde-4683-a3aa-6119b777d399 by Customer1@gmail.com',3,'',21,1,'2024-06-23 22:03:38.187755');
INSERT INTO django_admin_log VALUES(195,'d21bcee7-baf7-4bdf-b6c3-aee870856599','Order d21bcee7-baf7-4bdf-b6c3-aee870856599 by Customer1@gmail.com',3,'',21,1,'2024-06-23 22:03:38.203381');
INSERT INTO django_admin_log VALUES(196,'c52c8bf7-21b2-443a-a577-baae87e9bcce','Order c52c8bf7-21b2-443a-a577-baae87e9bcce by Customer1@gmail.com',3,'',21,1,'2024-06-23 22:03:38.212968');
INSERT INTO django_admin_log VALUES(197,'5ccaa904-b33f-469c-907c-a6b2296cfac8','Order 5ccaa904-b33f-469c-907c-a6b2296cfac8 by Customer1@gmail.com',3,'',21,1,'2024-06-23 22:03:38.218206');
INSERT INTO django_admin_log VALUES(198,'4719f8b1-ab33-4abe-979c-7e6d16d278f0','Order 4719f8b1-ab33-4abe-979c-7e6d16d278f0 by Customer1@gmail.com',3,'',21,1,'2024-06-23 22:03:38.218293');
INSERT INTO django_admin_log VALUES(199,'03c4a228-f794-4536-9807-54ede36092e3','Order 03c4a228-f794-4536-9807-54ede36092e3 by Customer1@gmail.com',3,'',21,1,'2024-06-23 22:03:38.218293');
INSERT INTO django_admin_log VALUES(200,'0b565e03-6895-46cc-a502-5b2b6bd2a39a','Order 0b565e03-6895-46cc-a502-5b2b6bd2a39a by Customer1@gmail.com',3,'',21,1,'2024-06-23 22:03:38.218293');
INSERT INTO django_admin_log VALUES(201,'cc268d3f-d574-4494-96b0-599398b960c8','Order cc268d3f-d574-4494-96b0-599398b960c8 by Customer1@gmail.com',3,'',21,1,'2024-06-23 22:03:38.237581');
INSERT INTO django_admin_log VALUES(202,'e923bab1-2f61-4831-9467-17d8d337793b','Order e923bab1-2f61-4831-9467-17d8d337793b by Customer1@gmail.com',3,'',21,1,'2024-06-23 22:03:38.243404');
INSERT INTO django_admin_log VALUES(203,'71bdc128-dbb8-47a0-8cd4-0c1d96cd8e1b','Order 71bdc128-dbb8-47a0-8cd4-0c1d96cd8e1b by Customer1@gmail.com',3,'',21,1,'2024-06-23 22:03:38.247418');
INSERT INTO django_admin_log VALUES(204,'19beb05a-22a1-41be-bcd8-cb3aabeae694','Order 19beb05a-22a1-41be-bcd8-cb3aabeae694 by waleeddarwesh@gmail.com',3,'',21,1,'2024-06-23 22:03:38.247418');
INSERT INTO django_admin_log VALUES(205,'ed055df7-9b3b-4fe1-9f09-906d057ec21c','Order ed055df7-9b3b-4fe1-9f09-906d057ec21c by waleeddarwesh@gmail.com',3,'',21,1,'2024-06-23 22:03:38.247418');
INSERT INTO django_admin_log VALUES(206,'c66414e0-339d-4a3c-8b3b-7e9ed778b2cf','Order c66414e0-339d-4a3c-8b3b-7e9ed778b2cf by waleeddarwesh@gmail.com',3,'',21,1,'2024-06-23 22:03:38.247418');
INSERT INTO django_admin_log VALUES(207,'7b25f273-6d54-4400-8496-f607baa01e25','Order 7b25f273-6d54-4400-8496-f607baa01e25 by waleeddarwesh@gmail.com',3,'',21,1,'2024-06-23 22:03:38.263067');
INSERT INTO django_admin_log VALUES(208,'3de73774-8186-40e2-8a66-82f654d70ba5','Order 3de73774-8186-40e2-8a66-82f654d70ba5 by waleeddarwesh@gmail.com',3,'',21,1,'2024-06-23 22:03:38.263067');
INSERT INTO django_admin_log VALUES(209,'41894604-fe32-4035-b5eb-3760ae2df1fd','Order 41894604-fe32-4035-b5eb-3760ae2df1fd by waleeddarwesh@gmail.com',3,'',21,1,'2024-06-23 22:03:38.263067');
INSERT INTO django_admin_log VALUES(210,'f3c733b3-3543-4773-9071-b985bb1fdfd7','Order f3c733b3-3543-4773-9071-b985bb1fdfd7 by waleeddarwesh@gmail.com',3,'',21,1,'2024-06-23 22:03:38.263067');
INSERT INTO django_admin_log VALUES(211,'da2a9bd7-3641-48ed-8136-d595649e4e23','Order da2a9bd7-3641-48ed-8136-d595649e4e23 by waleeddarwesh@gmail.com',3,'',21,1,'2024-06-23 22:03:38.278694');
INSERT INTO django_admin_log VALUES(212,'2b4cf503-4c2b-4d7e-a5a9-e44d869ffe31','Order 2b4cf503-4c2b-4d7e-a5a9-e44d869ffe31 by waleeddarwesh@gmail.com',3,'',21,1,'2024-06-23 22:03:38.278694');
INSERT INTO django_admin_log VALUES(213,'5be572c2-0d00-4c60-b3b1-bf2509b42ffe','Order 5be572c2-0d00-4c60-b3b1-bf2509b42ffe by waleeddarwesh@gmail.com',3,'',21,1,'2024-06-23 22:03:38.278694');
INSERT INTO django_admin_log VALUES(214,'55d6edee-c482-4f99-b398-ea482f6603e9','Order 55d6edee-c482-4f99-b398-ea482f6603e9 by waleeddarwesh@gmail.com',3,'',21,1,'2024-06-23 22:03:38.292796');
INSERT INTO django_admin_log VALUES(215,'75df0bdf-aa71-41fb-8810-e9acf5cea16e','Order 75df0bdf-aa71-41fb-8810-e9acf5cea16e by waleeddarwesh@gmail.com',3,'',21,1,'2024-06-23 22:03:38.297751');
INSERT INTO django_admin_log VALUES(216,'150d7612-f779-40c5-b54c-8a62e3ad1fb1','Order 150d7612-f779-40c5-b54c-8a62e3ad1fb1 by waleeddarwesh@gmail.com',3,'',21,1,'2024-06-23 22:03:38.298810');
INSERT INTO django_admin_log VALUES(217,'79cc1a4f-f90a-4a04-a7f8-b17714efddd9','Order 79cc1a4f-f90a-4a04-a7f8-b17714efddd9 by waleeddarwesh@gmail.com',3,'',21,1,'2024-06-23 22:03:38.305677');
INSERT INTO django_admin_log VALUES(218,'54b18d3b-aef5-4504-8e62-0e5bb0212e3a','Order 54b18d3b-aef5-4504-8e62-0e5bb0212e3a by waleeddarwesh@gmail.com',3,'',21,1,'2024-06-23 22:03:38.310119');
INSERT INTO django_admin_log VALUES(219,'7e4c070f-bd16-4f86-8d33-9d501724468f','Order 7e4c070f-bd16-4f86-8d33-9d501724468f by waleeddarwesh@gmail.com',3,'',21,1,'2024-06-23 22:03:38.311108');
INSERT INTO django_admin_log VALUES(220,'9d212592-c6b2-4d8b-bb0e-973bde45aa6d','Order 9d212592-c6b2-4d8b-bb0e-973bde45aa6d by waleeddarwesh@gmail.com',3,'',21,1,'2024-06-23 22:03:38.311108');
INSERT INTO django_admin_log VALUES(221,'cae3496b-85f8-4fb5-87a5-a9664fd48759','Order cae3496b-85f8-4fb5-87a5-a9664fd48759 by Waleed@gmail.com',3,'',21,1,'2024-06-23 22:03:38.323062');
INSERT INTO django_admin_log VALUES(222,'7767adea-b085-4cb4-868c-89f906386bb6','Order 7767adea-b085-4cb4-868c-89f906386bb6 by Waleed@gmail.com',3,'',21,1,'2024-06-23 22:03:38.327278');
INSERT INTO django_admin_log VALUES(223,'cd821cc0-07b4-46a1-a141-0ce707eab223','Order cd821cc0-07b4-46a1-a141-0ce707eab223 by Waleed@gmail.com',3,'',21,1,'2024-06-23 22:03:38.331655');
INSERT INTO django_admin_log VALUES(224,'9efb76b8-c6b1-4731-8e42-c9cddeb2aaf0','Order 9efb76b8-c6b1-4731-8e42-c9cddeb2aaf0 by Waleed@gmail.com',3,'',21,1,'2024-06-23 22:03:38.335530');
INSERT INTO django_admin_log VALUES(225,'4df02424-1d52-40ff-956e-dd0aaa8d796a','Order 4df02424-1d52-40ff-956e-dd0aaa8d796a by Waleed@gmail.com',3,'',21,1,'2024-06-23 22:03:38.340388');
INSERT INTO django_admin_log VALUES(226,'a25d912f-8403-48d3-a04d-f5739b4cb395','Order a25d912f-8403-48d3-a04d-f5739b4cb395 by Waleed@gmail.com',3,'',21,1,'2024-06-23 22:03:38.344479');
INSERT INTO django_admin_log VALUES(227,'73047b4e-19eb-43cd-a5d7-a47423b64e2b','Order 73047b4e-19eb-43cd-a5d7-a47423b64e2b by Waleed@gmail.com',3,'',21,1,'2024-06-23 22:03:38.348979');
INSERT INTO django_admin_log VALUES(228,'dc508aae-e53b-4826-9bad-8eac050bae67','Order dc508aae-e53b-4826-9bad-8eac050bae67 by Waleed@gmail.com',3,'',21,1,'2024-06-23 22:03:38.353905');
INSERT INTO django_admin_log VALUES(229,'6c49261e-3720-43fe-90ee-a0fa63e81f6c','Order 6c49261e-3720-43fe-90ee-a0fa63e81f6c by Waleed@gmail.com',3,'',21,1,'2024-06-23 22:03:38.357966');
INSERT INTO django_admin_log VALUES(230,'15a71a89-b2e6-4201-9696-763eff03c427','Order 15a71a89-b2e6-4201-9696-763eff03c427 by Waleed@gmail.com',3,'',21,1,'2024-06-23 22:03:38.366369');
INSERT INTO django_admin_log VALUES(231,'485a75dd-dd46-4fe8-a9a2-97ed7bdc8968','Order 485a75dd-dd46-4fe8-a9a2-97ed7bdc8968 by Waleed@gmail.com',3,'',21,1,'2024-06-23 22:03:38.371570');
INSERT INTO django_admin_log VALUES(232,'42562d4f-8ca7-495d-9939-713c2845a069','Order 42562d4f-8ca7-495d-9939-713c2845a069 by waleeddarwesh@gmail.com',3,'',21,1,'2024-06-23 22:03:38.375719');
INSERT INTO django_admin_log VALUES(233,'b41fdc9c-83c8-4a09-8ed6-e305ac4ff56f','Order b41fdc9c-83c8-4a09-8ed6-e305ac4ff56f by Waleed@gmail.com',3,'',21,1,'2024-06-23 22:03:38.380721');
INSERT INTO django_admin_log VALUES(234,'2249d1b4-89cc-4e33-9a61-8a662d920c22','Order 2249d1b4-89cc-4e33-9a61-8a662d920c22 by Waleed@gmail.com',3,'',21,1,'2024-06-23 22:03:38.385614');
INSERT INTO django_admin_log VALUES(235,'50967756-9a73-42a4-879a-97b455c02f24','Order 50967756-9a73-42a4-879a-97b455c02f24 by Waleed@gmail.com',3,'',21,1,'2024-06-23 22:03:38.390087');
INSERT INTO django_admin_log VALUES(236,'c1b9e028-239a-4072-b0b5-716738ae348c','Order c1b9e028-239a-4072-b0b5-716738ae348c by Waleed@gmail.com',3,'',21,1,'2024-06-23 22:03:38.394682');
INSERT INTO django_admin_log VALUES(237,'bb16ddbe-bfc6-44c9-a981-1b6d4214026b','Order bb16ddbe-bfc6-44c9-a981-1b6d4214026b by Waleed@gmail.com',3,'',21,1,'2024-06-23 22:03:38.399003');
INSERT INTO django_admin_log VALUES(238,'e9e72ae4-8e06-45c0-b066-9b3b2961d3fa','Order e9e72ae4-8e06-45c0-b066-9b3b2961d3fa by Waleed@gmail.com',3,'',21,1,'2024-06-23 22:03:38.403652');
INSERT INTO django_admin_log VALUES(239,'1f82c930-5680-459f-9c6c-c6a4432ac982','Order 1f82c930-5680-459f-9c6c-c6a4432ac982 by Waleed@gmail.com',3,'',21,1,'2024-06-23 22:03:38.408790');
INSERT INTO django_admin_log VALUES(240,'ae4a8e62-c157-4e32-850d-1d739cc3b5e9','Order ae4a8e62-c157-4e32-850d-1d739cc3b5e9 by Waleed@gmail.com',3,'',21,1,'2024-06-23 22:03:38.412549');
INSERT INTO django_admin_log VALUES(241,'69424c7e-d50f-4bd5-b436-d3532ed41c69','Order 69424c7e-d50f-4bd5-b436-d3532ed41c69 by Waleed@gmail.com',3,'',21,1,'2024-06-23 22:03:38.417576');
INSERT INTO django_admin_log VALUES(242,'558ef384-6372-4e9c-9a12-da11b10ef027','Order 558ef384-6372-4e9c-9a12-da11b10ef027 by Waleed@gmail.com',3,'',21,1,'2024-06-23 22:03:38.421698');
INSERT INTO django_admin_log VALUES(243,'ee61243e-d376-4080-91f0-e6b7b727ad66','Order ee61243e-d376-4080-91f0-e6b7b727ad66 by Waleed@gmail.com',3,'',21,1,'2024-06-23 22:03:38.426718');
INSERT INTO django_admin_log VALUES(244,'c5285003-7b0b-4595-9eb3-306829df8d95','Order c5285003-7b0b-4595-9eb3-306829df8d95 by Waleed@gmail.com',3,'',21,1,'2024-06-23 22:03:38.430529');
INSERT INTO django_admin_log VALUES(245,'ad745f07-7353-4aed-bc17-ba1c02bfa206','Order ad745f07-7353-4aed-bc17-ba1c02bfa206 by Waleed@gmail.com',3,'',21,1,'2024-06-23 22:03:38.434510');
INSERT INTO django_admin_log VALUES(246,'c96a301e-f8e1-46f6-91a1-db19473354d1','Order c96a301e-f8e1-46f6-91a1-db19473354d1 by Waleed@gmail.com',3,'',21,1,'2024-06-23 22:03:38.438671');
INSERT INTO django_admin_log VALUES(247,'2120402c-bad3-4846-b82c-b946a9fa34c9','Order 2120402c-bad3-4846-b82c-b946a9fa34c9 by Waleed@gmail.com',3,'',21,1,'2024-06-23 22:03:38.443628');
INSERT INTO django_admin_log VALUES(248,'c12bf004-029c-4cb5-b20b-d46163eb1a31','Order c12bf004-029c-4cb5-b20b-d46163eb1a31 by Waleed@gmail.com',3,'',21,1,'2024-06-23 22:03:38.447512');
INSERT INTO django_admin_log VALUES(249,'81c52821-25f3-4725-8782-d5e5e3e22b9f','Order 81c52821-25f3-4725-8782-d5e5e3e22b9f by Waleed@gmail.com',3,'',21,1,'2024-06-23 22:03:38.451726');
INSERT INTO django_admin_log VALUES(250,'3d626baa-dde0-4093-867b-42ee143d2e32','Order 3d626baa-dde0-4093-867b-42ee143d2e32 by Waleed@gmail.com',3,'',21,1,'2024-06-23 22:03:38.455895');
INSERT INTO django_admin_log VALUES(251,'29e06c1d-7042-4ae3-8988-f2804247a06d','Order 29e06c1d-7042-4ae3-8988-f2804247a06d by Waleed@gmail.com',3,'',21,1,'2024-06-23 22:03:38.461195');
INSERT INTO django_admin_log VALUES(252,'30e6afba-bd2a-48fe-8f09-6ea4d88a1f21','Order 30e6afba-bd2a-48fe-8f09-6ea4d88a1f21 by Waleed@gmail.com',3,'',21,1,'2024-06-23 22:03:38.465539');
INSERT INTO django_admin_log VALUES(253,'37d6b605-a7dd-48a7-9cd9-62671e1de654','Order 37d6b605-a7dd-48a7-9cd9-62671e1de654 by Waleed@gmail.com',3,'',21,1,'2024-06-23 22:03:38.470602');
INSERT INTO django_admin_log VALUES(254,'67fffb1d-1d0b-4611-8974-e0c4aaba7c03','Order 67fffb1d-1d0b-4611-8974-e0c4aaba7c03 by Waleed@gmail.com',3,'',21,1,'2024-06-23 22:03:38.474551');
INSERT INTO django_admin_log VALUES(255,'2a60e22e-0f45-45b8-859c-bf1bf9f8901d','Order 2a60e22e-0f45-45b8-859c-bf1bf9f8901d by Waleed@gmail.com',3,'',21,1,'2024-06-23 22:03:38.478569');
INSERT INTO django_admin_log VALUES(256,'acae05da-bda7-4de5-b9f5-7a804c3b8a4d','Order acae05da-bda7-4de5-b9f5-7a804c3b8a4d by Waleed@gmail.com',3,'',21,1,'2024-06-23 22:03:38.483787');
INSERT INTO django_admin_log VALUES(257,'d4cf55ca-f6cb-4220-8d2b-c0134176a3e4','Order d4cf55ca-f6cb-4220-8d2b-c0134176a3e4 by Waleed@gmail.com',3,'',21,1,'2024-06-23 22:03:38.487791');
INSERT INTO django_admin_log VALUES(258,'24b139b9-520d-4cfc-957c-0ec1ae80da73','Order 24b139b9-520d-4cfc-957c-0ec1ae80da73 by Waleed@gmail.com',3,'',21,1,'2024-06-23 22:03:38.492582');
INSERT INTO django_admin_log VALUES(259,'62f0bafd-fbce-4ebc-99e1-838983e923c9','Order 62f0bafd-fbce-4ebc-99e1-838983e923c9 by Waleed@gmail.com',3,'',21,1,'2024-06-23 22:03:38.497564');
INSERT INTO django_admin_log VALUES(260,'6f457fa0-e47f-4891-9e52-646eb6aac6d3','Order 6f457fa0-e47f-4891-9e52-646eb6aac6d3 by Waleed@gmail.com',3,'',21,1,'2024-06-23 22:03:38.501092');
INSERT INTO django_admin_log VALUES(261,'7f26e373-a1be-4966-8255-de4185ad557d','Order 7f26e373-a1be-4966-8255-de4185ad557d by Waleed@gmail.com',3,'',21,1,'2024-06-23 22:03:38.504343');
INSERT INTO django_admin_log VALUES(262,'b490b902-a87a-4246-bbd5-b5a2b659407e','Order b490b902-a87a-4246-bbd5-b5a2b659407e by Waleed@gmail.com',3,'',21,1,'2024-06-23 22:03:38.508942');
INSERT INTO django_admin_log VALUES(263,'8dbc1ee5-a3b4-4a59-b3c6-659d75407994','Order 8dbc1ee5-a3b4-4a59-b3c6-659d75407994 by Waleed@gmail.com',3,'',21,1,'2024-06-23 22:03:38.515641');
INSERT INTO django_admin_log VALUES(264,'c08c1250-8a67-40bb-8895-59814334ca00','Order c08c1250-8a67-40bb-8895-59814334ca00 by Waleed@gmail.com',3,'',21,1,'2024-06-23 22:03:38.520749');
INSERT INTO django_admin_log VALUES(265,'8416d8e9-42db-417e-8907-760c1f042d89','Order 8416d8e9-42db-417e-8907-760c1f042d89 by Waleed@gmail.com',3,'',21,1,'2024-06-23 22:03:38.525790');
INSERT INTO django_admin_log VALUES(266,'3d964adf-a40f-4c71-afc5-6a6c31776b22','Order 3d964adf-a40f-4c71-afc5-6a6c31776b22 by Waleed@gmail.com',3,'',21,1,'2024-06-23 22:03:38.529332');
INSERT INTO django_admin_log VALUES(267,'cee7eaea-5a1a-46f6-85f2-db1b6a752cd9','Order cee7eaea-5a1a-46f6-85f2-db1b6a752cd9 by Waleed@gmail.com',3,'',21,1,'2024-06-23 22:03:38.533685');
INSERT INTO django_admin_log VALUES(268,'058d3543-ffc4-4e1a-8388-c122e5a6a879','Order 058d3543-ffc4-4e1a-8388-c122e5a6a879 by Waleed@gmail.com',3,'',21,1,'2024-06-23 22:03:38.538215');
INSERT INTO django_admin_log VALUES(269,'29dde756-f3c4-40e2-b143-bcb5817f600f','Order 29dde756-f3c4-40e2-b143-bcb5817f600f by Waleed@gmail.com',3,'',21,1,'2024-06-23 22:03:38.543260');
INSERT INTO django_admin_log VALUES(270,'7d8fe78f-112c-456d-a84d-9b5a78a46923','Order 7d8fe78f-112c-456d-a84d-9b5a78a46923 by Customer1@gmail.com',3,'',21,1,'2024-06-23 22:17:20.147126');
INSERT INTO django_admin_log VALUES(271,'f57931c7-05b2-4f8b-9678-2be3dde8157f','Order f57931c7-05b2-4f8b-9678-2be3dde8157f by Customer1@gmail.com',3,'',21,1,'2024-06-23 22:17:20.162631');
INSERT INTO django_admin_log VALUES(272,'f7b4fa9a-c985-466f-a9c6-e2449f63e577','Order f7b4fa9a-c985-466f-a9c6-e2449f63e577 by Customer1@gmail.com',3,'',21,1,'2024-06-23 22:17:20.175351');
INSERT INTO django_admin_log VALUES(273,'c499cf11-3f16-4c57-8354-355c5027de0f','Order c499cf11-3f16-4c57-8354-355c5027de0f by Customer1@gmail.com',3,'',21,1,'2024-06-23 22:17:20.181219');
INSERT INTO django_admin_log VALUES(274,'2b1d7a74-1df6-4969-a70c-7f2f90b31725','Order 2b1d7a74-1df6-4969-a70c-7f2f90b31725 by Customer1@gmail.com',3,'',21,1,'2024-06-23 22:17:20.201471');
INSERT INTO django_admin_log VALUES(275,'e956e9a6-5b02-48da-b60d-05143e3fc767','Order e956e9a6-5b02-48da-b60d-05143e3fc767 by Customer1@gmail.com',3,'',21,1,'2024-06-23 22:17:20.210096');
INSERT INTO django_admin_log VALUES(276,'dc93a9a4-51a9-4265-8fb1-849571aa2251','Order dc93a9a4-51a9-4265-8fb1-849571aa2251 by Customer1@gmail.com',3,'',21,1,'2024-06-23 22:17:20.210096');
INSERT INTO django_admin_log VALUES(277,'54a8fedb-7de1-4a97-bfcc-e209fdf7ba07','Order 54a8fedb-7de1-4a97-bfcc-e209fdf7ba07 by Customer1@gmail.com',3,'',21,1,'2024-06-23 22:17:20.210096');
INSERT INTO django_admin_log VALUES(278,'236fa7da-e8bb-41ea-9cd9-b89bccf31a0d','Order 236fa7da-e8bb-41ea-9cd9-b89bccf31a0d by Customer1@gmail.com',3,'',21,1,'2024-06-23 22:17:20.210096');
INSERT INTO django_admin_log VALUES(279,'cbf282dd-9539-4bc0-9c35-a236fc25826f','Order cbf282dd-9539-4bc0-9c35-a236fc25826f by Customer1@gmail.com',3,'',21,1,'2024-06-23 22:17:20.225723');
INSERT INTO django_admin_log VALUES(280,'e637fe7c-455d-410f-bdc5-d6e671abb3bb','Order e637fe7c-455d-410f-bdc5-d6e671abb3bb by Customer1@gmail.com',3,'',21,1,'2024-06-23 22:17:20.225723');
INSERT INTO django_admin_log VALUES(281,'558e7766-0f25-47b5-9faa-2a6ab954b3be','Order 558e7766-0f25-47b5-9faa-2a6ab954b3be by Customer1@gmail.com',3,'',21,1,'2024-06-23 22:17:20.225723');
INSERT INTO django_admin_log VALUES(282,'11940da2-df13-4e2d-b7a9-59cda5a3290e','Order 11940da2-df13-4e2d-b7a9-59cda5a3290e by Customer1@gmail.com',3,'',21,1,'2024-06-23 22:17:20.241439');
INSERT INTO django_admin_log VALUES(283,'b52ab057-0553-4d3e-8fc2-194981d62f5f','Order b52ab057-0553-4d3e-8fc2-194981d62f5f by Customer1@gmail.com',3,'',21,1,'2024-06-23 22:17:20.241439');
INSERT INTO django_admin_log VALUES(284,'6','col a',2,'[{"changed": {"fields": ["Stock"]}}]',12,1,'2024-06-23 22:17:56.962758');
INSERT INTO django_admin_log VALUES(285,'bfe4acb7-edbd-4863-865c-c1b499a710a0','Order bfe4acb7-edbd-4863-865c-c1b499a710a0 by Customer1@gmail.com',3,'',21,1,'2024-06-23 22:18:51.225389');
INSERT INTO django_admin_log VALUES(286,'d9ec5f6c-e64b-449c-805d-7e252fb57eab','Order d9ec5f6c-e64b-449c-805d-7e252fb57eab by Customer1@gmail.com',3,'',21,1,'2024-06-23 22:18:51.227465');
INSERT INTO django_admin_log VALUES(287,'ecf87535-7c25-408a-9d10-9bb389f9119d','Order ecf87535-7c25-408a-9d10-9bb389f9119d by Customer1@gmail.com',3,'',21,1,'2024-06-23 22:18:51.227465');
INSERT INTO django_admin_log VALUES(288,'71d7759a-4fd1-4f6c-9a9a-282943ad3653','Order 71d7759a-4fd1-4f6c-9a9a-282943ad3653 by Customer1@gmail.com',3,'',21,1,'2024-06-23 22:19:58.919279');
INSERT INTO django_admin_log VALUES(289,'c5f0764b-3b60-44a3-8494-50c2a4147194','Order c5f0764b-3b60-44a3-8494-50c2a4147194 by Customer1@gmail.com',3,'',21,1,'2024-06-23 22:19:58.919279');
INSERT INTO django_admin_log VALUES(290,'7','col a',2,'[{"changed": {"fields": ["Stock"]}}]',12,1,'2024-06-23 22:20:15.972324');
INSERT INTO django_admin_log VALUES(291,'8','col a',2,'[]',12,1,'2024-06-23 22:20:19.277921');
INSERT INTO django_admin_log VALUES(292,'11','col a',2,'[]',12,1,'2024-06-23 22:20:23.290664');
INSERT INTO django_admin_log VALUES(293,'10','col a',2,'[]',12,1,'2024-06-23 22:20:25.693505');
INSERT INTO django_admin_log VALUES(294,'8','col a',2,'[]',12,1,'2024-06-23 22:20:34.227045');
INSERT INTO django_admin_log VALUES(295,'6','col a',2,'[]',12,1,'2024-06-23 22:20:37.044402');
INSERT INTO django_admin_log VALUES(296,'7','col a',2,'[]',12,1,'2024-06-23 22:20:40.112540');
INSERT INTO django_admin_log VALUES(297,'11','col a',2,'[]',12,1,'2024-06-23 22:20:44.627572');
INSERT INTO django_admin_log VALUES(298,'10','col a',2,'[]',12,1,'2024-06-23 22:20:47.437845');
INSERT INTO django_admin_log VALUES(299,'9','col a',2,'[{"changed": {"fields": ["Stock"]}}]',12,1,'2024-06-23 22:20:51.759008');
INSERT INTO django_admin_log VALUES(300,'8','col a',2,'[]',12,1,'2024-06-23 22:20:58.519399');
INSERT INTO django_admin_log VALUES(301,'9','col a',2,'[]',12,1,'2024-06-23 22:21:04.111098');
INSERT INTO django_admin_log VALUES(302,'2a4caef0-0ca1-448a-a9df-5569e324bf29','Order 2a4caef0-0ca1-448a-a9df-5569e324bf29 by Customer1@gmail.com',3,'',21,1,'2024-06-23 22:21:56.453039');
INSERT INTO django_admin_log VALUES(303,'5e222ccb-266a-4d1d-941f-674ee515e50d','Order 5e222ccb-266a-4d1d-941f-674ee515e50d by Customer1@gmail.com',3,'',21,1,'2024-06-23 22:21:56.453039');
INSERT INTO django_admin_log VALUES(304,'21','Waleed Darwesh',3,'',28,1,'2024-06-23 22:22:54.600928');
INSERT INTO django_admin_log VALUES(305,'20','Waleed Darwesh',3,'',28,1,'2024-06-23 22:22:54.606446');
INSERT INTO django_admin_log VALUES(306,'19','Wwwww Eeeee',3,'',28,1,'2024-06-23 22:22:54.607469');
INSERT INTO django_admin_log VALUES(307,'18','Wwwww Eeeee',3,'',28,1,'2024-06-23 22:22:54.607469');
INSERT INTO django_admin_log VALUES(308,'17','Wwwww Eeeee',3,'',28,1,'2024-06-23 22:22:54.607469');
INSERT INTO django_admin_log VALUES(309,'16','Wwwww Eeeee',3,'',28,1,'2024-06-23 22:22:54.623169');
INSERT INTO django_admin_log VALUES(310,'15','Wwwww Eeeee',3,'',28,1,'2024-06-23 22:22:54.623169');
INSERT INTO django_admin_log VALUES(311,'14','Wwwww Eeeee',3,'',28,1,'2024-06-23 22:22:54.623169');
INSERT INTO django_admin_log VALUES(312,'13','Waleed Darwesh',3,'',28,1,'2024-06-23 22:22:54.638793');
INSERT INTO django_admin_log VALUES(313,'12','Waleed Darwesh',3,'',28,1,'2024-06-23 22:22:54.638793');
INSERT INTO django_admin_log VALUES(314,'11','Waleed Darwesh',3,'',28,1,'2024-06-23 22:22:54.638793');
INSERT INTO django_admin_log VALUES(315,'10','Wwwww Eeeee',3,'',28,1,'2024-06-23 22:22:54.654770');
INSERT INTO django_admin_log VALUES(316,'9','Waleed Darwesh',3,'',28,1,'2024-06-23 22:22:54.658293');
INSERT INTO django_admin_log VALUES(317,'8','Hesh Ash',3,'',28,1,'2024-06-23 22:22:54.659390');
INSERT INTO django_admin_log VALUES(318,'7','Hesh Ash',3,'',28,1,'2024-06-23 22:22:54.659390');
INSERT INTO django_admin_log VALUES(319,'6','Hesh Ash',3,'',28,1,'2024-06-23 22:22:54.659390');
INSERT INTO django_admin_log VALUES(320,'5','Hesham Ashraf',3,'',28,1,'2024-06-23 22:22:54.675077');
INSERT INTO django_admin_log VALUES(321,'4','Waleed Darwesh',3,'',28,1,'2024-06-23 22:22:54.689012');
INSERT INTO django_admin_log VALUES(322,'3','Waleed Darwesh',3,'',28,1,'2024-06-23 22:22:54.693028');
INSERT INTO django_admin_log VALUES(323,'2','Waleed Darwesh',3,'',28,1,'2024-06-23 22:22:54.693028');
INSERT INTO django_admin_log VALUES(324,'1','Waleed Darwesh',3,'',28,1,'2024-06-23 22:22:54.693028');
INSERT INTO django_admin_log VALUES(325,'22','Waleed Darwesh',1,'[{"added": {}}]',28,1,'2024-06-23 22:23:32.560360');
INSERT INTO django_admin_log VALUES(326,'23','Hesh Ash',1,'[{"added": {}}]',28,1,'2024-06-23 22:23:51.597346');
INSERT INTO django_admin_log VALUES(327,'24','Hesh Ash',1,'[{"added": {}}]',28,1,'2024-06-23 22:23:59.449835');
INSERT INTO django_admin_log VALUES(328,'25','Waleed Darwesh',1,'[{"added": {}}]',28,1,'2024-06-23 22:24:08.792702');
INSERT INTO django_admin_log VALUES(329,'26','Waleed Darwesh',1,'[{"added": {}}]',28,1,'2024-06-23 22:24:28.669052');
INSERT INTO django_admin_log VALUES(330,'27','Waleed Darwesh',1,'[{"added": {}}]',28,1,'2024-06-23 22:24:35.861210');
INSERT INTO django_admin_log VALUES(331,'28','Wwwww Eeeee',1,'[{"added": {}}]',28,1,'2024-06-23 22:24:46.233840');
INSERT INTO django_admin_log VALUES(332,'29','Hesh Ash',1,'[{"added": {}}]',28,1,'2024-06-23 22:25:40.473744');
INSERT INTO django_admin_log VALUES(333,'7ef775df-0721-4b6a-be25-46830fe62582','Order 7ef775df-0721-4b6a-be25-46830fe62582 by Customer1@gmail.com',3,'',21,1,'2024-06-23 22:28:07.027855');
INSERT INTO django_admin_log VALUES(334,'f7499ced-ca61-46a3-9264-7dc43029a14e','Order f7499ced-ca61-46a3-9264-7dc43029a14e by Customer1@gmail.com',3,'',21,1,'2024-06-23 22:28:07.028925');
INSERT INTO django_admin_log VALUES(335,'5431faf7-b4d9-4dcd-96a0-89b15f455aed','Order 5431faf7-b4d9-4dcd-96a0-89b15f455aed by Customer1@gmail.com',3,'',21,1,'2024-06-23 22:28:07.028925');
INSERT INTO django_admin_log VALUES(336,'1d4f7f24-48df-45fa-bdc8-142a1e2566c5','Order 1d4f7f24-48df-45fa-bdc8-142a1e2566c5 by Customer1@gmail.com',3,'',21,1,'2024-06-23 22:28:07.028925');
INSERT INTO django_admin_log VALUES(337,'e57485b1-82a1-4fc5-940e-8d55890b6b00','Order e57485b1-82a1-4fc5-940e-8d55890b6b00 by Customer1@gmail.com',3,'',21,1,'2024-06-23 22:28:07.044587');
INSERT INTO django_admin_log VALUES(338,'6065b087-bcea-4f69-a872-49140b45a117','Order 6065b087-bcea-4f69-a872-49140b45a117 by Customer1@gmail.com',3,'',21,1,'2024-06-23 22:28:07.054143');
INSERT INTO django_admin_log VALUES(339,'9','col a',2,'[{"changed": {"fields": ["Stock"]}}]',12,1,'2024-06-23 22:32:24.485083');
INSERT INTO django_admin_log VALUES(340,'10','col a',2,'[]',12,1,'2024-06-23 22:32:27.533784');
INSERT INTO django_admin_log VALUES(341,'62d6b14f-8b44-4682-935c-9c21206a9ef1','Order 62d6b14f-8b44-4682-935c-9c21206a9ef1 by Customer1@gmail.com',3,'',21,1,'2024-06-23 22:34:40.150698');
INSERT INTO django_admin_log VALUES(342,'234270bc-6239-4d5a-9189-1a52f82fde11','Order 234270bc-6239-4d5a-9189-1a52f82fde11 by Customer1@gmail.com',3,'',21,1,'2024-06-23 22:34:40.150698');
INSERT INTO django_admin_log VALUES(343,'89421920-58c6-4dc2-a924-f14336cadc74','Order 89421920-58c6-4dc2-a924-f14336cadc74 by Customer1@gmail.com',3,'',21,1,'2024-06-23 22:34:40.166203');
INSERT INTO django_admin_log VALUES(344,'634e9739-c7e9-4f02-ab11-78495c7cb4c9','Order 634e9739-c7e9-4f02-ab11-78495c7cb4c9 by Customer1@gmail.com',3,'',21,1,'2024-06-23 22:34:40.174616');
INSERT INTO django_admin_log VALUES(345,'4782868f-c067-47da-a5e9-1d796b54d64c','Order 4782868f-c067-47da-a5e9-1d796b54d64c by Customer1@gmail.com',3,'',21,1,'2024-06-23 22:34:40.178616');
INSERT INTO django_admin_log VALUES(346,'62d06c91-5607-4870-a5d0-dee8ef66cb6b','Order 62d06c91-5607-4870-a5d0-dee8ef66cb6b by Customer1@gmail.com',3,'',21,1,'2024-06-23 22:34:40.182433');
INSERT INTO django_admin_log VALUES(347,'721a5e48-88a9-4ba0-bd98-d76b58931a60','Order 721a5e48-88a9-4ba0-bd98-d76b58931a60 by Customer1@gmail.com',3,'',21,1,'2024-06-23 22:34:40.184601');
INSERT INTO django_admin_log VALUES(348,'6f649656-19db-43b9-8f48-568c7fcd50cd','Order 6f649656-19db-43b9-8f48-568c7fcd50cd by Customer1@gmail.com',3,'',21,1,'2024-06-23 22:34:40.184601');
INSERT INTO django_admin_log VALUES(349,'68f728b6-0c47-47f6-9f65-3a03abc18fc2','Order 68f728b6-0c47-47f6-9f65-3a03abc18fc2 by Customer1@gmail.com',3,'',21,1,'2024-06-23 22:34:40.184601');
INSERT INTO django_admin_log VALUES(350,'3634c1e1-dc7e-4b69-9a74-e70148809f63','Order 3634c1e1-dc7e-4b69-9a74-e70148809f63 by Customer1@gmail.com',3,'',21,1,'2024-06-23 22:34:40.184601');
INSERT INTO django_admin_log VALUES(351,'ad304e49-9c68-4e58-93c0-22292d58128b','Order ad304e49-9c68-4e58-93c0-22292d58128b by Customer1@gmail.com',3,'',21,1,'2024-06-23 22:34:40.200228');
INSERT INTO django_admin_log VALUES(352,'bba92c82-ece9-4b07-bd45-1e6a9311a3b6','Order bba92c82-ece9-4b07-bd45-1e6a9311a3b6 by Customer1@gmail.com',3,'',21,1,'2024-06-23 22:34:40.208111');
INSERT INTO django_admin_log VALUES(353,'6b171e45-a6bc-4d8d-8c93-a9f1c5dbbecf','Order 6b171e45-a6bc-4d8d-8c93-a9f1c5dbbecf by Customer1@gmail.com',3,'',21,1,'2024-06-23 22:51:42.557080');
INSERT INTO django_admin_log VALUES(354,'171dc761-bf97-4634-ba89-bc05354f7522','Order 171dc761-bf97-4634-ba89-bc05354f7522 by Customer1@gmail.com',3,'',21,1,'2024-06-23 22:51:42.557080');
INSERT INTO django_admin_log VALUES(355,'3d67b7df-5609-4978-80e0-298a20f36146','Order 3d67b7df-5609-4978-80e0-298a20f36146 by Customer1@gmail.com',3,'',21,1,'2024-06-23 22:51:42.572586');
INSERT INTO django_admin_log VALUES(356,'070ee57d-af1d-4882-8daa-d055d1215ff0','Order 070ee57d-af1d-4882-8daa-d055d1215ff0 by Customer1@gmail.com',3,'',21,1,'2024-06-23 22:51:42.578158');
INSERT INTO django_admin_log VALUES(357,'4da657e2-896f-4754-8356-00953c13646d','Order 4da657e2-896f-4754-8356-00953c13646d by Customer1@gmail.com',3,'',21,1,'2024-06-23 22:51:42.582801');
INSERT INTO django_admin_log VALUES(358,'d45c27e1-b0f7-4dd6-90bc-7b584bff2f10','Order d45c27e1-b0f7-4dd6-90bc-7b584bff2f10 by Customer1@gmail.com',3,'',21,1,'2024-06-23 22:51:42.585801');
INSERT INTO django_admin_log VALUES(359,'4085fce6-cb5c-4dba-90f2-19c82adfd07f','Order 4085fce6-cb5c-4dba-90f2-19c82adfd07f by Customer1@gmail.com',3,'',21,1,'2024-06-23 23:05:43.208302');
INSERT INTO django_admin_log VALUES(360,'9840f56f-a503-4153-ab31-8b4663a47777','Order 9840f56f-a503-4153-ab31-8b4663a47777 by Customer1@gmail.com',3,'',21,1,'2024-06-23 23:05:43.208302');
INSERT INTO django_admin_log VALUES(361,'6501f200-fd58-4528-92eb-6110ff4fe5c5','Order 6501f200-fd58-4528-92eb-6110ff4fe5c5 by Customer1@gmail.com',3,'',21,1,'2024-06-23 23:05:43.223966');
INSERT INTO django_admin_log VALUES(362,'dfe75f02-0081-4b13-a93e-41a9ba403a0a','Order dfe75f02-0081-4b13-a93e-41a9ba403a0a by Customer1@gmail.com',3,'',21,1,'2024-06-23 23:05:43.230755');
INSERT INTO django_admin_log VALUES(363,'7c001ba6-8952-4cf5-98ad-2e2f0742b05e','Order 7c001ba6-8952-4cf5-98ad-2e2f0742b05e by Customer1@gmail.com',3,'',21,1,'2024-06-23 23:05:43.234729');
INSERT INTO django_admin_log VALUES(364,'086916ac-ecc4-415b-8c2d-df515af06419','Order 086916ac-ecc4-415b-8c2d-df515af06419 by Customer1@gmail.com',3,'',21,1,'2024-06-23 23:05:43.236828');
INSERT INTO django_admin_log VALUES(365,'bdc3c705-dd6c-441f-ac7f-44402eaebc82','Order bdc3c705-dd6c-441f-ac7f-44402eaebc82 by Customer1@gmail.com',3,'',21,1,'2024-06-23 23:06:33.968737');
INSERT INTO django_admin_log VALUES(366,'61455628-c9e2-49c1-9024-ba569367a17b','Order 61455628-c9e2-49c1-9024-ba569367a17b by Customer1@gmail.com',3,'',21,1,'2024-06-23 23:07:38.606088');
INSERT INTO django_admin_log VALUES(367,'d26adeca-66f3-4634-a07f-9a3d80f6e341','Order d26adeca-66f3-4634-a07f-9a3d80f6e341 by Customer1@gmail.com',3,'',21,1,'2024-06-23 23:07:38.621715');
INSERT INTO django_admin_log VALUES(368,'7d28b127-7e3f-4215-a980-b5c106ff8ac9','Order 7d28b127-7e3f-4215-a980-b5c106ff8ac9 by Customer1@gmail.com',3,'',21,1,'2024-06-23 23:07:38.621715');
INSERT INTO django_admin_log VALUES(369,'c4473c39-2494-448c-8c5a-b9704ec6086d','Order c4473c39-2494-448c-8c5a-b9704ec6086d by Customer1@gmail.com',3,'',21,1,'2024-06-23 23:07:38.621715');
INSERT INTO django_admin_log VALUES(370,'852754a2-ba15-4081-9bae-c36d72f498dd','Order 852754a2-ba15-4081-9bae-c36d72f498dd by Customer1@gmail.com',3,'',21,1,'2024-06-23 23:19:23.464880');
INSERT INTO django_admin_log VALUES(371,'fd744d6c-238f-494f-b80f-00a92da7c2a4','Order fd744d6c-238f-494f-b80f-00a92da7c2a4 by Customer1@gmail.com',3,'',21,1,'2024-06-23 23:19:23.464880');
INSERT INTO django_admin_log VALUES(372,'7496c25d-9cda-4f95-9035-98c9523b4ff4','Order 7496c25d-9cda-4f95-9035-98c9523b4ff4 by Customer1@gmail.com',3,'',21,1,'2024-06-23 23:19:23.480520');
INSERT INTO django_admin_log VALUES(373,'370aac11-7b8c-4c87-a5ee-0f3efcead3c8','Order 370aac11-7b8c-4c87-a5ee-0f3efcead3c8 by Customer1@gmail.com',3,'',21,1,'2024-06-23 23:19:23.485847');
INSERT INTO django_admin_log VALUES(374,'0670d137-6802-438c-b0c0-8dbb5ff749e8','Order 0670d137-6802-438c-b0c0-8dbb5ff749e8 by Customer1@gmail.com',3,'',21,1,'2024-06-23 23:19:23.491332');
INSERT INTO django_admin_log VALUES(375,'940888ab-d578-4ec4-900f-0740bce9833a','Order 940888ab-d578-4ec4-900f-0740bce9833a by Customer1@gmail.com',3,'',21,1,'2024-06-23 23:19:23.494412');
INSERT INTO django_admin_log VALUES(376,'1336b842-b248-4b1d-bc40-d036611a1604','Order 1336b842-b248-4b1d-bc40-d036611a1604 by Customer1@gmail.com',3,'',21,1,'2024-06-23 23:21:40.413736');
INSERT INTO django_admin_log VALUES(377,'2ea27396-7911-46e3-a71e-adb972ba6761','Order 2ea27396-7911-46e3-a71e-adb972ba6761 by Customer1@gmail.com',3,'',21,1,'2024-06-23 23:21:40.413736');
INSERT INTO django_admin_log VALUES(378,'31d660e5-149c-4b0f-8e9e-2a1b31b95e90','Order 31d660e5-149c-4b0f-8e9e-2a1b31b95e90 by Customer1@gmail.com',3,'',21,1,'2024-06-23 23:21:40.413736');
INSERT INTO django_admin_log VALUES(379,'287801e4-dfc6-46c2-8c25-2c60b2999670','Order 287801e4-dfc6-46c2-8c25-2c60b2999670 by Customer1@gmail.com',3,'',21,1,'2024-06-23 23:23:04.912789');
INSERT INTO django_admin_log VALUES(380,'5ea455c6-7eb4-4502-bfe6-7dc9e9844fbf','Order 5ea455c6-7eb4-4502-bfe6-7dc9e9844fbf by Customer1@gmail.com',3,'',21,1,'2024-06-23 23:23:04.912789');
INSERT INTO django_admin_log VALUES(381,'c2178bb2-cdc5-4d4e-b93d-99a8e59b5fc8','Order c2178bb2-cdc5-4d4e-b93d-99a8e59b5fc8 by Customer1@gmail.com',3,'',21,1,'2024-06-23 23:26:20.136324');
INSERT INTO django_admin_log VALUES(382,'5a06bb05-7ddb-47af-8a8e-ed22c7e6a798','Order 5a06bb05-7ddb-47af-8a8e-ed22c7e6a798 by Customer1@gmail.com',3,'',21,1,'2024-06-23 23:26:20.136324');
INSERT INTO django_admin_log VALUES(383,'85910b6a-ed86-4a95-bd8e-80bcc871d12c','Order 85910b6a-ed86-4a95-bd8e-80bcc871d12c by Customer1@gmail.com',3,'',21,1,'2024-06-23 23:26:20.151959');
INSERT INTO django_admin_log VALUES(384,'254b5397-cce2-40ff-8a21-06e431cef06f','Order 254b5397-cce2-40ff-8a21-06e431cef06f by Customer1@gmail.com',3,'',21,1,'2024-06-23 23:26:20.151959');
INSERT INTO django_admin_log VALUES(385,'ae955b9b-d057-46e5-9844-4f9e50482545','Order ae955b9b-d057-46e5-9844-4f9e50482545 by Customer1@gmail.com',3,'',21,1,'2024-06-23 23:26:20.151959');
INSERT INTO django_admin_log VALUES(386,'896c6cd6-195a-433f-aa91-805fc53178b9','Order 896c6cd6-195a-433f-aa91-805fc53178b9 by Customer1@gmail.com',3,'',21,1,'2024-06-23 23:43:39.143248');
INSERT INTO django_admin_log VALUES(387,'00c2c7ce-2ad6-4ed8-997f-563b5841f25d','Order 00c2c7ce-2ad6-4ed8-997f-563b5841f25d by Customer1@gmail.com',3,'',21,1,'2024-06-23 23:43:39.143248');
INSERT INTO django_admin_log VALUES(388,'048d230f-2df3-43b7-a863-562f3dd2c4c7','Order 048d230f-2df3-43b7-a863-562f3dd2c4c7 by Customer1@gmail.com',3,'',21,1,'2024-06-23 23:43:39.143248');
INSERT INTO django_admin_log VALUES(389,'1ff9545d-afc8-4adb-99b5-165b1ce719ad','Order 1ff9545d-afc8-4adb-99b5-165b1ce719ad by Customer1@gmail.com',3,'',21,1,'2024-06-23 23:43:39.143248');
INSERT INTO django_admin_log VALUES(390,'56e96a17-692c-4f8b-9b7e-5388e14423b4','Order 56e96a17-692c-4f8b-9b7e-5388e14423b4 by Customer1@gmail.com',3,'',21,1,'2024-06-24 00:04:45.103953');
INSERT INTO django_admin_log VALUES(391,'f2f938fa-0b69-4042-ace2-d2edf84b75b1','Order f2f938fa-0b69-4042-ace2-d2edf84b75b1 by Customer1@gmail.com',3,'',21,1,'2024-06-24 00:04:45.119617');
INSERT INTO django_admin_log VALUES(392,'ffe075d2-a3d4-40ca-95ad-51379bc7804a','Order ffe075d2-a3d4-40ca-95ad-51379bc7804a by Customer1@gmail.com',3,'',21,1,'2024-06-24 00:33:40.044697');
INSERT INTO django_admin_log VALUES(393,'4c0867eb-2c74-4a88-9323-946fcd92fdcb','Order 4c0867eb-2c74-4a88-9323-946fcd92fdcb by Customer1@gmail.com',3,'',21,1,'2024-06-24 00:33:40.052464');
INSERT INTO django_admin_log VALUES(394,'b6b7d7ab-f232-4931-a258-3007d04c0177','Order b6b7d7ab-f232-4931-a258-3007d04c0177 by Customer1@gmail.com',3,'',21,1,'2024-06-24 00:33:40.060509');
INSERT INTO django_admin_log VALUES(395,'9a7b6e6c-27b2-489e-9c62-6c0937ddf3d7','Order 9a7b6e6c-27b2-489e-9c62-6c0937ddf3d7 by Customer1@gmail.com',3,'',21,1,'2024-06-24 00:33:40.060509');
INSERT INTO django_admin_log VALUES(396,'31','Address object (31)',1,'[{"added": {}}]',28,1,'2024-06-24 00:39:05.322188');
INSERT INTO django_admin_log VALUES(397,'1','Cairo',1,'[{"added": {}}]',44,1,'2024-06-24 00:40:31.438287');
INSERT INTO django_admin_log VALUES(398,'32','Address object (32)',1,'[{"added": {}}]',28,1,'2024-06-24 00:40:59.678570');
INSERT INTO django_admin_log VALUES(399,'2','Aswan',1,'[{"added": {}}]',44,1,'2024-06-24 00:41:20.286416');
INSERT INTO django_admin_log VALUES(400,'33','Address object (33)',1,'[{"added": {}}]',28,1,'2024-06-24 00:41:52.068801');
INSERT INTO django_admin_log VALUES(401,'3','Dammeita',1,'[{"added": {}}]',44,1,'2024-06-24 00:42:00.918064');
INSERT INTO django_admin_log VALUES(402,'23','Address object (23)',2,'[{"changed": {"fields": ["State"]}}]',28,1,'2024-06-24 00:42:43.434989');
INSERT INTO django_admin_log VALUES(403,'1','Cairo',2,'[]',44,1,'2024-06-24 00:42:52.965152');
INSERT INTO django_admin_log VALUES(404,'23','Address object (23)',2,'[]',28,1,'2024-06-24 00:43:35.228588');
INSERT INTO django_admin_log VALUES(405,'23','Address object (23)',2,'[]',28,1,'2024-06-24 00:43:38.893824');
INSERT INTO django_admin_log VALUES(406,'22','Address object (22)',2,'[{"changed": {"fields": ["State"]}}]',28,1,'2024-06-24 00:43:45.591663');
INSERT INTO django_admin_log VALUES(407,'24','Address object (24)',2,'[{"changed": {"fields": ["State"]}}]',28,1,'2024-06-24 00:43:53.610733');
INSERT INTO django_admin_log VALUES(408,'33','Address object (33)',3,'',28,1,'2024-06-24 00:45:46.263038');
INSERT INTO django_admin_log VALUES(409,'32','Address object (32)',3,'',28,1,'2024-06-24 00:45:46.279186');
INSERT INTO django_admin_log VALUES(410,'31','Address object (31)',3,'',28,1,'2024-06-24 00:45:46.279186');
INSERT INTO django_admin_log VALUES(411,'30','Address object (30)',3,'',28,1,'2024-06-24 00:45:46.279186');
INSERT INTO django_admin_log VALUES(412,'29','Address object (29)',3,'',28,1,'2024-06-24 00:45:46.294821');
INSERT INTO django_admin_log VALUES(413,'28','Address object (28)',3,'',28,1,'2024-06-24 00:45:46.294821');
INSERT INTO django_admin_log VALUES(414,'27','Address object (27)',3,'',28,1,'2024-06-24 00:45:46.310526');
INSERT INTO django_admin_log VALUES(415,'26','Address object (26)',3,'',28,1,'2024-06-24 00:45:46.310526');
INSERT INTO django_admin_log VALUES(416,'25','Address object (25)',3,'',28,1,'2024-06-24 00:45:46.310526');
INSERT INTO django_admin_log VALUES(417,'24','Address object (24)',3,'',28,1,'2024-06-24 00:45:46.326131');
INSERT INTO django_admin_log VALUES(418,'23','Address object (23)',3,'',28,1,'2024-06-24 00:45:46.326131');
INSERT INTO django_admin_log VALUES(419,'22','Address object (22)',3,'',28,1,'2024-06-24 00:45:46.341695');
INSERT INTO django_admin_log VALUES(420,'34','Address object (34)',1,'[{"added": {}}]',28,1,'2024-06-24 00:46:57.307265');
INSERT INTO django_admin_log VALUES(421,'35','Address object (35)',1,'[{"added": {}}]',28,1,'2024-06-24 00:47:26.142503');
INSERT INTO django_admin_log VALUES(422,'4','Aswan',1,'[{"added": {}}]',44,1,'2024-06-24 00:47:29.725491');
INSERT INTO django_admin_log VALUES(423,'5','Cairo',1,'[{"added": {}}]',44,1,'2024-06-24 00:47:46.203162');
INSERT INTO django_admin_log VALUES(424,'36','Address object (36)',1,'[{"added": {}}]',28,1,'2024-06-24 00:48:04.935920');
INSERT INTO django_admin_log VALUES(425,'6','Dammeita',1,'[{"added": {}}]',44,1,'2024-06-24 00:48:13.893151');
INSERT INTO django_admin_log VALUES(426,'37','Address object (37)',1,'[{"added": {}}]',28,1,'2024-06-24 00:48:33.744030');
INSERT INTO django_admin_log VALUES(427,'38','Address object (38)',1,'[{"added": {}}]',28,1,'2024-06-24 00:48:56.210771');
INSERT INTO django_admin_log VALUES(428,'39','Address object (39)',1,'[{"added": {}}]',28,1,'2024-06-24 00:49:12.213566');
INSERT INTO django_admin_log VALUES(429,'40','Address object (40)',1,'[{"added": {}}]',28,1,'2024-06-24 00:49:20.085753');
INSERT INTO django_admin_log VALUES(430,'41','Address object (41)',1,'[{"added": {}}]',28,1,'2024-06-24 00:50:04.398714');
INSERT INTO django_admin_log VALUES(431,'42','Address object (42)',1,'[{"added": {}}]',28,1,'2024-06-24 00:50:43.355388');
INSERT INTO django_admin_log VALUES(432,'43','Address object (43)',1,'[{"added": {}}]',28,1,'2024-06-24 00:52:46.422866');
INSERT INTO django_admin_log VALUES(433,'44','Address object (44)',1,'[{"added": {}}]',28,1,'2024-06-24 00:55:54.610269');
INSERT INTO django_admin_log VALUES(434,'45','Address object (45)',1,'[{"added": {}}]',28,1,'2024-06-24 00:57:32.574474');
INSERT INTO django_admin_log VALUES(435,'46','Address object (46)',1,'[{"added": {}}]',28,1,'2024-06-24 00:58:53.167390');
INSERT INTO django_admin_log VALUES(436,'47','Address object (47)',1,'[{"added": {}}]',28,1,'2024-06-24 00:59:08.162084');
INSERT INTO django_admin_log VALUES(437,'38','Address object (38)',2,'[{"changed": {"fields": ["State"]}}]',28,1,'2024-06-24 01:04:11.718440');
INSERT INTO django_admin_log VALUES(438,'eb4b990e-f878-460b-84cc-d5680e5b80f2','Order eb4b990e-f878-460b-84cc-d5680e5b80f2 by Customer1@gmail.com',3,'',21,1,'2024-06-24 02:20:24.877553');
INSERT INTO django_admin_log VALUES(439,'b1baf81e-60a5-45f3-a676-0201340121c8','Order b1baf81e-60a5-45f3-a676-0201340121c8 by Customer1@gmail.com',3,'',21,1,'2024-06-24 02:20:24.877553');
INSERT INTO django_admin_log VALUES(440,'34dcdb97-9b1e-4543-bce6-8c66014d5e4c','Order 34dcdb97-9b1e-4543-bce6-8c66014d5e4c by Customer1@gmail.com',3,'',21,1,'2024-06-24 02:20:24.877553');
INSERT INTO django_admin_log VALUES(441,'83eecc6c-45b8-4301-9c80-25ec28f5425d','Order 83eecc6c-45b8-4301-9c80-25ec28f5425d by Customer1@gmail.com',3,'',21,1,'2024-06-24 02:22:08.465266');
INSERT INTO django_admin_log VALUES(442,'e780e418-c79c-40c4-abf5-509be6e09ba8','Order e780e418-c79c-40c4-abf5-509be6e09ba8 by Customer1@gmail.com',3,'',21,1,'2024-06-24 02:22:08.465266');
INSERT INTO django_admin_log VALUES(443,'bb2e8690-370c-4d82-b21e-7b766d458f49','Order bb2e8690-370c-4d82-b21e-7b766d458f49 by Customer1@gmail.com',3,'',21,1,'2024-06-24 02:22:08.465266');
INSERT INTO django_admin_log VALUES(444,'a6c501f8-f6e9-4158-bc21-165439a164c9','Order a6c501f8-f6e9-4158-bc21-165439a164c9 by Customer1@gmail.com',3,'',21,1,'2024-06-24 02:22:08.479566');
INSERT INTO django_admin_log VALUES(445,'57638280-885f-4982-b79b-775da54b44c0','Order 57638280-885f-4982-b79b-775da54b44c0 by Customer1@gmail.com',3,'',21,1,'2024-06-24 02:22:08.484050');
INSERT INTO django_admin_log VALUES(446,'22090a72-ddd9-42ee-9a8e-b6efdc59e435','Order 22090a72-ddd9-42ee-9a8e-b6efdc59e435 by Customer1@gmail.com',3,'',21,1,'2024-06-24 02:22:08.488435');
INSERT INTO django_admin_log VALUES(447,'4366138f-cf72-479f-8579-382a259d3605','Order 4366138f-cf72-479f-8579-382a259d3605 by Customer1@gmail.com',3,'',21,1,'2024-06-24 02:22:40.660373');
INSERT INTO django_admin_log VALUES(448,'bf45f75c-2cd6-4623-80aa-1f85838b6726','Order bf45f75c-2cd6-4623-80aa-1f85838b6726 by Customer1@gmail.com',3,'',21,1,'2024-06-24 02:30:50.654940');
INSERT INTO django_admin_log VALUES(449,'3d83d728-4ee2-492e-ad4b-3448a152de95','Order 3d83d728-4ee2-492e-ad4b-3448a152de95 by Customer1@gmail.com',3,'',21,1,'2024-06-24 02:30:50.654940');
INSERT INTO django_admin_log VALUES(450,'828227bb-2952-417b-8dc5-93f4a8e60717','Order 828227bb-2952-417b-8dc5-93f4a8e60717 by Customer1@gmail.com',3,'',21,1,'2024-06-24 02:30:50.654940');
INSERT INTO django_admin_log VALUES(451,'fd46f7fd-0176-4ba8-b8e2-c7ca2aa36629','Order fd46f7fd-0176-4ba8-b8e2-c7ca2aa36629 by Customer1@gmail.com',3,'',21,1,'2024-06-24 02:30:50.670588');
INSERT INTO django_admin_log VALUES(452,'2f2898de-3186-45b9-875e-681625fdc62f','Order 2f2898de-3186-45b9-875e-681625fdc62f by Customer1@gmail.com',3,'',21,1,'2024-06-24 02:39:58.379739');
INSERT INTO django_admin_log VALUES(453,'24b04f1e-f92e-4237-8797-e0be47af7410','Order 24b04f1e-f92e-4237-8797-e0be47af7410 by Customer1@gmail.com',3,'',21,1,'2024-06-24 02:39:58.379739');
INSERT INTO django_admin_log VALUES(454,'be6c40a3-8f03-4ebe-81dd-64bec5a47658','Order be6c40a3-8f03-4ebe-81dd-64bec5a47658 by Customer1@gmail.com',3,'',21,1,'2024-06-24 02:39:58.395364');
INSERT INTO django_admin_log VALUES(455,'23119237-038f-4577-a1de-a05e463f1ed8','Order 23119237-038f-4577-a1de-a05e463f1ed8 by Customer1@gmail.com',3,'',21,1,'2024-06-24 02:39:58.395364');
INSERT INTO django_admin_log VALUES(456,'67600925-5cdf-473c-a752-bd08f5d37104','Order 67600925-5cdf-473c-a752-bd08f5d37104 by Customer1@gmail.com',3,'',21,1,'2024-06-24 02:41:54.684659');
INSERT INTO django_admin_log VALUES(457,'57f48f5e-57c5-46d7-9f4e-692acadcd191','Order 57f48f5e-57c5-46d7-9f4e-692acadcd191 by Customer1@gmail.com',3,'',21,1,'2024-06-24 02:41:54.684659');
INSERT INTO django_admin_log VALUES(458,'042a3d89-7b9d-43af-b436-af9367e2962b','Order 042a3d89-7b9d-43af-b436-af9367e2962b by Customer1@gmail.com',3,'',21,1,'2024-06-24 02:41:54.700258');
INSERT INTO django_admin_log VALUES(459,'65abd9a9-4c9f-4b06-8b29-fe81f2703bc0','Order 65abd9a9-4c9f-4b06-8b29-fe81f2703bc0 by Customer1@gmail.com',3,'',21,1,'2024-06-24 02:41:54.702692');
INSERT INTO django_admin_log VALUES(460,'89ad9398-4354-4c0f-8931-ede7bfb2a4aa','Order 89ad9398-4354-4c0f-8931-ede7bfb2a4aa by Customer1@gmail.com',3,'',21,1,'2024-06-24 02:45:09.339029');
INSERT INTO django_admin_log VALUES(461,'060418af-c5b9-4612-a863-398982df85fd','Order 060418af-c5b9-4612-a863-398982df85fd by Customer1@gmail.com',3,'',21,1,'2024-06-24 14:28:56.709603');
INSERT INTO django_admin_log VALUES(462,'7eb7c7bc-fc1e-41a7-a7bc-8a340c80b620','Order 7eb7c7bc-fc1e-41a7-a7bc-8a340c80b620 by Customer1@gmail.com',3,'',21,1,'2024-06-24 14:33:39.491290');
INSERT INTO django_admin_log VALUES(463,'30286ef6-fae4-428a-a436-ed98f0b423fa','Order 30286ef6-fae4-428a-a436-ed98f0b423fa by Customer1@gmail.com',3,'',21,1,'2024-06-24 14:33:39.491290');
INSERT INTO django_admin_log VALUES(464,'e261174d-738b-4f5a-9d2b-b8e67e00d012','Order e261174d-738b-4f5a-9d2b-b8e67e00d012 by Customer1@gmail.com',3,'',21,1,'2024-06-24 14:40:48.684878');
INSERT INTO django_admin_log VALUES(465,'cd17fabe-08c5-488f-a055-65acdee8a6b7','Order cd17fabe-08c5-488f-a055-65acdee8a6b7 by Customer1@gmail.com',3,'',21,1,'2024-06-24 14:40:48.684878');
INSERT INTO django_admin_log VALUES(466,'c9a95ffe-6f04-425d-a599-6baa1db6424d','Order c9a95ffe-6f04-425d-a599-6baa1db6424d by Customer1@gmail.com',3,'',21,1,'2024-06-24 14:40:48.700505');
INSERT INTO django_admin_log VALUES(467,'4bac048b-ac15-42fd-b97e-47093a2cbfc4','Order 4bac048b-ac15-42fd-b97e-47093a2cbfc4 by Customer1@gmail.com',3,'',21,1,'2024-06-24 14:40:48.700505');
INSERT INTO django_admin_log VALUES(468,'0d94fbd3-e196-4008-bdc8-b1ec2ccc7cb9','Order 0d94fbd3-e196-4008-bdc8-b1ec2ccc7cb9 by Customer1@gmail.com',3,'',21,1,'2024-06-24 14:43:03.598589');
INSERT INTO django_admin_log VALUES(469,'2df923ed-02dd-4ab1-a437-0370c9f04d02','Order 2df923ed-02dd-4ab1-a437-0370c9f04d02 by Customer1@gmail.com',3,'',21,1,'2024-06-24 14:43:03.615462');
INSERT INTO django_admin_log VALUES(470,'72aeb63d-d15d-4928-a733-1eaa1adf722e','Order 72aeb63d-d15d-4928-a733-1eaa1adf722e by Customer1@gmail.com',3,'',21,1,'2024-06-24 14:48:17.792603');
INSERT INTO django_admin_log VALUES(471,'14eb02bd-856a-49bd-a7c3-a0341bbe4dd8','Order 14eb02bd-856a-49bd-a7c3-a0341bbe4dd8 by Customer1@gmail.com',3,'',21,1,'2024-06-24 14:48:17.792603');
INSERT INTO django_admin_log VALUES(472,'a6d5cd46-e302-431a-bf82-5f8ed77ef4e0','Order a6d5cd46-e302-431a-bf82-5f8ed77ef4e0 by Customer1@gmail.com',3,'',21,1,'2024-06-24 14:50:25.210309');
INSERT INTO django_admin_log VALUES(473,'34ef1d8a-0a8d-4dff-a7fb-96147de3cc05','Order 34ef1d8a-0a8d-4dff-a7fb-96147de3cc05 by Customer1@gmail.com',3,'',21,1,'2024-06-24 14:50:25.226097');
INSERT INTO django_admin_log VALUES(474,'f3f7f2f2-da5d-4ca7-b550-41cd66fc909d','Order f3f7f2f2-da5d-4ca7-b550-41cd66fc909d by Customer1@gmail.com',3,'',21,1,'2024-06-24 15:21:42.564740');
INSERT INTO django_admin_log VALUES(475,'415d754a-41fd-4f1a-87c1-25cdc5fba757','Order 415d754a-41fd-4f1a-87c1-25cdc5fba757 by Customer1@gmail.com',3,'',21,1,'2024-06-24 15:21:42.564740');
INSERT INTO django_admin_log VALUES(476,'c8c291e8-d3a2-4e2d-99fc-338bddb76517','Order c8c291e8-d3a2-4e2d-99fc-338bddb76517 by Customer1@gmail.com',3,'',21,1,'2024-06-24 15:21:42.580406');
INSERT INTO django_admin_log VALUES(477,'dfd9eb9f-76e4-4b56-b0a5-3d3487f0ae75','Order dfd9eb9f-76e4-4b56-b0a5-3d3487f0ae75 by Customer1@gmail.com',3,'',21,1,'2024-06-24 15:21:42.580406');
INSERT INTO django_admin_log VALUES(478,'005dfab3-5f53-47f0-b7af-a3f176f6af8b','Order 005dfab3-5f53-47f0-b7af-a3f176f6af8b by Customer1@gmail.com',3,'',21,1,'2024-06-24 15:21:42.596022');
INSERT INTO django_admin_log VALUES(479,'c7eba88f-e49f-4dc3-9460-450d951f1da2','Order c7eba88f-e49f-4dc3-9460-450d951f1da2 by Customer1@gmail.com',3,'',21,1,'2024-06-24 15:21:42.596022');
INSERT INTO django_admin_log VALUES(480,'1','Enrollment ID: 1, Course: CourseTitle',1,'[{"added": {}}]',18,1,'2024-06-25 23:04:52.817686');
INSERT INTO django_admin_log VALUES(481,'2','Enrollment ID: 2, Course: CourseTitle1',1,'[{"added": {}}]',18,1,'2024-06-25 23:05:15.808946');
INSERT INTO django_admin_log VALUES(482,'3a342f48-ffca-4b34-a894-2fadf1fd503f','Order 3a342f48-ffca-4b34-a894-2fadf1fd503f by Customer1@gmail.com',3,'',21,1,'2024-06-25 23:44:05.747451');
INSERT INTO django_admin_log VALUES(483,'9c693aba-4161-4dd4-aad4-06c29ac6c8a5','Order 9c693aba-4161-4dd4-aad4-06c29ac6c8a5 by Customer1@gmail.com',3,'',21,1,'2024-06-25 23:44:05.751452');
INSERT INTO django_admin_log VALUES(484,'0850d5a6-a899-4419-a1a6-c7950fceea5a','Order 0850d5a6-a899-4419-a1a6-c7950fceea5a by Customer1@gmail.com',3,'',21,1,'2024-06-25 23:44:05.755450');
INSERT INTO django_admin_log VALUES(485,'f7b27f57-9573-41d1-9a15-918ee44c5c11','Order f7b27f57-9573-41d1-9a15-918ee44c5c11 by Customer1@gmail.com',3,'',21,1,'2024-06-25 23:44:05.759450');
INSERT INTO django_admin_log VALUES(486,'1484c7d0-5351-4542-8f22-ee541ce3beea','Order 1484c7d0-5351-4542-8f22-ee541ce3beea by Customer1@gmail.com',3,'',21,1,'2024-06-25 23:45:49.392188');
INSERT INTO django_admin_log VALUES(487,'92913d8d-993e-4212-af30-848fca96b5aa','Order 92913d8d-993e-4212-af30-848fca96b5aa by Customer1@gmail.com',3,'',21,1,'2024-06-25 23:45:49.396868');
INSERT INTO django_admin_log VALUES(488,'3b52b8ab-fe07-4f6c-b4f9-1d59b307609d','Order 3b52b8ab-fe07-4f6c-b4f9-1d59b307609d by Customer1@gmail.com',3,'',21,1,'2024-06-25 23:45:49.401891');
INSERT INTO django_admin_log VALUES(489,'858515a6-6f8b-473a-bc15-45429a999ba4','Order 858515a6-6f8b-473a-bc15-45429a999ba4 by Customer1@gmail.com',3,'',21,1,'2024-06-25 23:45:49.406880');
INSERT INTO django_admin_log VALUES(490,'1','hesh ash',2,'[{"changed": {"fields": ["Governorate"]}}]',6,1,'2024-06-26 02:01:50.917811');
INSERT INTO django_admin_log VALUES(491,'372e6032-6b2b-4469-be05-52986ba8dbd3','Order 372e6032-6b2b-4469-be05-52986ba8dbd3 by Customer1@gmail.com',3,'',21,1,'2024-06-26 02:58:57.157296');
INSERT INTO django_admin_log VALUES(492,'eff0ea7b-36c9-462d-858d-5f5b6e7fa9be','Order eff0ea7b-36c9-462d-858d-5f5b6e7fa9be by Customer1@gmail.com',3,'',21,1,'2024-06-26 02:58:57.166267');
INSERT INTO django_admin_log VALUES(493,'b47bd611-2e59-4d68-8991-3d41c8e35538','Order b47bd611-2e59-4d68-8991-3d41c8e35538 by Customer1@gmail.com',3,'',21,1,'2024-06-26 02:58:57.174306');
INSERT INTO django_admin_log VALUES(494,'fd5b4a6f-84e4-4112-8bbc-338174df956c','Order fd5b4a6f-84e4-4112-8bbc-338174df956c by Customer1@gmail.com',3,'',21,1,'2024-06-26 02:58:57.182300');
INSERT INTO django_admin_log VALUES(495,'b4efb7b2-5883-40e2-bacb-8d9cfa66a887','Order b4efb7b2-5883-40e2-bacb-8d9cfa66a887 by Customer1@gmail.com',3,'',21,1,'2024-06-26 03:17:00.276599');
INSERT INTO django_admin_log VALUES(496,'a02d4bd6-f421-4891-bac1-8164e23bc7e9','Order a02d4bd6-f421-4891-bac1-8164e23bc7e9 by Customer1@gmail.com',3,'',21,1,'2024-06-26 03:17:00.283454');
INSERT INTO django_admin_log VALUES(497,'8ac6264b-a85f-4c2b-bac3-12e106398d17','Order 8ac6264b-a85f-4c2b-bac3-12e106398d17 by Customer1@gmail.com',3,'',21,1,'2024-06-26 03:17:00.289506');
INSERT INTO django_admin_log VALUES(498,'13e989ba-b357-429b-888a-642374f11511','Order 13e989ba-b357-429b-888a-642374f11511 by Customer1@gmail.com',3,'',21,1,'2024-06-26 03:17:00.295489');
INSERT INTO django_admin_log VALUES(499,'21ca85c5-16b6-46d8-87a2-0ada57abd2ea','Order 21ca85c5-16b6-46d8-87a2-0ada57abd2ea by Customer1@gmail.com',3,'',21,1,'2024-06-26 03:23:06.065795');
INSERT INTO django_admin_log VALUES(500,'809d294a-5698-429c-87bb-4817d76b62a9','Order 809d294a-5698-429c-87bb-4817d76b62a9 by Customer1@gmail.com',3,'',21,1,'2024-06-26 03:23:06.073565');
INSERT INTO django_admin_log VALUES(501,'61f4c700-e2c8-433e-afe8-a6839af126a6','Order 61f4c700-e2c8-433e-afe8-a6839af126a6 by Customer1@gmail.com',3,'',21,1,'2024-06-26 19:19:28.600613');
INSERT INTO django_admin_log VALUES(502,'0210dc88-f9f3-4731-8e4a-36155449554b','Order 0210dc88-f9f3-4731-8e4a-36155449554b by Customer1@gmail.com',3,'',21,1,'2024-06-26 19:19:28.609901');
INSERT INTO django_admin_log VALUES(503,'9e5428f9-2c4d-4238-9533-7237fa1dbc58','Order 9e5428f9-2c4d-4238-9533-7237fa1dbc58 by Customer1@gmail.com',3,'',21,1,'2024-06-26 19:23:18.269411');
INSERT INTO django_admin_log VALUES(504,'225f23f6-8027-4975-a220-1a3be447203a','Order 225f23f6-8027-4975-a220-1a3be447203a by Customer1@gmail.com',3,'',21,1,'2024-06-26 19:23:18.284335');
INSERT INTO django_admin_log VALUES(505,'10503702-fe0d-483d-a0d6-093ebc8fb0ad','Order 10503702-fe0d-483d-a0d6-093ebc8fb0ad by Customer1@gmail.com',3,'',21,1,'2024-06-26 19:23:18.289383');
INSERT INTO django_admin_log VALUES(506,'df5ebc10-a566-4214-bae7-11c8cc152266','Order df5ebc10-a566-4214-bae7-11c8cc152266 by Customer1@gmail.com',3,'',21,1,'2024-06-26 20:23:39.216288');
INSERT INTO django_admin_log VALUES(507,'733c91eb-9d01-4aba-81db-fb08ebc376bc','Order 733c91eb-9d01-4aba-81db-fb08ebc376bc by Customer1@gmail.com',3,'',21,1,'2024-06-26 20:23:39.224853');
INSERT INTO django_admin_log VALUES(508,'c4b49510-2bd0-4240-a704-ad4dd54f5ea8','Order c4b49510-2bd0-4240-a704-ad4dd54f5ea8 by Customer1@gmail.com',3,'',21,1,'2024-06-26 20:23:39.230891');
INSERT INTO django_admin_log VALUES(509,'8','col a',2,'[{"changed": {"fields": ["Stock"]}}]',12,1,'2024-06-26 20:25:07.011904');
INSERT INTO django_admin_log VALUES(510,'8','col a',2,'[]',12,1,'2024-06-26 20:25:10.238830');
INSERT INTO django_admin_log VALUES(511,'9','col a',2,'[{"changed": {"fields": ["Stock"]}}]',12,1,'2024-06-26 20:25:16.955610');
INSERT INTO django_admin_log VALUES(512,'9','col a',2,'[]',12,1,'2024-06-26 20:25:20.086495');
INSERT INTO django_admin_log VALUES(513,'10','col a',2,'[]',12,1,'2024-06-26 20:25:23.790770');
INSERT INTO django_admin_log VALUES(514,'2e8130af-ffd8-44ca-9649-a020990cfdb9','Order 2e8130af-ffd8-44ca-9649-a020990cfdb9 by Customer1@gmail.com',3,'',21,1,'2024-06-26 20:56:46.327215');
INSERT INTO django_admin_log VALUES(515,'db3d34b7-8f3b-42c8-bf4b-aa5211e80499','Order db3d34b7-8f3b-42c8-bf4b-aa5211e80499 by Customer1@gmail.com',3,'',21,1,'2024-06-26 20:56:46.331593');
INSERT INTO django_admin_log VALUES(516,'d44f53f8-3dae-4ae5-9028-667611bbbb16','Order d44f53f8-3dae-4ae5-9028-667611bbbb16 by Customer1@gmail.com',3,'',21,1,'2024-06-26 20:56:46.335603');
INSERT INTO django_admin_log VALUES(517,'a5ba0eea-af4d-4fea-afd3-2edd24f36838','Order a5ba0eea-af4d-4fea-afd3-2edd24f36838 by Customer1@gmail.com',3,'',21,1,'2024-06-26 20:56:46.339593');
INSERT INTO django_admin_log VALUES(518,'28e306ad-b2dc-4e47-8db1-5b8477cb66cd','Order 28e306ad-b2dc-4e47-8db1-5b8477cb66cd by Customer1@gmail.com',3,'',21,1,'2024-06-26 20:56:46.344591');
INSERT INTO django_admin_log VALUES(519,'88a6ee64-e23a-4d89-a6c1-04160a1fea7e','Order 88a6ee64-e23a-4d89-a6c1-04160a1fea7e by Customer1@gmail.com',3,'',21,1,'2024-06-26 22:21:44.132739');
INSERT INTO django_admin_log VALUES(520,'8490ef22-d125-4592-8254-94ad4ca2bb15','Order 8490ef22-d125-4592-8254-94ad4ca2bb15 by Customer1@gmail.com',3,'',21,1,'2024-06-26 22:21:44.137980');
INSERT INTO django_admin_log VALUES(521,'487142a2-846a-469e-a859-d5d225a599ba','Order 487142a2-846a-469e-a859-d5d225a599ba by Customer1@gmail.com',3,'',21,1,'2024-06-26 22:21:44.141984');
INSERT INTO django_admin_log VALUES(522,'108','CartItems object (108)',3,'',20,1,'2024-06-26 22:33:48.023550');
INSERT INTO django_admin_log VALUES(523,'c3507962-458c-4b8d-99f0-05f488196b28','Order c3507962-458c-4b8d-99f0-05f488196b28 by Customer1@gmail.com',3,'',21,1,'2024-06-26 22:39:42.403708');
INSERT INTO django_admin_log VALUES(524,'4805a963-e042-4761-96c8-92904bddef13','Order 4805a963-e042-4761-96c8-92904bddef13 by Customer1@gmail.com',3,'',21,1,'2024-06-26 22:39:42.410137');
INSERT INTO django_admin_log VALUES(525,'5ae75b63-cc30-421c-a685-5b02482ffd71','Order 5ae75b63-cc30-421c-a685-5b02482ffd71 by Customer1@gmail.com',3,'',21,1,'2024-06-26 22:39:42.417130');
INSERT INTO django_admin_log VALUES(526,'ddfe695c-ae51-48f6-8f69-3336711e6c5a','Order ddfe695c-ae51-48f6-8f69-3336711e6c5a by Customer1@gmail.com',3,'',21,1,'2024-06-26 22:42:44.887288');
INSERT INTO django_admin_log VALUES(527,'b77b443b-7669-4a6d-ae26-62df7ed1d421','Order b77b443b-7669-4a6d-ae26-62df7ed1d421 by Customer1@gmail.com',3,'',21,1,'2024-06-26 22:42:44.904386');
INSERT INTO django_admin_log VALUES(528,'aeb9c1ef-f7ec-4a7d-90a4-b22c2e12acff','Order aeb9c1ef-f7ec-4a7d-90a4-b22c2e12acff by Customer1@gmail.com',3,'',21,1,'2024-06-26 22:42:44.913374');
INSERT INTO django_admin_log VALUES(529,'52a37f13-b160-405a-bbe2-fe085e505923','Order 52a37f13-b160-405a-bbe2-fe085e505923 by Customer1@gmail.com',3,'',21,1,'2024-06-26 22:44:17.814028');
INSERT INTO django_admin_log VALUES(530,'04db79a5-cd1b-4880-b1d5-7f8d79ce586e','Order 04db79a5-cd1b-4880-b1d5-7f8d79ce586e by Customer1@gmail.com',3,'',21,1,'2024-06-26 22:44:17.820752');
INSERT INTO django_admin_log VALUES(531,'d546ae41-f952-4e11-883c-403b1b3aab7a','Order d546ae41-f952-4e11-883c-403b1b3aab7a by Customer1@gmail.com',3,'',21,1,'2024-06-26 22:44:17.826739');
INSERT INTO django_admin_log VALUES(532,'a82e01c7-5564-45f2-8e96-16bd07688c16','Order a82e01c7-5564-45f2-8e96-16bd07688c16 by Customer1@gmail.com',3,'',21,1,'2024-06-26 23:11:56.929461');
INSERT INTO django_admin_log VALUES(533,'c2cf00b7-5e2b-4eea-99a9-e33be2522b0e','Order c2cf00b7-5e2b-4eea-99a9-e33be2522b0e by Customer1@gmail.com',3,'',21,1,'2024-06-26 23:11:56.937893');
INSERT INTO django_admin_log VALUES(534,'eac8aae4-4729-49b4-9a3d-c6dcbcccd24e','Order eac8aae4-4729-49b4-9a3d-c6dcbcccd24e by Customer1@gmail.com',3,'',21,1,'2024-06-26 23:11:56.947892');
INSERT INTO django_admin_log VALUES(535,'3ee6fe4a-7c72-46de-9c2d-78c15d06aa35','Order 3ee6fe4a-7c72-46de-9c2d-78c15d06aa35 by Customer1@gmail.com',3,'',21,1,'2024-06-27 02:33:18.772694');
INSERT INTO django_admin_log VALUES(536,'122038f4-a547-4ec2-9c96-f12593c06050','Order 122038f4-a547-4ec2-9c96-f12593c06050 by Customer1@gmail.com',3,'',21,1,'2024-06-27 02:33:18.773699');
INSERT INTO django_admin_log VALUES(537,'cc6f3dd4-d2ab-4a0d-bec0-393c560cdea3','Order cc6f3dd4-d2ab-4a0d-bec0-393c560cdea3 by Customer1@gmail.com',3,'',21,1,'2024-06-27 02:33:18.773699');
INSERT INTO django_admin_log VALUES(538,'84d953a1-714c-492e-b1d2-e8fcd6335117','Order 84d953a1-714c-492e-b1d2-e8fcd6335117 by Customer1@gmail.com',3,'',21,1,'2024-06-27 02:33:18.773699');
INSERT INTO django_admin_log VALUES(539,'6dcf9aaa-0b1a-4eb5-918d-9d83f6b0fd50','Order 6dcf9aaa-0b1a-4eb5-918d-9d83f6b0fd50 by Customer1@gmail.com',3,'',21,1,'2024-06-27 02:33:18.789344');
INSERT INTO django_admin_log VALUES(540,'5ef53a83-f20d-4234-b9aa-eb6e6df32ee5','Order 5ef53a83-f20d-4234-b9aa-eb6e6df32ee5 by Customer1@gmail.com',3,'',21,1,'2024-06-27 02:33:18.795932');
INSERT INTO django_admin_log VALUES(541,'17','Customer1@gmail.com',2,'[{"changed": {"fields": ["Balance"]}}]',4,1,'2024-06-27 02:33:41.493466');
INSERT INTO django_admin_log VALUES(542,'1','',2,'[{"changed": {"fields": ["Stock"]}}]',12,1,'2024-06-27 02:35:54.561642');
INSERT INTO django_admin_log VALUES(543,'fb6c9012-ce0f-4067-bc7c-dd53154b98eb','Order fb6c9012-ce0f-4067-bc7c-dd53154b98eb by Customer1@gmail.com',3,'',21,1,'2024-06-27 02:37:02.909257');
INSERT INTO django_admin_log VALUES(544,'40d952c9-4d59-4490-8eb7-63d122990205','Order 40d952c9-4d59-4490-8eb7-63d122990205 by Customer1@gmail.com',3,'',21,1,'2024-06-27 02:37:02.909257');
INSERT INTO django_admin_log VALUES(545,'05ed9609-2a2f-4b0a-91ed-1e3e1d386a40','Order 05ed9609-2a2f-4b0a-91ed-1e3e1d386a40 by Customer1@gmail.com',3,'',21,1,'2024-06-27 02:37:02.909257');
INSERT INTO django_admin_log VALUES(546,'e53668c6-da8f-4fad-970d-336ef3bf67d8','Order e53668c6-da8f-4fad-970d-336ef3bf67d8 by Customer1@gmail.com',3,'',21,1,'2024-06-27 02:37:02.924881');
INSERT INTO django_admin_log VALUES(547,'565e59cb-3478-41c4-8e77-d16123b492b7','Order 565e59cb-3478-41c4-8e77-d16123b492b7 by Customer1@gmail.com',3,'',21,1,'2024-06-27 02:37:02.924881');
INSERT INTO django_admin_log VALUES(548,'67ab92f4-08f4-4110-831f-0425c69e560b','Order 67ab92f4-08f4-4110-831f-0425c69e560b by Customer1@gmail.com',3,'',21,1,'2024-06-27 02:37:02.924881');
INSERT INTO django_admin_log VALUES(549,'7ffd8771-2dfb-4310-8c3f-c9ef7884a112','ReturnRequest #7ffd8771-2dfb-4310-8c3f-c9ef7884a112 - Customer1@gmail.com returning ',3,'',47,1,'2024-06-27 19:57:45.414852');
INSERT INTO django_admin_log VALUES(550,'66601fae-ee28-4c21-99cc-5c3555240858','ReturnRequest #66601fae-ee28-4c21-99cc-5c3555240858 - Customer1@gmail.com returning ',3,'',47,1,'2024-06-27 19:57:45.419848');
INSERT INTO django_admin_log VALUES(551,'3477dd3a-38a1-485a-a646-696f6f746457','ReturnRequest #3477dd3a-38a1-485a-a646-696f6f746457 - Customer1@gmail.com returning ',3,'',47,1,'2024-06-27 19:57:45.424853');
INSERT INTO django_admin_log VALUES(552,'ce680501-e64c-4811-b7c4-0e0bbe38ac38','ReturnRequest #ce680501-e64c-4811-b7c4-0e0bbe38ac38 - Customer1@gmail.com returning ',3,'',47,1,'2024-06-27 19:57:45.429853');
INSERT INTO django_admin_log VALUES(553,'3da4175c-57d1-499e-8ec7-3a7b1c898b15','ReturnRequest #3da4175c-57d1-499e-8ec7-3a7b1c898b15 - Customer1@gmail.com returning ',3,'',47,1,'2024-06-27 19:57:45.435855');
INSERT INTO django_admin_log VALUES(554,'c1c0678a-f2b5-4702-b99b-749a397eb7e8','ReturnRequest #c1c0678a-f2b5-4702-b99b-749a397eb7e8 - Customer1@gmail.com returning ',3,'',47,1,'2024-06-27 19:57:45.440847');
INSERT INTO django_admin_log VALUES(555,'b52eb372-6ef3-46bf-9064-9ea2cb382bad','ReturnRequest #b52eb372-6ef3-46bf-9064-9ea2cb382bad - Customer1@gmail.com returning ',3,'',47,1,'2024-06-27 19:57:45.445849');
INSERT INTO django_admin_log VALUES(556,'2b6bfd86-35aa-433f-a3a6-ed5923b0f3f9','ReturnRequest #2b6bfd86-35aa-433f-a3a6-ed5923b0f3f9 - Customer1@gmail.com returning ',3,'',47,1,'2024-06-27 19:57:45.450848');
INSERT INTO django_admin_log VALUES(557,'8d63cfbc-4b73-44f7-85ea-7965342e4bfc','8d63cfbc-4b73-44f7-85ea-7965342e4bfc',3,'',21,1,'2024-06-27 19:58:18.416161');
INSERT INTO django_admin_log VALUES(558,'0169fbcf-cb5a-494c-9074-afd7c482035a','0169fbcf-cb5a-494c-9074-afd7c482035a',3,'',21,1,'2024-06-27 19:58:42.229361');
INSERT INTO django_admin_log VALUES(559,'b802074b-968e-4c3d-913a-0c373f1036ca','b802074b-968e-4c3d-913a-0c373f1036ca',3,'',21,1,'2024-06-27 19:58:42.234020');
INSERT INTO django_admin_log VALUES(560,'f785c6be-4dee-4341-9103-e8fbe7a360bc','f785c6be-4dee-4341-9103-e8fbe7a360bc',3,'',21,1,'2024-06-27 19:58:42.239019');
INSERT INTO django_admin_log VALUES(561,'25ef0860-5f4e-4dd1-847f-cace008c9cf2','25ef0860-5f4e-4dd1-847f-cace008c9cf2',3,'',21,1,'2024-06-27 19:58:42.244019');
INSERT INTO django_admin_log VALUES(562,'58a1f77e-fecf-4a00-8d45-03434d6136ca','58a1f77e-fecf-4a00-8d45-03434d6136ca',3,'',21,1,'2024-06-27 19:58:42.248021');
INSERT INTO django_admin_log VALUES(563,'f738d5e7-d83f-4042-a7f1-4a29fda3f386','f738d5e7-d83f-4042-a7f1-4a29fda3f386',3,'',21,1,'2024-06-27 19:58:42.252341');
INSERT INTO django_admin_log VALUES(564,'7d80d68e-565b-4ad0-8b8d-14c0e1f3b26d','7d80d68e-565b-4ad0-8b8d-14c0e1f3b26d',3,'',21,1,'2024-06-27 19:58:42.256355');
INSERT INTO django_admin_log VALUES(565,'c15b91be-d232-4082-8bfa-3900326feee7','c15b91be-d232-4082-8bfa-3900326feee7',3,'',21,1,'2024-06-27 19:58:42.260564');
INSERT INTO django_admin_log VALUES(566,'ffe8c101-2e30-419f-98d2-94ea85a629fd','ffe8c101-2e30-419f-98d2-94ea85a629fd',3,'',21,1,'2024-06-27 20:28:58.237139');
INSERT INTO django_admin_log VALUES(567,'fbf595c0-ee26-418d-aa3d-61cc3a161be6','ReturnRequest #fbf595c0-ee26-418d-aa3d-61cc3a161be6 - waleeddarwesh@gmail.com returning ',3,'',47,1,'2024-06-27 21:45:26.572563');
INSERT INTO django_admin_log VALUES(568,'b6e3bec5-e621-4c24-b385-4ed38266d9b0','ReturnRequest #b6e3bec5-e621-4c24-b385-4ed38266d9b0 - waleeddarwesh@gmail.com returning ',3,'',47,1,'2024-06-27 21:56:49.746322');
INSERT INTO django_admin_log VALUES(569,'c18c48ea-39e6-46d4-9678-a2c0807e5190','ReturnRequest #c18c48ea-39e6-46d4-9678-a2c0807e5190 - waleeddarwesh@gmail.com returning ',3,'',47,1,'2024-06-27 21:57:03.851215');
INSERT INTO django_admin_log VALUES(570,'63e2779c-3783-494c-b54d-7edcbe796b84','ReturnRequest #63e2779c-3783-494c-b54d-7edcbe796b84 - waleeddarwesh@gmail.com returning ',3,'',47,1,'2024-06-27 21:58:27.944303');
INSERT INTO django_admin_log VALUES(571,'16','waleeddarwesh@gmail.com',2,'[{"changed": {"fields": ["Balance"]}}]',4,1,'2024-06-27 22:30:25.617909');
INSERT INTO django_admin_log VALUES(572,'16','waleeddarwesh@gmail.com',2,'[{"changed": {"fields": ["Balance"]}}]',4,1,'2024-06-27 22:41:20.888843');
INSERT INTO django_admin_log VALUES(573,'16','waleeddarwesh@gmail.com',2,'[{"changed": {"fields": ["Balance"]}}]',4,1,'2024-06-27 22:42:16.609738');
INSERT INTO django_admin_log VALUES(574,'16','waleeddarwesh@gmail.com',2,'[{"changed": {"fields": ["Balance"]}}]',4,1,'2024-06-27 22:42:48.652975');
INSERT INTO django_admin_log VALUES(575,'16','waleeddarwesh@gmail.com',2,'[{"changed": {"fields": ["Balance"]}}]',4,1,'2024-06-27 22:52:28.840097');
INSERT INTO django_admin_log VALUES(576,'18','CraftEG@Craft.com',1,'[{"added": {}}]',4,1,'2024-06-28 11:33:14.409430');
INSERT INTO django_admin_log VALUES(577,'17','Customer1@gmail.com',2,'[{"changed": {"fields": ["Balance"]}}]',4,1,'2024-06-28 13:43:08.135001');
INSERT INTO django_admin_log VALUES(578,'11','col a',3,'',12,1,'2024-06-28 22:33:23.281707');
INSERT INTO django_admin_log VALUES(579,'10','col a',3,'',12,1,'2024-06-28 22:33:23.289169');
INSERT INTO django_admin_log VALUES(580,'9','col a',3,'',12,1,'2024-06-28 22:33:23.294241');
INSERT INTO django_admin_log VALUES(581,'8','col a',3,'',12,1,'2024-06-28 22:33:23.301170');
INSERT INTO django_admin_log VALUES(582,'7','col a',3,'',12,1,'2024-06-28 22:33:23.308752');
INSERT INTO django_admin_log VALUES(583,'6','col a',3,'',12,1,'2024-06-28 22:33:23.314787');
INSERT INTO django_admin_log VALUES(584,'5','sdsdsssscscs',3,'',12,1,'2024-06-28 22:33:23.320758');
INSERT INTO django_admin_log VALUES(585,'4','sdsdsssscscs',3,'',12,1,'2024-06-28 22:33:23.325836');
INSERT INTO django_admin_log VALUES(586,'3','sdsdsssscscs',3,'',12,1,'2024-06-28 22:33:23.332792');
INSERT INTO django_admin_log VALUES(587,'2','wewe',3,'',12,1,'2024-06-28 22:33:23.340822');
INSERT INTO django_admin_log VALUES(588,'1','',3,'',12,1,'2024-06-28 22:33:23.348667');
INSERT INTO django_admin_log VALUES(589,'6','LectureTitle',3,'',17,1,'2024-06-28 22:33:36.702615');
INSERT INTO django_admin_log VALUES(590,'5','LectureTitle',3,'',17,1,'2024-06-28 22:33:36.709817');
INSERT INTO django_admin_log VALUES(591,'4','LectureTitle',3,'',17,1,'2024-06-28 22:33:36.714845');
INSERT INTO django_admin_log VALUES(592,'3','LectureTitle',3,'',17,1,'2024-06-28 22:33:36.721798');
INSERT INTO django_admin_log VALUES(593,'2','LectureTitle',3,'',17,1,'2024-06-28 22:33:36.728069');
INSERT INTO django_admin_log VALUES(594,'1','LectureTitle',3,'',17,1,'2024-06-28 22:33:36.736074');
INSERT INTO django_admin_log VALUES(595,'5','CourseTitle10',3,'',16,1,'2024-06-28 22:33:44.384658');
INSERT INTO django_admin_log VALUES(596,'4','CourseTitle1',3,'',16,1,'2024-06-28 22:33:44.393663');
INSERT INTO django_admin_log VALUES(597,'2','CourseTitle',3,'',16,1,'2024-06-28 22:33:44.399023');
INSERT INTO django_admin_log VALUES(598,'1','aasa',3,'',16,1,'2024-06-28 22:33:44.405959');
INSERT INTO django_admin_log VALUES(599,'dfc20d16-d51b-4dd8-95f1-11cdf4ff64f0','Cart object (dfc20d16-d51b-4dd8-95f1-11cdf4ff64f0)',3,'',19,1,'2024-06-28 22:33:57.856385');
INSERT INTO django_admin_log VALUES(600,'7d7c7bfb-d79e-4417-8227-c3a456583d4c','Cart object (7d7c7bfb-d79e-4417-8227-c3a456583d4c)',3,'',19,1,'2024-06-28 22:33:57.866437');
INSERT INTO django_admin_log VALUES(601,'78068077-bb14-4305-9c32-3f8821d8853a','Cart object (78068077-bb14-4305-9c32-3f8821d8853a)',3,'',19,1,'2024-06-28 22:33:57.872372');
INSERT INTO django_admin_log VALUES(602,'20','mx70',3,'',35,1,'2024-06-28 22:34:05.227181');
INSERT INTO django_admin_log VALUES(603,'19','mx15',3,'',35,1,'2024-06-28 22:34:05.236918');
INSERT INTO django_admin_log VALUES(604,'17','mx10',3,'',35,1,'2024-06-28 22:34:05.242740');
INSERT INTO django_admin_log VALUES(605,'16','ax70',3,'',35,1,'2024-06-28 22:34:05.249811');
INSERT INTO django_admin_log VALUES(606,'15','ax71',3,'',35,1,'2024-06-28 22:34:05.254805');
INSERT INTO django_admin_log VALUES(607,'14','ax72',3,'',35,1,'2024-06-28 22:34:05.260808');
INSERT INTO django_admin_log VALUES(608,'13','ax74',3,'',35,1,'2024-06-28 22:34:05.267548');
INSERT INTO django_admin_log VALUES(609,'12','ax73',3,'',35,1,'2024-06-28 22:34:05.274571');
INSERT INTO django_admin_log VALUES(610,'6','Dammeita',3,'',44,1,'2024-06-28 22:34:27.355347');
INSERT INTO django_admin_log VALUES(611,'5','Cairo',3,'',44,1,'2024-06-28 22:34:27.363820');
INSERT INTO django_admin_log VALUES(612,'4','Aswan',3,'',44,1,'2024-06-28 22:34:27.370775');
INSERT INTO django_admin_log VALUES(613,'e65dfd4d-eb5e-478b-adaf-1c0142fe8f66','Wishlist for: Waleed Darwesh',3,'',30,1,'2024-06-28 22:34:39.724022');
INSERT INTO django_admin_log VALUES(614,'6ccd1c24-e60f-4bdf-86da-88a0c2cd2976','Wishlist for: Waleed Darwesh',3,'',30,1,'2024-06-28 22:34:39.739527');
INSERT INTO django_admin_log VALUES(615,'1','Collection object (1)',3,'',33,1,'2024-06-28 22:34:53.352551');
INSERT INTO django_admin_log VALUES(616,'1','mat',3,'',11,1,'2024-06-28 22:34:59.043019');
INSERT INTO django_admin_log VALUES(617,'11','Balance_Withdraw_Request object (11)',3,'',48,1,'2024-06-28 22:35:17.955525');
INSERT INTO django_admin_log VALUES(618,'10','Balance_Withdraw_Request object (10)',3,'',48,1,'2024-06-28 22:35:17.964468');
INSERT INTO django_admin_log VALUES(619,'9','Balance_Withdraw_Request object (9)',3,'',48,1,'2024-06-28 22:35:17.972561');
INSERT INTO django_admin_log VALUES(620,'8','Balance_Withdraw_Request object (8)',3,'',48,1,'2024-06-28 22:35:17.980562');
INSERT INTO django_admin_log VALUES(621,'7','Balance_Withdraw_Request object (7)',3,'',48,1,'2024-06-28 22:35:17.986979');
INSERT INTO django_admin_log VALUES(622,'6','Balance_Withdraw_Request object (6)',3,'',48,1,'2024-06-28 22:35:17.992980');
INSERT INTO django_admin_log VALUES(623,'5','Balance_Withdraw_Request object (5)',3,'',48,1,'2024-06-28 22:35:17.999989');
INSERT INTO django_admin_log VALUES(624,'4','Balance_Withdraw_Request object (4)',3,'',48,1,'2024-06-28 22:35:18.006639');
INSERT INTO django_admin_log VALUES(625,'3','Balance_Withdraw_Request object (3)',3,'',48,1,'2024-06-28 22:35:18.014669');
INSERT INTO django_admin_log VALUES(626,'2','Balance_Withdraw_Request object (2)',3,'',48,1,'2024-06-28 22:35:18.021678');
INSERT INTO django_admin_log VALUES(627,'1','Balance_Withdraw_Request object (1)',3,'',48,1,'2024-06-28 22:35:18.030206');
INSERT INTO django_admin_log VALUES(628,'24','Review object (24)',3,'',31,1,'2024-06-28 22:35:33.739945');
INSERT INTO django_admin_log VALUES(629,'21','Review object (21)',3,'',31,1,'2024-06-28 22:35:33.747536');
INSERT INTO django_admin_log VALUES(630,'1','Woody',1,'[{"added": {}}]',12,1,'2024-07-03 23:17:50.966047');
INSERT INTO django_admin_log VALUES(631,'1','Woody',2,'[]',12,1,'2024-07-03 23:19:43.440484');
INSERT INTO django_admin_log VALUES(632,'20','ahmed@supplier.com',1,'[{"added": {}}]',4,19,'2024-07-03 23:46:39.989319');
INSERT INTO django_admin_log VALUES(633,'21','ali@supplier.com',1,'[{"added": {}}]',4,19,'2024-07-03 23:47:52.856302');
INSERT INTO django_admin_log VALUES(634,'22','omar@supplier.com',1,'[{"added": {}}]',4,19,'2024-07-03 23:48:52.566100');
INSERT INTO django_admin_log VALUES(635,'23','amr@supplier.com',1,'[{"added": {}}]',4,19,'2024-07-03 23:50:21.799838');
INSERT INTO django_admin_log VALUES(636,'24','mahmoud@supplier.com',1,'[{"added": {}}]',4,19,'2024-07-03 23:51:06.595641');
INSERT INTO django_admin_log VALUES(637,'25','sara@supplier.com',1,'[{"added": {}}]',4,19,'2024-07-03 23:51:46.605756');
INSERT INTO django_admin_log VALUES(638,'26','mona@supplier.com',1,'[{"added": {}}]',4,19,'2024-07-03 23:52:25.455654');
INSERT INTO django_admin_log VALUES(639,'27','mai@supplier.com',1,'[{"added": {}}]',4,19,'2024-07-03 23:53:28.556757');
INSERT INTO django_admin_log VALUES(640,'28','rahma@supplier.com',1,'[{"added": {}}]',4,19,'2024-07-03 23:56:35.509846');
INSERT INTO django_admin_log VALUES(641,'29','khaled@supplier.com',1,'[{"added": {}}]',4,19,'2024-07-03 23:57:18.426132');
INSERT INTO django_admin_log VALUES(642,'7','ahmed mohamed',1,'[{"added": {}}]',8,19,'2024-07-04 00:04:27.517406');
INSERT INTO django_admin_log VALUES(643,'8','ali mohamed',1,'[{"added": {}}]',8,19,'2024-07-04 00:05:19.998744');
INSERT INTO django_admin_log VALUES(644,'9','amr mohamed',1,'[{"added": {}}]',8,19,'2024-07-04 00:05:57.180719');
INSERT INTO django_admin_log VALUES(645,'10','mai mohamed',1,'[{"added": {}}]',8,19,'2024-07-04 00:07:24.951424');
INSERT INTO django_admin_log VALUES(646,'11','mona mohamed',1,'[{"added": {}}]',8,19,'2024-07-04 00:08:04.846015');
INSERT INTO django_admin_log VALUES(647,'12','khaled mohamed',1,'[{"added": {}}]',8,19,'2024-07-04 00:08:53.457544');
INSERT INTO django_admin_log VALUES(648,'13','Omar mohamed',1,'[{"added": {}}]',8,19,'2024-07-04 00:09:35.839120');
INSERT INTO django_admin_log VALUES(649,'14','rahma mohamed',1,'[{"added": {}}]',8,19,'2024-07-04 00:10:25.040860');
INSERT INTO django_admin_log VALUES(650,'15','sara mohamed',1,'[{"added": {}}]',8,19,'2024-07-04 00:11:33.425011');
INSERT INTO django_admin_log VALUES(651,'30','taha@supplier.com',1,'[{"added": {}}]',4,19,'2024-07-04 00:13:41.857226');
INSERT INTO django_admin_log VALUES(652,'16','taha mohamed',1,'[{"added": {}}]',8,19,'2024-07-04 00:14:25.089081');
INSERT INTO django_admin_log VALUES(653,'1','wood',3,'',10,19,'2024-07-04 00:15:05.409608');
INSERT INTO django_admin_log VALUES(654,'2','bamboo',1,'[{"added": {}}]',10,19,'2024-07-04 00:17:46.126173');
INSERT INTO django_admin_log VALUES(655,'3','candles',1,'[{"added": {}}]',10,19,'2024-07-04 00:18:35.506626');
INSERT INTO django_admin_log VALUES(656,'2','bamboo',2,'[{"changed": {"fields": ["Picture"]}}]',10,19,'2024-07-04 00:19:01.733496');
INSERT INTO django_admin_log VALUES(657,'4','carpets',1,'[{"added": {}}]',10,19,'2024-07-04 00:19:35.526933');
INSERT INTO django_admin_log VALUES(658,'5','crocheting',1,'[{"added": {}}]',10,19,'2024-07-04 00:20:28.415185');
INSERT INTO django_admin_log VALUES(659,'6','jewelry',1,'[{"added": {}}]',10,19,'2024-07-04 00:21:16.268729');
INSERT INTO django_admin_log VALUES(660,'7','leather',1,'[{"added": {}}]',10,19,'2024-07-04 00:22:26.663167');
INSERT INTO django_admin_log VALUES(661,'8','pottery',1,'[{"added": {}}]',10,19,'2024-07-04 00:23:01.281503');
INSERT INTO django_admin_log VALUES(662,'9','sewing',1,'[{"added": {}}]',10,19,'2024-07-04 00:23:41.176024');
INSERT INTO django_admin_log VALUES(663,'10','soap',1,'[{"added": {}}]',10,19,'2024-07-04 00:24:13.289733');
INSERT INTO django_admin_log VALUES(664,'11','wooden',1,'[{"added": {}}]',10,19,'2024-07-04 00:24:48.314109');
INSERT INTO django_admin_log VALUES(665,'2','bamboo chair',1,'[{"added": {}}]',12,19,'2024-07-04 00:27:19.417635');
INSERT INTO django_admin_log VALUES(666,'19','bamboo chair',1,'[{"added": {}}]',15,19,'2024-07-04 00:27:47.977800');
INSERT INTO django_admin_log VALUES(667,'3','bamboo led-spot',1,'[{"added": {}}]',12,19,'2024-07-04 00:29:28.334687');
INSERT INTO django_admin_log VALUES(668,'4','bamboo tables',1,'[{"added": {}}]',12,19,'2024-07-04 00:30:50.307865');
INSERT INTO django_admin_log VALUES(669,'20','bamboo led-spot',1,'[{"added": {}}]',15,19,'2024-07-04 00:31:11.049215');
INSERT INTO django_admin_log VALUES(670,'21','bamboo tables',1,'[{"added": {}}]',15,19,'2024-07-04 00:31:24.304308');
INSERT INTO django_admin_log VALUES(671,'16','bamboo chair',1,'[{"added": {}}]',13,19,'2024-07-04 00:31:54.740810');
INSERT INTO django_admin_log VALUES(672,'17','bamboo led-spot',1,'[{"added": {}}]',13,19,'2024-07-04 00:32:00.595069');
INSERT INTO django_admin_log VALUES(673,'17','bamboo led-spot',2,'[{"changed": {"fields": ["Image"]}}]',13,19,'2024-07-04 00:32:18.627428');
INSERT INTO django_admin_log VALUES(674,'18','bamboo led-spot',1,'[{"added": {}}]',13,19,'2024-07-04 00:32:31.787617');
INSERT INTO django_admin_log VALUES(675,'19','bamboo led-spot',1,'[{"added": {}}]',13,19,'2024-07-04 00:32:41.323020');
INSERT INTO django_admin_log VALUES(676,'20','bamboo tables',1,'[{"added": {}}]',13,19,'2024-07-04 00:33:01.143293');
INSERT INTO django_admin_log VALUES(677,'19','bamboo chair',1,'[{"added": {}}]',14,19,'2024-07-04 00:33:23.763318');
INSERT INTO django_admin_log VALUES(678,'20','bamboo led-spot',1,'[{"added": {}}]',14,19,'2024-07-04 00:33:33.693825');
INSERT INTO django_admin_log VALUES(679,'21','bamboo tables',1,'[{"added": {}}]',14,19,'2024-07-04 00:33:42.801806');
INSERT INTO django_admin_log VALUES(680,'5','Rose scented candle',1,'[{"added": {}}]',12,19,'2024-07-04 00:35:40.169435');
INSERT INTO django_admin_log VALUES(681,'6','Vanilla scented candle',1,'[{"added": {}}]',12,19,'2024-07-04 00:37:58.550325');
INSERT INTO django_admin_log VALUES(682,'7','Strawberry scented candle',1,'[{"added": {}}]',12,19,'2024-07-04 00:39:33.157273');
INSERT INTO django_admin_log VALUES(683,'22','Rose scented candle',1,'[{"added": {}}]',15,19,'2024-07-04 00:39:52.972068');
INSERT INTO django_admin_log VALUES(684,'23','Vanilla scented candle',1,'[{"added": {}}]',15,19,'2024-07-04 00:40:01.939068');
INSERT INTO django_admin_log VALUES(685,'24','Strawberry scented candle',1,'[{"added": {}}]',15,19,'2024-07-04 00:40:09.055413');
INSERT INTO django_admin_log VALUES(686,'21','Rose scented candle',1,'[{"added": {}}]',13,19,'2024-07-04 00:40:51.373804');
INSERT INTO django_admin_log VALUES(687,'22','Vanilla scented candle',1,'[{"added": {}}]',13,19,'2024-07-04 00:41:20.636134');
INSERT INTO django_admin_log VALUES(688,'23','Strawberry scented candle',1,'[{"added": {}}]',13,19,'2024-07-04 00:41:37.162071');
INSERT INTO django_admin_log VALUES(689,'22','Rose scented candle',1,'[{"added": {}}]',14,19,'2024-07-04 00:41:53.236312');
INSERT INTO django_admin_log VALUES(690,'23','Vanilla scented candle',1,'[{"added": {}}]',14,19,'2024-07-04 00:42:03.875916');
INSERT INTO django_admin_log VALUES(691,'24','Strawberry scented candle',1,'[{"added": {}}]',14,19,'2024-07-04 00:42:11.077777');
INSERT INTO django_admin_log VALUES(692,'8','Circular carpet',1,'[{"added": {}}]',12,19,'2024-07-04 00:43:42.172823');
INSERT INTO django_admin_log VALUES(693,'9','Reception carpet',1,'[{"added": {}}]',12,19,'2024-07-04 00:45:28.541558');
INSERT INTO django_admin_log VALUES(694,'25','Circular carpet',1,'[{"added": {}}]',15,19,'2024-07-04 00:45:46.162431');
INSERT INTO django_admin_log VALUES(695,'26','Reception carpet',1,'[{"added": {}}]',15,19,'2024-07-04 00:45:55.149046');
INSERT INTO django_admin_log VALUES(696,'24','Circular carpet',1,'[{"added": {}}]',13,19,'2024-07-04 00:46:13.282388');
INSERT INTO django_admin_log VALUES(697,'25','Reception carpet',1,'[{"added": {}}]',13,19,'2024-07-04 00:46:33.644392');
INSERT INTO django_admin_log VALUES(698,'25','Circular carpet',1,'[{"added": {}}]',14,19,'2024-07-04 00:46:53.618238');
INSERT INTO django_admin_log VALUES(699,'26','Reception carpet',1,'[{"added": {}}]',14,19,'2024-07-04 00:47:01.383750');
INSERT INTO django_admin_log VALUES(700,'10','crochet ice cap',1,'[{"added": {}}]',12,19,'2024-07-04 00:50:16.477830');
INSERT INTO django_admin_log VALUES(701,'11','crochet handbag',1,'[{"added": {}}]',12,19,'2024-07-04 00:51:26.849615');
INSERT INTO django_admin_log VALUES(702,'12','crochet dummy',1,'[{"added": {}}]',12,19,'2024-07-04 00:54:19.306265');
INSERT INTO django_admin_log VALUES(703,'27','crochet ice cap',1,'[{"added": {}}]',15,19,'2024-07-04 00:54:38.245207');
INSERT INTO django_admin_log VALUES(704,'28','crochet handbag',1,'[{"added": {}}]',15,19,'2024-07-04 00:54:47.269628');
INSERT INTO django_admin_log VALUES(705,'29','crochet dummy',1,'[{"added": {}}]',15,19,'2024-07-04 00:54:56.077565');
INSERT INTO django_admin_log VALUES(706,'26','crochet ice cap',1,'[{"added": {}}]',13,19,'2024-07-04 00:55:14.992113');
INSERT INTO django_admin_log VALUES(707,'27','crochet ice cap',1,'[{"added": {}}]',13,19,'2024-07-04 00:55:28.402627');
INSERT INTO django_admin_log VALUES(708,'28','crochet handbag',1,'[{"added": {}}]',13,19,'2024-07-04 00:55:38.692662');
INSERT INTO django_admin_log VALUES(709,'29','crochet dummy',1,'[{"added": {}}]',13,19,'2024-07-04 00:55:52.064004');
INSERT INTO django_admin_log VALUES(710,'27','crochet ice cap',1,'[{"added": {}}]',14,19,'2024-07-04 00:56:08.653799');
INSERT INTO django_admin_log VALUES(711,'28','crochet handbag',1,'[{"added": {}}]',14,19,'2024-07-04 00:56:17.397874');
INSERT INTO django_admin_log VALUES(712,'29','crochet dummy',1,'[{"added": {}}]',14,19,'2024-07-04 00:56:32.329273');
INSERT INTO django_admin_log VALUES(713,'13','Earring',1,'[{"added": {}}]',12,19,'2024-07-04 00:58:54.010207');
INSERT INTO django_admin_log VALUES(714,'14','Ring',1,'[{"added": {}}]',12,19,'2024-07-04 00:59:59.802491');
INSERT INTO django_admin_log VALUES(715,'15','necklace',1,'[{"added": {}}]',12,19,'2024-07-04 01:01:46.830745');
INSERT INTO django_admin_log VALUES(716,'30','Earring',1,'[{"added": {}}]',15,19,'2024-07-04 01:02:35.050370');
INSERT INTO django_admin_log VALUES(717,'31','Ring',1,'[{"added": {}}]',15,19,'2024-07-04 01:02:42.509473');
INSERT INTO django_admin_log VALUES(718,'32','necklace',1,'[{"added": {}}]',15,19,'2024-07-04 01:02:49.106088');
INSERT INTO django_admin_log VALUES(719,'30','Earring',1,'[{"added": {}}]',13,19,'2024-07-04 01:03:10.915114');
INSERT INTO django_admin_log VALUES(720,'31','Ring',1,'[{"added": {}}]',13,19,'2024-07-04 01:03:42.067886');
INSERT INTO django_admin_log VALUES(721,'32','necklace',1,'[{"added": {}}]',13,19,'2024-07-04 01:03:59.517264');
INSERT INTO django_admin_log VALUES(722,'30','Earring',1,'[{"added": {}}]',14,19,'2024-07-04 01:04:13.120441');
INSERT INTO django_admin_log VALUES(723,'31','Ring',1,'[{"added": {}}]',14,19,'2024-07-04 01:04:41.170503');
INSERT INTO django_admin_log VALUES(724,'32','necklace',1,'[{"added": {}}]',14,19,'2024-07-04 01:04:48.800960');
INSERT INTO django_admin_log VALUES(725,'16','labtob-bag',1,'[{"added": {}}]',12,19,'2024-07-04 01:06:16.649202');
INSERT INTO django_admin_log VALUES(726,'17','wallet',1,'[{"added": {}}]',12,19,'2024-07-04 01:07:18.088169');
INSERT INTO django_admin_log VALUES(727,'18','women-handbag',1,'[{"added": {}}]',12,19,'2024-07-04 01:08:41.455661');
INSERT INTO django_admin_log VALUES(728,'33','labtob-bag',1,'[{"added": {}}]',15,19,'2024-07-04 01:09:03.252382');
INSERT INTO django_admin_log VALUES(729,'34','wallet',1,'[{"added": {}}]',15,19,'2024-07-04 01:09:11.920154');
INSERT INTO django_admin_log VALUES(730,'35','women-handbag',1,'[{"added": {}}]',15,19,'2024-07-04 01:09:18.923813');
INSERT INTO django_admin_log VALUES(731,'33','labtob-bag',1,'[{"added": {}}]',13,19,'2024-07-04 01:09:45.217928');
INSERT INTO django_admin_log VALUES(732,'34','wallet',1,'[{"added": {}}]',13,19,'2024-07-04 01:09:57.882269');
INSERT INTO django_admin_log VALUES(733,'35','women-handbag',1,'[{"added": {}}]',13,19,'2024-07-04 01:10:11.718521');
INSERT INTO django_admin_log VALUES(734,'33','labtob-bag',1,'[{"added": {}}]',14,19,'2024-07-04 01:10:35.163239');
INSERT INTO django_admin_log VALUES(735,'34','wallet',1,'[{"added": {}}]',14,19,'2024-07-04 01:10:41.758564');
INSERT INTO django_admin_log VALUES(736,'35','women-handbag',1,'[{"added": {}}]',14,19,'2024-07-04 01:10:51.895405');
INSERT INTO django_admin_log VALUES(737,'19','pottery-cups',1,'[{"added": {}}]',12,19,'2024-07-04 01:14:15.376362');
INSERT INTO django_admin_log VALUES(738,'20','pottery-ket',1,'[{"added": {}}]',12,19,'2024-07-04 01:15:19.026419');
INSERT INTO django_admin_log VALUES(739,'36','pottery-cups',1,'[{"added": {}}]',15,19,'2024-07-04 01:15:35.866739');
INSERT INTO django_admin_log VALUES(740,'37','pottery-ket',1,'[{"added": {}}]',15,19,'2024-07-04 01:15:58.344395');
INSERT INTO django_admin_log VALUES(741,'20','pottery-ket',2,'[{"changed": {"fields": ["QuantityPerUnit"]}}]',12,19,'2024-07-04 01:16:15.361111');
INSERT INTO django_admin_log VALUES(742,'36','pottery-cups',1,'[{"added": {}}]',13,19,'2024-07-04 01:16:36.950107');
INSERT INTO django_admin_log VALUES(743,'37','pottery-ket',1,'[{"added": {}}]',13,19,'2024-07-04 01:16:49.704059');
INSERT INTO django_admin_log VALUES(744,'36','pottery-cups',1,'[{"added": {}}]',14,19,'2024-07-04 01:17:01.441767');
INSERT INTO django_admin_log VALUES(745,'36','pottery-cups',2,'[{"changed": {"fields": ["Color"]}}]',14,19,'2024-07-04 01:17:07.852896');
INSERT INTO django_admin_log VALUES(746,'37','pottery-ket',1,'[{"added": {}}]',14,19,'2024-07-04 01:17:18.415784');
INSERT INTO django_admin_log VALUES(747,'21','green cardigan',1,'[{"added": {}}]',12,19,'2024-07-04 01:20:14.244762');
INSERT INTO django_admin_log VALUES(748,'22','gray cardigan',1,'[{"added": {}}]',12,19,'2024-07-04 01:21:04.069613');
INSERT INTO django_admin_log VALUES(749,'38','green cardigan',1,'[{"added": {}}]',15,19,'2024-07-04 01:21:15.632790');
INSERT INTO django_admin_log VALUES(750,'39','gray cardigan',1,'[{"added": {}}]',15,19,'2024-07-04 01:21:21.863060');
INSERT INTO django_admin_log VALUES(751,'38','green cardigan',1,'[{"added": {}}]',13,19,'2024-07-04 01:22:01.786313');
INSERT INTO django_admin_log VALUES(752,'39','gray cardigan',1,'[{"added": {}}]',13,19,'2024-07-04 01:22:14.385294');
INSERT INTO django_admin_log VALUES(753,'38','green cardigan',1,'[{"added": {}}]',14,19,'2024-07-04 01:22:34.015871');
INSERT INTO django_admin_log VALUES(754,'39','gray cardigan',1,'[{"added": {}}]',14,19,'2024-07-04 01:22:42.873772');
INSERT INTO django_admin_log VALUES(755,'23','lemon soap',1,'[{"added": {}}]',12,19,'2024-07-04 01:23:43.064701');
INSERT INTO django_admin_log VALUES(756,'24','flower soap',1,'[{"added": {}}]',12,19,'2024-07-04 01:24:21.133940');
INSERT INTO django_admin_log VALUES(757,'40','lemon soap',1,'[{"added": {}}]',15,19,'2024-07-04 01:24:59.562817');
INSERT INTO django_admin_log VALUES(758,'41','flower soap',1,'[{"added": {}}]',15,19,'2024-07-04 01:25:08.487432');
INSERT INTO django_admin_log VALUES(759,'40','lemon soap',1,'[{"added": {}}]',13,19,'2024-07-04 01:25:26.686445');
INSERT INTO django_admin_log VALUES(760,'41','flower soap',1,'[{"added": {}}]',13,19,'2024-07-04 01:25:40.306419');
INSERT INTO django_admin_log VALUES(761,'40','lemon soap',1,'[{"added": {}}]',14,19,'2024-07-04 01:26:06.846869');
INSERT INTO django_admin_log VALUES(762,'41','flower soap',1,'[{"added": {}}]',14,19,'2024-07-04 01:26:13.989801');
INSERT INTO django_admin_log VALUES(763,'25','green dress',1,'[{"added": {}}]',12,19,'2024-07-04 01:27:01.686179');
INSERT INTO django_admin_log VALUES(764,'42','green dress',1,'[{"added": {}}]',15,19,'2024-07-04 01:27:16.911190');
INSERT INTO django_admin_log VALUES(765,'42','green dress',1,'[{"added": {}}]',13,19,'2024-07-04 01:27:40.018810');
INSERT INTO django_admin_log VALUES(766,'42','green dress',1,'[{"added": {}}]',14,19,'2024-07-04 01:27:53.535389');
INSERT INTO django_admin_log VALUES(767,'26','chair',1,'[{"added": {}}]',12,19,'2024-07-04 01:28:50.719746');
INSERT INTO django_admin_log VALUES(768,'27','cups',1,'[{"added": {}}]',12,19,'2024-07-04 01:29:25.009384');
INSERT INTO django_admin_log VALUES(769,'43','chair',1,'[{"added": {}}]',15,19,'2024-07-04 01:29:38.389383');
INSERT INTO django_admin_log VALUES(770,'44','cups',1,'[{"added": {}}]',15,19,'2024-07-04 01:29:48.572386');
INSERT INTO django_admin_log VALUES(771,'43','chair',1,'[{"added": {}}]',13,19,'2024-07-04 01:30:14.420336');
INSERT INTO django_admin_log VALUES(772,'44','cups',1,'[{"added": {}}]',13,19,'2024-07-04 01:30:25.078251');
INSERT INTO django_admin_log VALUES(773,'44','cups',2,'[]',13,19,'2024-07-04 01:30:30.914312');
INSERT INTO django_admin_log VALUES(774,'43','chair',1,'[{"added": {}}]',14,19,'2024-07-04 01:30:45.106764');
INSERT INTO django_admin_log VALUES(775,'44','cups',1,'[{"added": {}}]',14,19,'2024-07-04 01:30:52.376267');
INSERT INTO django_admin_log VALUES(776,'7','Alexandria',1,'[{"added": {}}]',44,19,'2024-07-04 12:30:25.683100');
INSERT INTO django_admin_log VALUES(777,'8','Aswan',1,'[{"added": {}}]',44,19,'2024-07-04 12:30:52.806632');
INSERT INTO django_admin_log VALUES(778,'9','Assiut',1,'[{"added": {}}]',44,19,'2024-07-04 12:31:09.440110');
INSERT INTO django_admin_log VALUES(779,'10','Beheira',1,'[{"added": {}}]',44,19,'2024-07-04 12:31:27.456895');
INSERT INTO django_admin_log VALUES(780,'11','Beni Suef',1,'[{"added": {}}]',44,19,'2024-07-04 12:31:51.031364');
INSERT INTO django_admin_log VALUES(781,'12','Cairo',1,'[{"added": {}}]',44,19,'2024-07-04 12:32:06.267941');
INSERT INTO django_admin_log VALUES(782,'13','Dakahlia',1,'[{"added": {}}]',44,19,'2024-07-04 12:32:26.464321');
INSERT INTO django_admin_log VALUES(783,'14','Damietta',1,'[{"added": {}}]',44,19,'2024-07-04 12:32:43.215357');
INSERT INTO django_admin_log VALUES(784,'15','Fayoum',1,'[{"added": {}}]',44,19,'2024-07-04 12:33:00.181404');
INSERT INTO django_admin_log VALUES(785,'16','Gharbia',1,'[{"added": {}}]',44,19,'2024-07-04 12:33:16.764984');
INSERT INTO django_admin_log VALUES(786,'17','Giza',1,'[{"added": {}}]',44,19,'2024-07-04 12:33:38.993244');
INSERT INTO django_admin_log VALUES(787,'18','Ismailia',1,'[{"added": {}}]',44,19,'2024-07-04 12:34:02.237402');
INSERT INTO django_admin_log VALUES(788,'19','Kafr el-Sheikh',1,'[{"added": {}}]',44,19,'2024-07-04 12:34:18.337517');
INSERT INTO django_admin_log VALUES(789,'20','Matrouh',1,'[{"added": {}}]',44,19,'2024-07-04 12:34:35.071446');
INSERT INTO django_admin_log VALUES(790,'21','Minya',1,'[{"added": {}}]',44,19,'2024-07-04 12:34:53.730956');
INSERT INTO django_admin_log VALUES(791,'22','Menofia',1,'[{"added": {}}]',44,19,'2024-07-04 12:35:13.817476');
INSERT INTO django_admin_log VALUES(792,'23','New Valley',1,'[{"added": {}}]',44,19,'2024-07-04 12:35:33.480807');
INSERT INTO django_admin_log VALUES(793,'24','North Sinai',1,'[{"added": {}}]',44,19,'2024-07-04 12:35:50.980494');
INSERT INTO django_admin_log VALUES(794,'25','Port Said',1,'[{"added": {}}]',44,19,'2024-07-04 12:36:13.358428');
INSERT INTO django_admin_log VALUES(795,'26','Qualyubia',1,'[{"added": {}}]',44,19,'2024-07-04 12:36:31.424281');
INSERT INTO django_admin_log VALUES(796,'27','Qena',1,'[{"added": {}}]',44,19,'2024-07-04 12:36:47.308807');
INSERT INTO django_admin_log VALUES(797,'28','Red Sea',1,'[{"added": {}}]',44,19,'2024-07-04 12:37:02.933405');
INSERT INTO django_admin_log VALUES(798,'29','Al-Sharqia',1,'[{"added": {}}]',44,19,'2024-07-04 12:37:17.396220');
INSERT INTO django_admin_log VALUES(799,'30','Sohag',1,'[{"added": {}}]',44,19,'2024-07-04 12:38:11.344322');
INSERT INTO django_admin_log VALUES(800,'31','South Sinai',1,'[{"added": {}}]',44,19,'2024-07-04 12:38:32.612341');
INSERT INTO django_admin_log VALUES(801,'32','Suez',1,'[{"added": {}}]',44,19,'2024-07-04 12:38:50.254419');
INSERT INTO django_admin_log VALUES(802,'33','Luxor',1,'[{"added": {}}]',44,19,'2024-07-04 12:39:10.284433');
INSERT INTO django_admin_log VALUES(803,'16','taha mohamed',2,'[{"changed": {"fields": ["Accepted supplier"]}}]',8,1,'2024-07-04 15:06:16.986619');
INSERT INTO django_admin_log VALUES(804,'15','sara mohamed',2,'[{"changed": {"fields": ["Accepted supplier"]}}]',8,1,'2024-07-04 15:06:26.062277');
INSERT INTO django_admin_log VALUES(805,'1','hesh ash',2,'[]',6,1,'2024-07-04 15:07:15.852529');
INSERT INTO django_admin_log VALUES(806,'28',' ',1,'[{"added": {}}]',12,1,'2024-07-06 19:01:51.510058');
INSERT INTO django_admin_log VALUES(807,'45',' ',1,'[{"added": {}}]',13,1,'2024-07-06 19:02:33.444186');
INSERT INTO django_admin_log VALUES(808,'45',' ',3,'',13,1,'2024-07-06 19:08:01.226679');
INSERT INTO django_admin_log VALUES(809,'44','cups',3,'',13,1,'2024-07-06 19:08:01.404624');
INSERT INTO django_admin_log VALUES(810,'43','chair',3,'',13,1,'2024-07-06 19:08:01.559616');
INSERT INTO django_admin_log VALUES(811,'42','green dress',3,'',13,1,'2024-07-06 19:08:01.726111');
INSERT INTO django_admin_log VALUES(812,'41','flower soap',3,'',13,1,'2024-07-06 19:08:01.892672');
INSERT INTO django_admin_log VALUES(813,'40','lemon soap',3,'',13,1,'2024-07-06 19:08:02.059210');
INSERT INTO django_admin_log VALUES(814,'39','gray cardigan',3,'',13,1,'2024-07-06 19:08:02.225517');
INSERT INTO django_admin_log VALUES(815,'38','green cardigan',3,'',13,1,'2024-07-06 19:08:02.414225');
INSERT INTO django_admin_log VALUES(816,'37','pottery-ket',3,'',13,1,'2024-07-06 19:08:02.591710');
INSERT INTO django_admin_log VALUES(817,'36','pottery-cups',3,'',13,1,'2024-07-06 19:08:02.758027');
INSERT INTO django_admin_log VALUES(818,'35','women-handbag',3,'',13,1,'2024-07-06 19:08:02.925088');
INSERT INTO django_admin_log VALUES(819,'34','wallet',3,'',13,1,'2024-07-06 19:08:03.102059');
INSERT INTO django_admin_log VALUES(820,'33','labtob-bag',3,'',13,1,'2024-07-06 19:08:03.268513');
INSERT INTO django_admin_log VALUES(821,'32','necklace',3,'',13,1,'2024-07-06 19:08:03.424687');
INSERT INTO django_admin_log VALUES(822,'31','Ring',3,'',13,1,'2024-07-06 19:08:03.601519');
INSERT INTO django_admin_log VALUES(823,'30','Earring',3,'',13,1,'2024-07-06 19:08:03.756780');
INSERT INTO django_admin_log VALUES(824,'29','crochet dummy',3,'',13,1,'2024-07-06 19:08:03.923264');
INSERT INTO django_admin_log VALUES(825,'28','crochet handbag',3,'',13,1,'2024-07-06 19:08:04.100733');
INSERT INTO django_admin_log VALUES(826,'27','crochet ice cap',3,'',13,1,'2024-07-06 19:08:04.400400');
INSERT INTO django_admin_log VALUES(827,'26','crochet ice cap',3,'',13,1,'2024-07-06 19:08:04.566783');
INSERT INTO django_admin_log VALUES(828,'25','Reception carpet',3,'',13,1,'2024-07-06 19:08:04.733275');
INSERT INTO django_admin_log VALUES(829,'24','Circular carpet',3,'',13,1,'2024-07-06 19:08:04.899922');
INSERT INTO django_admin_log VALUES(830,'23','Strawberry scented candle',3,'',13,1,'2024-07-06 19:08:05.055076');
INSERT INTO django_admin_log VALUES(831,'22','Vanilla scented candle',3,'',13,1,'2024-07-06 19:08:05.221406');
INSERT INTO django_admin_log VALUES(832,'21','Rose scented candle',3,'',13,1,'2024-07-06 19:08:05.388010');
INSERT INTO django_admin_log VALUES(833,'20','bamboo tables',3,'',13,1,'2024-07-06 19:08:05.554428');
INSERT INTO django_admin_log VALUES(834,'19','bamboo led-spot',3,'',13,1,'2024-07-06 19:08:05.751198');
INSERT INTO django_admin_log VALUES(835,'18','bamboo led-spot',3,'',13,1,'2024-07-06 19:08:05.928849');
INSERT INTO django_admin_log VALUES(836,'17','bamboo led-spot',3,'',13,1,'2024-07-06 19:08:06.104360');
INSERT INTO django_admin_log VALUES(837,'16','bamboo chair',3,'',13,1,'2024-07-06 19:08:06.270825');
INSERT INTO django_admin_log VALUES(838,'11','wooden',2,'[{"changed": {"fields": ["Picture"]}}]',10,1,'2024-07-06 19:19:01.110945');
INSERT INTO django_admin_log VALUES(839,'10','soap',2,'[{"changed": {"fields": ["Picture"]}}]',10,1,'2024-07-06 19:19:27.948250');
INSERT INTO django_admin_log VALUES(840,'9','sewing',2,'[{"changed": {"fields": ["Picture"]}}]',10,1,'2024-07-06 19:20:13.146918');
INSERT INTO django_admin_log VALUES(841,'8','pottery',2,'[{"changed": {"fields": ["Picture"]}}]',10,1,'2024-07-06 19:20:31.404271');
INSERT INTO django_admin_log VALUES(842,'7','leather',2,'[{"changed": {"fields": ["Picture"]}}]',10,1,'2024-07-06 19:20:59.327253');
INSERT INTO django_admin_log VALUES(843,'6','jewelry',2,'[{"changed": {"fields": ["Picture"]}}]',10,1,'2024-07-06 19:21:21.186371');
INSERT INTO django_admin_log VALUES(844,'5','crocheting',2,'[{"changed": {"fields": ["Picture"]}}]',10,1,'2024-07-06 19:21:42.571852');
INSERT INTO django_admin_log VALUES(845,'4','carpets',2,'[{"changed": {"fields": ["Picture"]}}]',10,1,'2024-07-06 19:22:11.201168');
INSERT INTO django_admin_log VALUES(846,'5','crocheting',2,'[{"changed": {"fields": ["Picture"]}}]',10,1,'2024-07-06 19:22:27.488236');
INSERT INTO django_admin_log VALUES(847,'3','candles',2,'[{"changed": {"fields": ["Picture"]}}]',10,1,'2024-07-06 19:22:52.890772');
INSERT INTO django_admin_log VALUES(848,'2','bamboo',2,'[{"changed": {"fields": ["Picture"]}}]',10,1,'2024-07-06 19:23:10.637991');
INSERT INTO django_admin_log VALUES(849,'1','Django',2,'[{"changed": {"fields": ["Visible", "Background color"]}}]',51,1,'2024-07-06 22:10:15.424211');
INSERT INTO django_admin_log VALUES(850,'1','Django',2,'[{"changed": {"fields": ["Background color"]}}]',51,1,'2024-07-06 22:10:25.281159');
INSERT INTO django_admin_log VALUES(851,'1','Django',2,'[{"changed": {"fields": ["Background color"]}}]',51,1,'2024-07-06 22:10:44.626701');
CREATE TABLE IF NOT EXISTS "django_session" ("session_key" varchar(40) NOT NULL PRIMARY KEY, "session_data" text NOT NULL, "expire_date" datetime NOT NULL);
INSERT INTO django_session VALUES('93nox1rf7p1hh3yf2z4nthgoito66j5r','.eJxVjEsOwjAMBe-SNYqSyIlrluw5Q-U4DimgVupnhbg7VOoCtm9m3sv0vK2t3xad-6GYs_Hm9LtlloeOOyh3Hm-TlWlc5yHbXbEHXex1Kvq8HO7fQeOlfesYnCARB18BClXOkBizSwgaAypJZBFA3_nA2QWsATtiUiFNEMG8P9bJN4M:1s1Tuf:QCv7SC38xCU8qWTpjEHbXGOUzEivfXpfbBOJR15LzSQ','2024-05-13 16:31:33.344439');
INSERT INTO django_session VALUES('1wkj0f3sw5703uhjxrwmkqtndar6xygs','eyJvcmRlcl9pZCI6IjAwOTA1M2I1LTI4ZGItNGUwMi05MjhlLTg2ZjJjMDhhZmFjNyJ9:1s1fdw:cKKnbZZrPpZQGCwX3ojLYqZIWWO6V1TfUXmNd4WYcGA','2024-05-14 05:03:04.239393');
INSERT INTO django_session VALUES('p63x7xrx1io48080yg7mngz2ajoirz3t','eyJvcmRlcl9pZCI6ImI0MWZkYzljLTgzYzgtNGEwOS04ZWQ2LWUzMDVhYzRmZjU2ZiJ9:1s4q1l:MXh5ZLwRKbHKL-qpVMlbcglmOxNP6WseZ0yOBKEOR7c','2024-05-22 22:44:45.559036');
INSERT INTO django_session VALUES('18z0lqoijgt7z1zr7dsajisbs97wofd2','.eJxVjEsOwjAMBe-SNYqSyIlrluw5Q-U4DimgVupnhbg7VOoCtm9m3sv0vK2t3xad-6GYs_Hm9LtlloeOOyh3Hm-TlWlc5yHbXbEHXex1Kvq8HO7fQeOlfesYnCARB18BClXOkBizSwgaAypJZBFA3_nA2QWsATtiUiFNEMG8P9bJN4M:1s40j4:fQRFxpab04ajoqpvUfrYSdBRXsdjVcL-J2vABHEYfhc','2024-05-20 15:58:02.424253');
INSERT INTO django_session VALUES('exegz233klw8rrgzhi7p1h4b3meiedt2','.eJxVjEsOwjAMBe-SNYqSyIlrluw5Q-U4DimgVupnhbg7VOoCtm9m3sv0vK2t3xad-6GYs_Hm9LtlloeOOyh3Hm-TlWlc5yHbXbEHXex1Kvq8HO7fQeOlfesYnCARB18BClXOkBizSwgaAypJZBFA3_nA2QWsATtiUiFNEMG8P9bJN4M:1s8L4m:jo4_6SA2EjLJgGstGw2eqPG5wvNn-dv_wvsmoLE6TMM','2024-06-01 14:30:20.131024');
INSERT INTO django_session VALUES('soeml9fgko1vvikpvhjzeo4bvmruzjrt','eyJvcmRlcl9pZCI6ImNhZTM0OTZiLTg1ZjgtNGZiNS04N2E1LWE5NjY0ZmQ0ODc1OSJ9:1s8Vua:_nFJgij8Xkr7vM8P3-owIg6BNtrvmqL8La5TjN-sxG8','2024-06-02 02:04:32.966811');
INSERT INTO django_session VALUES('rq75u9kqf2wz6j9j3ry6fj9p2wnvyd6y','.eJxVjEsOwjAMBe-SNYqSyIlrluw5Q-U4DimgVupnhbg7VOoCtm9m3sv0vK2t3xad-6GYs_Hm9LtlloeOOyh3Hm-TlWlc5yHbXbEHXex1Kvq8HO7fQeOlfesYnCARB18BClXOkBizSwgaAypJZBFA3_nA2QWsATtiUiFNEMG8P9bJN4M:1sJyP8:vXLx_2ua__7PR8c7cv1ORznm8WrZLnROP5JNEkSETXQ','2024-07-03 16:43:26.079331');
INSERT INTO django_session VALUES('rte2zs7inqfdibhmczydhlzm8uz0qzv4','eyJvcmRlcl9pZCI6IjEyMzU2MWU5LTNlMmUtNGEwNC04YThlLTJhNTk1ZjI2ZDY3YiJ9:1sNK4y:YaKeFl7KS4q5MUYkvj8wkYNrlawBgOtNV3Wzhh43RXM','2024-07-12 22:28:28.675281');
INSERT INTO django_session VALUES('7kmeguhnmggb19wc00cevq851fhan9me','.eJxVjEsOwjAMBe-SNYqSyIlrluw5Q-U4DimgVupnhbg7VOoCtm9m3sv0vK2t3xad-6GYs_Hm9LtlloeOOyh3Hm-TlWlc5yHbXbEHXex1Kvq8HO7fQeOlfesYnCARB18BClXOkBizSwgaAypJZBFA3_nA2QWsATtiUiFNEMG8P9bJN4M:1sP9E0:uDVb9ofWZGxcTO-nSzJ79T1aDoS2rI8WRvSmDNAxKHs','2024-07-17 23:17:20.869161');
INSERT INTO django_session VALUES('j5lb7i3t81psk9pvs8gx2oo8bkybannk','.eJxVjEEOwiAQRe_C2pAOM3TApfueoQEGbdVAUtqV8e7apAvd_vfef6kxbOs0bi0v4yzqrMCr0-8YQ3rkshO5h3KrOtWyLnPUu6IP2vRQJT8vh_t3MIU2fWuW7CxFi5CpA4-dESQUkmi5Z8dAqSMvjvtwTQwZPBk0Yj1j7xCsen8A3Lo2aw:1sP9aS:7cdi-wSYsOjRsyUKV_6lIxgDih2mjRPTYgRu49YcrqY','2024-07-17 23:40:32.484885');
INSERT INTO django_session VALUES('wxps080oau4smrh0jv7illvx0a7yqc3w','.eJxVjEsOwjAMBe-SNYqSyIlrluw5Q-U4DimgVupnhbg7VOoCtm9m3sv0vK2t3xad-6GYs_Hm9LtlloeOOyh3Hm-TlWlc5yHbXbEHXex1Kvq8HO7fQeOlfesYnCARB18BClXOkBizSwgaAypJZBFA3_nA2QWsATtiUiFNEMG8P9bJN4M:1sPO1i:pCiXH-k6GWfDw8YzG2yCjqsri0ddwPFvgiCeYOCs8Zk','2024-07-18 15:05:38.082416');
INSERT INTO django_session VALUES('djhdlnwg5t29fha6fztkj27sv19cuf2o','.eJxVjEsOwjAMBe-SNYqSyIlrluw5Q-U4DimgVupnhbg7VOoCtm9m3sv0vK2t3xad-6GYs_Hm9LtlloeOOyh3Hm-TlWlc5yHbXbEHXex1Kvq8HO7fQeOlfesYnCARB18BClXOkBizSwgaAypJZBFA3_nA2QWsATtiUiFNEMG8P9bJN4M:1sQ7Qq:2LsylOxgejLA8F8tKksVGSWso_ZyAI-5HAIbqyEsz4E','2024-07-20 15:34:36.557938');
INSERT INTO django_session VALUES('244zq3airi0c5we8hou22k7jl8ul6vpw','.eJxVjEsOwjAMBe-SNYqSyIlrluw5Q-U4DimgVupnhbg7VOoCtm9m3sv0vK2t3xad-6GYs_Hm9LtlloeOOyh3Hm-TlWlc5yHbXbEHXex1Kvq8HO7fQeOlfesYnCARB18BClXOkBizSwgaAypJZBFA3_nA2QWsATtiUiFNEMG8P9bJN4M:1sQDNe:hEBsQZ5fDBJBZj6w7autvcPjhcW1U5DwobigY4_gyfY','2024-07-20 21:55:42.725493');
INSERT INTO django_session VALUES('fk78rjdnebei9lqhxal9pkaqaf41v9su','.eJxVjEsOwjAMBe-SNYqSyIlrluw5Q-U4DimgVupnhbg7VOoCtm9m3sv0vK2t3xad-6GYs_Hm9LtlloeOOyh3Hm-TlWlc5yHbXbEHXex1Kvq8HO7fQeOlfesYnCARB18BClXOkBizSwgaAypJZBFA3_nA2QWsATtiUiFNEMG8P9bJN4M:1sadEP:58tnUtRsveKajZadwPB0F0EvtQWdqlhUcqktQxsoSD0','2024-08-18 15:33:13.913028');
CREATE TABLE IF NOT EXISTS "token_blacklist_blacklistedtoken" ("blacklisted_at" datetime NOT NULL, "token_id" bigint NOT NULL UNIQUE REFERENCES "token_blacklist_outstandingtoken" ("id") DEFERRABLE INITIALLY DEFERRED, "id" integer NOT NULL PRIMARY KEY AUTOINCREMENT);
CREATE TABLE IF NOT EXISTS "token_blacklist_outstandingtoken" ("token" text NOT NULL, "created_at" datetime NULL, "expires_at" datetime NOT NULL, "user_id" bigint NULL REFERENCES "accounts_user" ("id") DEFERRABLE INITIALLY DEFERRED, "jti" varchar(255) NOT NULL UNIQUE, "id" integer NOT NULL PRIMARY KEY AUTOINCREMENT);
INSERT INTO token_blacklist_outstandingtoken VALUES('eyJhbGciOiJIUzI1NiIsInR5cCI6IkpXVCJ9.eyJ0b2tlbl90eXBlIjoicmVmcmVzaCIsImV4cCI6MTcxNDQ5NDk0OSwiaWF0IjoxNzE0NDA4NTQ5LCJqdGkiOiJhNTMxOTllYWIzMDQ0NzUwODM1OWRkOGMwN2M0M2ZmMiIsInVzZXJfaWQiOjN9.GNMV_oPFONdVxGuYF8wxEeVid-vAOFShT4gXBuGjYWI','2024-04-29 16:35:49.256168','2024-04-30 16:35:49',3,'a53199eab30447508359dd8c07c43ff2',1);
INSERT INTO token_blacklist_outstandingtoken VALUES('eyJhbGciOiJIUzI1NiIsInR5cCI6IkpXVCJ9.eyJ0b2tlbl90eXBlIjoicmVmcmVzaCIsImV4cCI6MTcxNDkzOTIwNywiaWF0IjoxNzE0ODUyODA3LCJqdGkiOiI2ZmYwZGIwMWQxMjY0MTk5YTNlNmFiNTYxMmU0ODgxZSIsInVzZXJfaWQiOjV9.W8WJhTdhc6Ve0s0ySF1Y34guvC0hxOl6lMz2bC9bpss','2024-05-04 20:00:07.749399','2024-05-05 20:00:07',5,'6ff0db01d1264199a3e6ab5612e4881e',2);
INSERT INTO token_blacklist_outstandingtoken VALUES('eyJhbGciOiJIUzI1NiIsInR5cCI6IkpXVCJ9.eyJ0b2tlbl90eXBlIjoicmVmcmVzaCIsImV4cCI6MTcxNTAyNzg5OCwiaWF0IjoxNzE0OTQxNDk4LCJqdGkiOiI2MGZkNjY1Mjk1MjA0Y2RkOTk1MTYwZjI2YTFlOWE2OSIsInVzZXJfaWQiOjZ9.2vRVoPmec7dfdy3xY12k7ORauF_fMojFNP5QQx4-IBc','2024-05-05 20:38:18.002761','2024-05-06 20:38:18',6,'60fd665295204cdd995160f26a1e9a69',3);
INSERT INTO token_blacklist_outstandingtoken VALUES('eyJhbGciOiJIUzI1NiIsInR5cCI6IkpXVCJ9.eyJ0b2tlbl90eXBlIjoicmVmcmVzaCIsImV4cCI6MTcxNTAyOTk2NCwiaWF0IjoxNzE0OTQzNTY0LCJqdGkiOiI5MjRkZTZhMjBjM2M0ZmVmODg0MWM1ZmVkN2UzMjNmNSIsInVzZXJfaWQiOjV9.pFxBXTePk6PUs2SlwaO6o08Sj959XiiImfwHBlbdgIU','2024-05-05 21:12:44.646761','2024-05-06 21:12:44',5,'924de6a20c3c4fef8841c5fed7e323f5',4);
INSERT INTO token_blacklist_outstandingtoken VALUES('eyJhbGciOiJIUzI1NiIsInR5cCI6IkpXVCJ9.eyJ0b2tlbl90eXBlIjoicmVmcmVzaCIsImV4cCI6MTcxNTAzMTMyMywiaWF0IjoxNzE0OTQ0OTIzLCJqdGkiOiJkMTRhMDFhNWM5NmE0MTE3ODg2ZmM2YjA3YzQ4M2EwMSIsInVzZXJfaWQiOjZ9.PaCO2qB9OLyTPftEPviwJ-Aa6ggqQHipju_jMNffjDo','2024-05-05 21:35:23.070059','2024-05-06 21:35:23',6,'d14a01a5c96a4117886fc6b07c483a01',5);
INSERT INTO token_blacklist_outstandingtoken VALUES('eyJhbGciOiJIUzI1NiIsInR5cCI6IkpXVCJ9.eyJ0b2tlbl90eXBlIjoicmVmcmVzaCIsImV4cCI6MTcxNTAzMTg3MywiaWF0IjoxNzE0OTQ1NDczLCJqdGkiOiJiZmE5YzcwYmVmNGE0MDg0YWYyZDJiYzRlMTA0ZTE4YSIsInVzZXJfaWQiOjd9.uORdbyto5N2LoklP3KWAtQzhPatKtHPZ7IBYRd3bo_A','2024-05-05 21:44:33.826183','2024-05-06 21:44:33',7,'bfa9c70bef4a4084af2d2bc4e104e18a',6);
INSERT INTO token_blacklist_outstandingtoken VALUES('eyJhbGciOiJIUzI1NiIsInR5cCI6IkpXVCJ9.eyJ0b2tlbl90eXBlIjoicmVmcmVzaCIsImV4cCI6MTcxNTAzNDY2NSwiaWF0IjoxNzE0OTQ4MjY1LCJqdGkiOiI4MTFlZWM3NTY1NTQ0YzgxODU4NmU5MGQ3MTU2Y2Q4MCIsInVzZXJfaWQiOjd9.2U0NlE1M4449rBHUkiKzUj_Bj0zX157UpEyMO5BTSZQ','2024-05-05 22:31:05.412964','2024-05-06 22:31:05',7,'811eec7565544c818586e90d7156cd80',7);
INSERT INTO token_blacklist_outstandingtoken VALUES('eyJhbGciOiJIUzI1NiIsInR5cCI6IkpXVCJ9.eyJ0b2tlbl90eXBlIjoicmVmcmVzaCIsImV4cCI6MTcxNjE0MjkyNiwiaWF0IjoxNzE2MDU2NTI2LCJqdGkiOiJkMmY4NjA5YTYyOGI0OTA1YjgyOGFjMmJhYTA4NjZlNCIsInVzZXJfaWQiOjE2fQ.p0sE04i0aZ9naZw-RjfEAC9oQTCipoC2SCwFT5E0L2s','2024-05-18 18:22:06.448941','2024-05-19 18:22:06',16,'d2f8609a628b4905b828ac2baa0866e4',8);
INSERT INTO token_blacklist_outstandingtoken VALUES('eyJhbGciOiJIUzI1NiIsInR5cCI6IkpXVCJ9.eyJ0b2tlbl90eXBlIjoicmVmcmVzaCIsImV4cCI6MTcxNjE2NTE4NiwiaWF0IjoxNzE2MDc4Nzg2LCJqdGkiOiIzOTEyODFlNzc3ZDk0NjdlOWVkNGVkN2E0MDFhNzcxYSIsInVzZXJfaWQiOjV9.An2uSBipT1KTeKus8V8VU2br3Z2Wj1ZEi6dQ4sT1w9g','2024-05-19 00:33:06.702590','2024-05-20 00:33:06',5,'391281e777d9467e9ed4ed7a401a771a',9);
INSERT INTO token_blacklist_outstandingtoken VALUES('eyJhbGciOiJIUzI1NiIsInR5cCI6IkpXVCJ9.eyJ0b2tlbl90eXBlIjoicmVmcmVzaCIsImV4cCI6MTcxNjE2ODQyNiwiaWF0IjoxNzE2MDgyMDI2LCJqdGkiOiI2MDg4MTFkNWYzMzk0MGJkYTEyNDg5NDIwYmVjOTExNyIsInVzZXJfaWQiOjE2fQ.2xJK5Rcgsl-f8CiYX53oUdL73S3NsaNLbemw-9EiNI8','2024-05-19 01:27:06.967044','2024-05-20 01:27:06',16,'608811d5f33940bda12489420bec9117',10);
INSERT INTO token_blacklist_outstandingtoken VALUES('eyJhbGciOiJIUzI1NiIsInR5cCI6IkpXVCJ9.eyJ0b2tlbl90eXBlIjoicmVmcmVzaCIsImV4cCI6MTcxNjE3MTAzMCwiaWF0IjoxNzE2MDg0NjMwLCJqdGkiOiJjYjg1ZDg3ZTc0NDU0MDMwYjg0NzA1MzVmYzg3MzY1MyIsInVzZXJfaWQiOjN9.dWH0hqPDp1TxR1Nf2FK_KY4JboZhWwQvS1p75flNuwU','2024-05-19 02:10:30.785178','2024-05-20 02:10:30',3,'cb85d87e74454030b8470535fc873653',11);
INSERT INTO token_blacklist_outstandingtoken VALUES('eyJhbGciOiJIUzI1NiIsInR5cCI6IkpXVCJ9.eyJ0b2tlbl90eXBlIjoicmVmcmVzaCIsImV4cCI6MTcxODkwMTg2NywiaWF0IjoxNzE4ODE1NDY3LCJqdGkiOiI2MDRkYzhmMDg1YTU0OTQ2OTliNTdjYTRiZThmZjA4ZSIsInVzZXJfaWQiOjE3fQ.KE1DMxwuGv0DaGk4cyRfehOrLx8OfTPQ3QKHDwU_5Lo','2024-06-19 16:44:27.259644','2024-06-20 16:44:27',17,'604dc8f085a5494699b57ca4be8ff08e',12);
INSERT INTO token_blacklist_outstandingtoken VALUES('eyJhbGciOiJIUzI1NiIsInR5cCI6IkpXVCJ9.eyJ0b2tlbl90eXBlIjoicmVmcmVzaCIsImV4cCI6MTcxODk4MzA5OSwiaWF0IjoxNzE4ODk2Njk5LCJqdGkiOiJjNmIyMTNjZjg1NzM0MmQ0YjIwMzRiYzhjZmNkZDBjZiIsInVzZXJfaWQiOjE2fQ.0_l_wi-gox1eB0M7MvaVm0tVT-dh8x131Hx6Zj4tx2U','2024-06-20 15:18:19.868130','2024-06-21 15:18:19',16,'c6b213cf857342d4b2034bc8cfcdd0cf',13);
INSERT INTO token_blacklist_outstandingtoken VALUES('eyJhbGciOiJIUzI1NiIsInR5cCI6IkpXVCJ9.eyJ0b2tlbl90eXBlIjoicmVmcmVzaCIsImV4cCI6MTcxOTA0MTEwNSwiaWF0IjoxNzE4OTU0NzA1LCJqdGkiOiI1MzRlMTA0ZTgyNGE0M2M3ODcxMTAwMzIxZWEyN2IwNCIsInVzZXJfaWQiOjE2fQ.CXfmL2JXSVM-vhambJ3RVX3f9ZoOVG-a5ro6bplTnAw','2024-06-21 07:25:05.700712','2024-06-22 07:25:05',16,'534e104e824a43c7871100321ea27b04',14);
INSERT INTO token_blacklist_outstandingtoken VALUES('eyJhbGciOiJIUzI1NiIsInR5cCI6IkpXVCJ9.eyJ0b2tlbl90eXBlIjoicmVmcmVzaCIsImV4cCI6MTcxOTQzMDI1MCwiaWF0IjoxNzE5MzQzODUwLCJqdGkiOiJhZjk5N2U1ZjNlNWQ0NjJhYWI1NTBkOGMyMDU5YTg0NyIsInVzZXJfaWQiOjE2fQ.b1KMgzennVELCo-pX4vZXUEd_F4KRnxPdSnoRD2PURs','2024-06-25 19:30:50.184703','2024-06-26 19:30:50',16,'af997e5f3e5d462aab550d8c2059a847',15);
INSERT INTO token_blacklist_outstandingtoken VALUES('eyJhbGciOiJIUzI1NiIsInR5cCI6IkpXVCJ9.eyJ0b2tlbl90eXBlIjoicmVmcmVzaCIsImV4cCI6MTcxOTQzMTIzMiwiaWF0IjoxNzE5MzQ0ODMyLCJqdGkiOiI3ZmIwNTRmZTAyNTU0YWZlYmZjNTYwYjU1ZTI3MjUzNSIsInVzZXJfaWQiOjE2fQ.6R5nagsQXutf9kXTwunGGFlOxi56tay4WWSh9GoKXyc','2024-06-25 19:47:12.635459','2024-06-26 19:47:12',16,'7fb054fe02554afebfc560b55e272535',16);
INSERT INTO token_blacklist_outstandingtoken VALUES('eyJhbGciOiJIUzI1NiIsInR5cCI6IkpXVCJ9.eyJ0b2tlbl90eXBlIjoicmVmcmVzaCIsImV4cCI6MTcxOTQzMTI0MiwiaWF0IjoxNzE5MzQ0ODQyLCJqdGkiOiJmMGU2NmIzODgxMWY0YTg3YTE4OGRhNzM1ZjdhOTA2MCIsInVzZXJfaWQiOjF9.RW0UkClcHekqstALKbj3vzT1RqAouLLwR5cHwm0Ik4I','2024-06-25 19:47:22.631923','2024-06-26 19:47:22',1,'f0e66b38811f4a87a188da735f7a9060',17);
INSERT INTO token_blacklist_outstandingtoken VALUES('eyJhbGciOiJIUzI1NiIsInR5cCI6IkpXVCJ9.eyJ0b2tlbl90eXBlIjoicmVmcmVzaCIsImV4cCI6MTcxOTQzMTI5OSwiaWF0IjoxNzE5MzQ0ODk5LCJqdGkiOiJlZjdmNzdjYWY0ZTk0ODUxYjc4NzcxYzlkZTNhMTRjMyIsInVzZXJfaWQiOjF9.EOtG56-xVaQtakpoNE-dy0uYq3qTRICgn5sx4f59WHk','2024-06-25 19:48:19.469253','2024-06-26 19:48:19',1,'ef7f77caf4e94851b78771c9de3a14c3',18);
INSERT INTO token_blacklist_outstandingtoken VALUES('eyJhbGciOiJIUzI1NiIsInR5cCI6IkpXVCJ9.eyJ0b2tlbl90eXBlIjoicmVmcmVzaCIsImV4cCI6MTcxOTQzMTMyOCwiaWF0IjoxNzE5MzQ0OTI4LCJqdGkiOiJiNWE5OTUzMDdkZjc0NGQxOWVlOTRhMTE5MzA2ZTViOSIsInVzZXJfaWQiOjN9.kEVCgny6aw6egdWIy-c5ZrJcxHM9b_3F8Z-2eOHqCvc','2024-06-25 19:48:48.559315','2024-06-26 19:48:48',3,'b5a995307df744d19ee94a119306e5b9',19);
INSERT INTO token_blacklist_outstandingtoken VALUES('eyJhbGciOiJIUzI1NiIsInR5cCI6IkpXVCJ9.eyJ0b2tlbl90eXBlIjoicmVmcmVzaCIsImV4cCI6MTcxOTQzMzI0OSwiaWF0IjoxNzE5MzQ2ODQ5LCJqdGkiOiJhMzA5ZDlhZWM0ZmQ0NDYyODZmZWQ2ODUxMjYzYjZiZiIsInVzZXJfaWQiOjE3fQ.VsLoB9eG5Xhiuec0_MfP4xP9gjr-B8lOOZ5nrWgPZ98','2024-06-25 20:20:49.437533','2024-06-26 20:20:49',17,'a309d9aec4fd446286fed6851263b6bf',20);
INSERT INTO token_blacklist_outstandingtoken VALUES('eyJhbGciOiJIUzI1NiIsInR5cCI6IkpXVCJ9.eyJ0b2tlbl90eXBlIjoicmVmcmVzaCIsImV4cCI6MTcxOTQzNjE5NSwiaWF0IjoxNzE5MzQ5Nzk1LCJqdGkiOiI3N2FjMzg2ZjMxNjM0YzBhOWRkZTIwNTNmNDFhMDFiZSIsInVzZXJfaWQiOjE2fQ.CEjXz-7okzTrOYEnUYhyechEkFsXECJWcFbjrH6ydVE','2024-06-25 21:09:55.488001','2024-06-26 21:09:55',16,'77ac386f31634c0a9dde2053f41a01be',21);
INSERT INTO token_blacklist_outstandingtoken VALUES('eyJhbGciOiJIUzI1NiIsInR5cCI6IkpXVCJ9.eyJ0b2tlbl90eXBlIjoicmVmcmVzaCIsImV4cCI6MTcxOTQzODI4MiwiaWF0IjoxNzE5MzUxODgyLCJqdGkiOiI2NTNkZGE1MTI4NDk0NjJjYTU4Y2YwZDU4OTJiYjhiZCIsInVzZXJfaWQiOjE3fQ.-r1dpc2r1m2LlXEpC3uDIZ-GjD9IKfgybfzWww_4KvA','2024-06-25 21:44:42.641125','2024-06-26 21:44:42',17,'653dda512849462ca58cf0d5892bb8bd',22);
INSERT INTO token_blacklist_outstandingtoken VALUES('eyJhbGciOiJIUzI1NiIsInR5cCI6IkpXVCJ9.eyJ0b2tlbl90eXBlIjoicmVmcmVzaCIsImV4cCI6MTcxOTQ1MzY3NiwiaWF0IjoxNzE5MzY3Mjc2LCJqdGkiOiI3OGY3ZTFmY2MyY2M0NGYxYjUxZjZjYTY2OTI4MWU5YSIsInVzZXJfaWQiOjR9.aN7_gzDZlDaRtZRuEFTRRIWXdgMq-dOOsxcXBCdUi-A','2024-06-26 02:01:16.505946','2024-06-27 02:01:16',4,'78f7e1fcc2cc44f1b51f6ca669281e9a',23);
INSERT INTO token_blacklist_outstandingtoken VALUES('eyJhbGciOiJIUzI1NiIsInR5cCI6IkpXVCJ9.eyJ0b2tlbl90eXBlIjoicmVmcmVzaCIsImV4cCI6MTcxOTUzMTE0NSwiaWF0IjoxNzE5NDQ0NzQ1LCJqdGkiOiI4ZjM4Mjk2NmVkMTg0NTZiYmRmMjY3ZmZlZmUzNTgyNSIsInVzZXJfaWQiOjN9.OTqgTgZpvlymsctyVLspIrIU6hngK6HDWzaJulGO3Xo','2024-06-26 23:32:25.943147','2024-06-27 23:32:25',3,'8f382966ed18456bbdf267ffefe35825',24);
INSERT INTO token_blacklist_outstandingtoken VALUES('eyJhbGciOiJIUzI1NiIsInR5cCI6IkpXVCJ9.eyJ0b2tlbl90eXBlIjoicmVmcmVzaCIsImV4cCI6MTcxOTYxMTUzMiwiaWF0IjoxNzE5NTI1MTMyLCJqdGkiOiIzZTBkMTUwNjVmMTA0NTAwYWZkMGIyYmY2N2U0MzU3OCIsInVzZXJfaWQiOjE2fQ.gmIprbAxz4sAMXudrc13O8wTAAoHTMXHJJmSQLobXi0','2024-06-27 21:52:12.598623','2024-06-28 21:52:12',16,'3e0d15065f104500afd0b2bf67e43578',25);
INSERT INTO token_blacklist_outstandingtoken VALUES('eyJhbGciOiJIUzI1NiIsInR5cCI6IkpXVCJ9.eyJ0b2tlbl90eXBlIjoicmVmcmVzaCIsImV4cCI6MTcyMDM2NjQyNSwiaWF0IjoxNzIwMjgwMDI1LCJqdGkiOiJhYmQ1ZjZhZGExZmE0YzkwYTllNDBlM2FiNzY1YTY2ZiIsInVzZXJfaWQiOjMxfQ.a0YqArCAHs9k_1Y-U1D5vZKfM5GObBaGCuKkSQlWPYs','2024-07-06 15:33:45.883396','2024-07-07 15:33:45',31,'abd5f6ada1fa4c90a9e40e3ab765a66f',26);
INSERT INTO token_blacklist_outstandingtoken VALUES('eyJhbGciOiJIUzI1NiIsInR5cCI6IkpXVCJ9.eyJ0b2tlbl90eXBlIjoicmVmcmVzaCIsImV4cCI6MTcyMDUxNTM0OCwiaWF0IjoxNzIwNDI4OTQ4LCJqdGkiOiI1ZDI1NGU1MTI1Njg0YTEwYWNmYmZkNWVhZGUwMjZhMCIsInVzZXJfaWQiOjN9.l8-2Q29uMTSOfhMqnn7ES5-whcJMdiGqJrR5PGoB_LE','2024-07-08 08:55:48.523945','2024-07-09 08:55:48',3,'5d254e5125684a10acfbfd5eade026a0',27);
CREATE TABLE IF NOT EXISTS "payment_paymenthistory" ("id" integer NOT NULL PRIMARY KEY AUTOINCREMENT, "date" datetime NOT NULL, "payment_status" bool NOT NULL, "order_id" char(32) NULL REFERENCES "orders_order" ("id") DEFERRABLE INITIALLY DEFERRED, "user_id" bigint NULL REFERENCES "accounts_user" ("id") DEFERRABLE INITIALLY DEFERRED);
CREATE TABLE IF NOT EXISTS "orders_cartitems" ("id" integer NOT NULL PRIMARY KEY AUTOINCREMENT, "Quantity" integer unsigned NOT NULL CHECK ("Quantity" >= 0), "CartID_id" char(32) NULL REFERENCES "orders_cart" ("id") DEFERRABLE INITIALLY DEFERRED, "Product_id" integer NULL REFERENCES "products_product" ("id") DEFERRABLE INITIALLY DEFERRED);
CREATE TABLE IF NOT EXISTS "orders_wishlist" ("id" char(32) NOT NULL PRIMARY KEY, "Created_at" datetime NOT NULL, "user_id" bigint NOT NULL UNIQUE REFERENCES "accounts_user" ("id") DEFERRABLE INITIALLY DEFERRED);
CREATE TABLE IF NOT EXISTS "orders_wishlistitem" ("id" integer NOT NULL PRIMARY KEY AUTOINCREMENT, "wishlist_id" char(32) NOT NULL REFERENCES "orders_wishlist" ("id") DEFERRABLE INITIALLY DEFERRED, "product_id" integer NOT NULL REFERENCES "products_product" ("id") DEFERRABLE INITIALLY DEFERRED);
CREATE TABLE IF NOT EXISTS "products_collection" ("id" integer NOT NULL PRIMARY KEY AUTOINCREMENT, "name" varchar(100) NOT NULL, "supplier_id" bigint NOT NULL REFERENCES "accounts_supplier" ("id") DEFERRABLE INITIALLY DEFERRED);
CREATE TABLE IF NOT EXISTS "products_collectionitem" ("id" integer NOT NULL PRIMARY KEY AUTOINCREMENT, "collection_id" bigint NOT NULL REFERENCES "products_collection" ("id") DEFERRABLE INITIALLY DEFERRED, "product_id" integer NOT NULL REFERENCES "products_product" ("id") DEFERRABLE INITIALLY DEFERRED);
CREATE TABLE IF NOT EXISTS "orders_coupon_products" ("id" integer NOT NULL PRIMARY KEY AUTOINCREMENT, "coupon_id" bigint NOT NULL REFERENCES "orders_coupon" ("id") DEFERRABLE INITIALLY DEFERRED, "product_id" integer NOT NULL REFERENCES "products_product" ("id") DEFERRABLE INITIALLY DEFERRED);
CREATE TABLE IF NOT EXISTS "orders_coupon" ("id" integer NOT NULL PRIMARY KEY AUTOINCREMENT, "code" varchar(50) NOT NULL UNIQUE, "discount" decimal NOT NULL, "valid_from" datetime NOT NULL, "valid_to" datetime NOT NULL, "terms" text NOT NULL, "supplier_id" bigint NOT NULL REFERENCES "accounts_supplier" ("id") DEFERRABLE INITIALLY DEFERRED, "active" bool NOT NULL);
CREATE TABLE IF NOT EXISTS "products_proimage" ("id" integer NOT NULL PRIMARY KEY AUTOINCREMENT, "product_id" integer NOT NULL REFERENCES "products_product" ("id") DEFERRABLE INITIALLY DEFERRED, "image" varchar(100) NULL);
CREATE TABLE IF NOT EXISTS "reviews_review" ("id" integer NOT NULL PRIMARY KEY AUTOINCREMENT, "rating" integer NOT NULL, "comment" text NOT NULL, "created_at" datetime NOT NULL, "course_id" integer NULL REFERENCES "course_course" ("CourseID") DEFERRABLE INITIALLY DEFERRED, "customer_id" bigint NOT NULL REFERENCES "accounts_customer" ("id") DEFERRABLE INITIALLY DEFERRED, "delivery_id" bigint NULL REFERENCES "accounts_delivery" ("id") DEFERRABLE INITIALLY DEFERRED, "product_id" integer NULL REFERENCES "products_product" ("id") DEFERRABLE INITIALLY DEFERRED, "supplier_id" bigint NULL REFERENCES "accounts_supplier" ("id") DEFERRABLE INITIALLY DEFERRED, "ease_of_place_order" varchar(50) NULL, "image" varchar(100) NULL, "product_packaging" varchar(50) NULL, "speed_of_delivery" varchar(50) NULL);
CREATE TABLE IF NOT EXISTS "notifications_notification" ("id" integer NOT NULL PRIMARY KEY AUTOINCREMENT, "message" text NOT NULL, "timestamp" datetime NOT NULL, "is_read" bool NOT NULL, "user_id" bigint NOT NULL REFERENCES "accounts_user" ("id") DEFERRABLE INITIALLY DEFERRED);
CREATE TABLE IF NOT EXISTS "chatapp_conversation" ("id" integer NOT NULL PRIMARY KEY AUTOINCREMENT, "start_time" datetime NOT NULL, "initiator_id" bigint NULL REFERENCES "accounts_user" ("id") DEFERRABLE INITIALLY DEFERRED, "receiver_id" bigint NULL REFERENCES "accounts_user" ("id") DEFERRABLE INITIALLY DEFERRED);
CREATE TABLE IF NOT EXISTS "chatapp_message" ("id" integer NOT NULL PRIMARY KEY AUTOINCREMENT, "text" varchar(200) NOT NULL, "attachment" varchar(100) NOT NULL, "timestamp" datetime NOT NULL, "conversation_id_id" bigint NOT NULL REFERENCES "chatapp_conversation" ("id") DEFERRABLE INITIALLY DEFERRED, "sender_id" bigint NULL REFERENCES "accounts_user" ("id") DEFERRABLE INITIALLY DEFERRED);
CREATE TABLE IF NOT EXISTS "orders_warehouse" ("id" integer NOT NULL PRIMARY KEY AUTOINCREMENT, "name" varchar(100) NOT NULL, "contact_person" varchar(100) NOT NULL, "contact_phone" varchar(20) NOT NULL, "Address_id" bigint NOT NULL REFERENCES "accounts_address" ("id") DEFERRABLE INITIALLY DEFERRED, "delivery_fee" decimal NOT NULL);
INSERT INTO orders_warehouse VALUES(7,'Alexandria','','',34,50);
INSERT INTO orders_warehouse VALUES(8,'Aswan','','',35,100);
INSERT INTO orders_warehouse VALUES(9,'Assiut','','',36,80);
INSERT INTO orders_warehouse VALUES(10,'Beheira','','',37,70);
INSERT INTO orders_warehouse VALUES(11,'Beni Suef','','',38,70);
INSERT INTO orders_warehouse VALUES(12,'Cairo','','',39,40);
INSERT INTO orders_warehouse VALUES(13,'Dakahlia','','',39,70);
INSERT INTO orders_warehouse VALUES(14,'Damietta','','',41,50);
INSERT INTO orders_warehouse VALUES(15,'Fayoum','','',42,80);
INSERT INTO orders_warehouse VALUES(16,'Gharbia','','',42,50);
INSERT INTO orders_warehouse VALUES(17,'Giza','','',43,50);
INSERT INTO orders_warehouse VALUES(18,'Ismailia','','',45,60);
INSERT INTO orders_warehouse VALUES(19,'Kafr el-Sheikh','','',46,80);
INSERT INTO orders_warehouse VALUES(20,'Matrouh','','',47,100);
INSERT INTO orders_warehouse VALUES(21,'Minya','','',35,80);
INSERT INTO orders_warehouse VALUES(22,'Menofia','','',35,70);
INSERT INTO orders_warehouse VALUES(23,'New Valley','','',37,70);
INSERT INTO orders_warehouse VALUES(24,'North Sinai','','',38,90);
INSERT INTO orders_warehouse VALUES(25,'Port Said','','',39,60);
INSERT INTO orders_warehouse VALUES(26,'Qualyubia','','',40,60);
INSERT INTO orders_warehouse VALUES(27,'Qena','','',44,80);
INSERT INTO orders_warehouse VALUES(28,'Red Sea','','',43,70);
INSERT INTO orders_warehouse VALUES(29,'Al-Sharqia','','',42,50);
INSERT INTO orders_warehouse VALUES(30,'Sohag','','',40,80);
INSERT INTO orders_warehouse VALUES(31,'South Sinai','','',47,90);
INSERT INTO orders_warehouse VALUES(32,'Suez','','',37,50);
INSERT INTO orders_warehouse VALUES(33,'Luxor','','',43,90);
CREATE TABLE IF NOT EXISTS "accounts_address" ("id" integer NOT NULL PRIMARY KEY AUTOINCREMENT, "Street" varchar(100) NOT NULL, "City" varchar(100) NOT NULL, "State" varchar(100) NOT NULL, "user_id" bigint NOT NULL REFERENCES "accounts_user" ("id") DEFERRABLE INITIALLY DEFERRED, "BuildingNO" varchar(10) NULL);
INSERT INTO accounts_address VALUES(34,'12','gizah','Cairo',15,'50');
INSERT INTO accounts_address VALUES(35,'12','Aswan','Aswan',15,'4');
INSERT INTO accounts_address VALUES(36,'12','Aswan','Dammeita',15,'7');
INSERT INTO accounts_address VALUES(37,'12','Aswan','Dammeita',2,'7');
INSERT INTO accounts_address VALUES(38,'12','Aswan','Dammeita',3,'7');
INSERT INTO accounts_address VALUES(39,'12','gizah','Cairo',6,'7');
INSERT INTO accounts_address VALUES(40,'12','gizah','Cairo',10,'7');
INSERT INTO accounts_address VALUES(41,'12','gizah','Cairo',7,'6');
INSERT INTO accounts_address VALUES(42,'12','gizah','Cairo',16,'6');
INSERT INTO accounts_address VALUES(43,'egypt','zagazig','Dammeita',9,'56');
INSERT INTO accounts_address VALUES(44,'egypt','zagazig','Dammeita',5,'56');
INSERT INTO accounts_address VALUES(45,'egypt','zagazig','Dammeita',9,'ert');
INSERT INTO accounts_address VALUES(46,'egypt','zagazig','Dammeita',17,'ert');
INSERT INTO accounts_address VALUES(47,'egypt','zagazig','Dammeita',2,'ert');
CREATE TABLE IF NOT EXISTS "course_course" ("CourseID" integer NOT NULL PRIMARY KEY AUTOINCREMENT, "CourseTitle" varchar(100) NOT NULL, "CourseHours" integer NULL, "Description" text NOT NULL, "Price" decimal NOT NULL, "Thumbnail" varchar(100) NULL, "FromDate" datetime NULL, "ToDate" datetime NULL, "address" text NULL, "completed" bool NOT NULL, "CategoryID_id" integer NOT NULL REFERENCES "products_category" ("CategoryID") DEFERRABLE INITIALLY DEFERRED, "Supplier_id" bigint NULL REFERENCES "accounts_supplier" ("id") DEFERRABLE INITIALLY DEFERRED, "Rating" decimal NOT NULL, "NumberOfRatings" integer NOT NULL, "NumberOfLec" integer NULL);
CREATE TABLE IF NOT EXISTS "accounts_user" ("password" varchar(128) NOT NULL, "id" integer NOT NULL PRIMARY KEY AUTOINCREMENT, "email" varchar(255) NOT NULL UNIQUE, "first_name" varchar(100) NOT NULL, "last_name" varchar(100) NOT NULL, "PhoneNO" varchar(14) NOT NULL, "is_staff" bool NOT NULL, "is_superuser" bool NOT NULL, "is_verified" bool NOT NULL, "is_active" bool NOT NULL, "date_joined" datetime NOT NULL, "last_login" datetime NOT NULL, "is_customer" bool NOT NULL, "is_supplier" bool NOT NULL, "is_delivery" bool NOT NULL, "last_password_reset_request" datetime NULL, "auth_provider" varchar(50) NOT NULL, "Balance" decimal NOT NULL);
INSERT INTO accounts_user VALUES('pbkdf2_sha256$720000$X9PgSb9ALbk8oOLuVPyoCi$eaywkKOiWZVdL080QbU+NLZsBwIGimjRUl7bIJqkxcQ=',1,'hesham@admin.com','hesham','ashraf','',1,1,1,1,'2024-04-29 16:30:56.748850','2024-12-13 16:05:53.978978',0,0,0,NULL,'email',0);
INSERT INTO accounts_user VALUES('pbkdf2_sha256$720000$E0Wfp3sVcC27ZyzNEGFYT8$DcPRElFQwYmQNFz77sK3EIP4ov4VOOOH0JlHSlDbuZA=',2,'customer1@customer.com','hesh','ash','01024782658',0,0,1,1,'2024-04-29 16:32:12.706446','2024-04-29 16:32:12.706446',1,0,0,'2024-04-29 16:32:04','email',0);
INSERT INTO accounts_user VALUES('pbkdf2_sha256$720000$xdvf43zE8uuNc5HcsWmw3Z$jnYYYL1hS93I2txa3F1hwdAe5ngzbDWnYHQGfzwhJlc=',3,'supplier1@supplier.com','hesh','ash','01024782658',0,0,1,1,'2024-04-29 16:32:42.282720','2024-05-04 21:00:40.021253',0,1,0,'2024-04-29 16:32:40','email',0);
INSERT INTO accounts_user VALUES('pbkdf2_sha256$720000$mQ88P1THTvvw22XLpTxkhj$JS1ifh7/orIDCkSMXAztdjJflJh4phqRYDwTboY3Uwg=',4,'delivery1@delivery.com','hesh','ash','01024782658',0,0,1,1,'2024-04-29 16:33:05.561203','2024-04-29 16:33:05.561203',0,0,1,'2024-04-29 16:33:03','email',0);
INSERT INTO accounts_user VALUES('pbkdf2_sha256$720000$zJTXhI54RoDHLIzVZ0J8f7$PgqEzXPTavnYhhzm2wnu0n4r7pCNlx9FqqzdMxBV/Po=',5,'Waleed@gmail.com','Waleed','Darwesh','01010639397',0,0,1,1,'2024-05-04 19:54:30.251126','2024-05-04 19:58:19.583552',1,0,0,NULL,'email',0);
INSERT INTO accounts_user VALUES('pbkdf2_sha256$720000$xkYYteutyc1S7VopC6LIDa$UEA9xobMUF9cnyBHYDPrbgP8xdW2aEO9Q6BP9PemXrg=',6,'dah512509@gmail.com','wwwww','eeeee','0102564222',0,0,1,1,'2024-05-04 20:59:33.358214','2024-05-05 21:35:52.004601',1,0,0,'2024-05-04 21:00:24','email',0);
INSERT INTO accounts_user VALUES('pbkdf2_sha256$720000$MsaqIxRISR0PBjdOCPYxsI$OOa5L+hCv3dAG703bOGMjF0kLrJbPQc5jg2t+ypUjdE=',7,'MMwweh77e@example.com','Waleed','Darwesh','01010636369',0,0,1,1,'2024-05-05 21:41:52.017093','2024-05-05 21:43:24.480808',0,1,0,NULL,'email',0);
INSERT INTO accounts_user VALUES('pbkdf2_sha256$720000$DuizBqQ5KNpTmshfXpENRT$kqZQdQcqYJReXMIdGsAPEzvYrczaBr5JJxJswfErLHU=',8,'mMwweh77e@example.com','Waleed','Darwesh','01010636367',0,0,0,1,'2024-05-05 21:47:51.196855','2024-05-05 21:47:51.196855',0,1,0,NULL,'email',0);
INSERT INTO accounts_user VALUES('pbkdf2_sha256$720000$sRsdtMgHBJKZh49TWa8sNP$7cCeZfhPmPfV5eSTCbN9Vw+GQbvkZuYCvrsszTA9iOg=',9,'mMweh77e@example.com','Waleed','Darwesh','01010636365',0,0,0,1,'2024-05-05 21:48:36.494680','2024-05-05 21:48:36.494680',0,1,0,NULL,'email',0);
INSERT INTO accounts_user VALUES('pbkdf2_sha256$720000$I5N7PNf5ZODBxzGPQKYgmm$EhRpOif5aExu4mK9AUersCJdEeoDrYWOQkn6Y2I0WFs=',10,'dah2509@gmail.com','wwwww','eeeee','01010685925',0,0,0,1,'2024-05-05 23:18:20.482977','2024-05-05 23:18:20.482977',1,0,0,NULL,'email',0);
INSERT INTO accounts_user VALUES('pbkdf2_sha256$720000$naw55Gi1xrI871WAwF0NL1$ukL7YOIFZYsNwv7trj4R9prmUVEl08dYMDe/2pEGDF4=',11,'hesham5@admin.com','wwwww','eeeee','01010685928',0,0,0,1,'2024-05-05 23:23:40.131799','2024-05-05 23:23:40.131799',1,0,0,NULL,'email',0);
INSERT INTO accounts_user VALUES('pbkdf2_sha256$720000$y7cMOCQPXhZeSqwcvpH4Et$+JbKfKgFyYZCp8/9rYJljRPHz/uA6D2TKTxBJ+bEl/s=',12,'hesham7@admin.com','wwwww','eeeee','01010685927',0,0,0,1,'2024-05-05 23:28:17.937918','2024-05-05 23:28:17.937918',1,0,0,NULL,'email',0);
INSERT INTO accounts_user VALUES('pbkdf2_sha256$720000$JqBovPFfV4de1kGwQMRpg5$MOlSxcfmN0PV2c+8gD4aWL+am4jxAYau3sFzA9ubtCg=',13,'hesham8@admin.com','wwwww','eeeee','01010685921',0,0,0,1,'2024-05-05 23:28:44.721402','2024-05-05 23:28:44.721402',1,0,0,NULL,'email',0);
INSERT INTO accounts_user VALUES('pbkdf2_sha256$720000$fjeDDIyBHYs3umNSkY3rUd$+c3/ig/iuMqjoeO3YRoxl4V/VoblKZ9v39XMXUrK+vg=',14,'hesham4@admin.com','wwwww','eeeee','01010685941',0,0,0,1,'2024-05-05 23:30:15.250757','2024-05-05 23:30:15.250757',1,0,0,NULL,'email',0);
INSERT INTO accounts_user VALUES('pbkdf2_sha256$720000$M5IW4ZweV4M3GeBVNCTRml$2ANGeMi5tei0mmJANWPe8HdOY7aG+XxpddCw6/5XVJM=',15,'hesham66@admin.com','wwwww','eeeee','01010685944',0,0,0,1,'2024-05-05 23:33:09.986165','2024-05-05 23:33:09.986165',1,0,0,NULL,'email',0);
INSERT INTO accounts_user VALUES('pbkdf2_sha256$720000$pAoVEU8F4Lzdm3l8gUnG5H$vYuePWPYpNM3iAeLH6AETWtXxqzXoaOhN9pZ73IjeWk=',16,'waleeddarwesh@gmail.com','Waleed','Darwesh','01211497212',0,0,1,1,'2024-05-18 18:20:38.973598','2024-07-06 12:02:36.567304',0,1,0,'2024-07-06 12:00:17.098746','email',200);
INSERT INTO accounts_user VALUES('pbkdf2_sha256$720000$fREcaivus0QpE6MALIWKxw$UefzxrcVW1JDjytx9ro9eLfSOKYqv5x9SkM0nQdEer4=',17,'Customer1@gmail.com','Waleed','Darwesh','01101154638',0,0,1,1,'2024-06-19 16:43:10.937791','2024-06-28 22:28:28.652227',1,0,0,NULL,'email',4774);
INSERT INTO accounts_user VALUES('pbkdf2_sha256$720000$sKY2Xef6PN7ZTPhaRg0h1v$dXOOsaCLGRxKKMA9VN9CD12Gw057ZnBja9ClQu4cvFg=',18,'CraftEG@Craft.com','Craft','EG','01101114638',1,1,1,1,'2024-06-28 11:33:14.392524','2024-06-28 11:33:14.392524',0,0,0,NULL,'email',0);
INSERT INTO accounts_user VALUES('pbkdf2_sha256$720000$i3Lwb55oHX1LZuotGpNZFW$YxVh6iH5Y2kEGj8zEb9ZHH2j+HQjAnZkWhLzn8Ov74w=',19,'omar@admin.com','omar','fathi','',1,1,1,1,'2024-07-03 23:39:49.837914','2024-07-03 23:40:32.387700',0,0,0,NULL,'email',0);
INSERT INTO accounts_user VALUES('pbkdf2_sha256$720000$YJK1EAu4XQXNQ4PF6pAUHL$3pPOn8dqM1nF0rUDzeHqYDfQrJsSS86fplXt6jZLGGo=',20,'ahmed@supplier.com','ahmed','mohamed','01049283030',0,0,1,1,'2024-07-03 23:46:39.922584','2024-07-03 23:46:39.922584',0,1,0,NULL,'email',0);
INSERT INTO accounts_user VALUES('pbkdf2_sha256$720000$tExjmT5z0mbpheUsKfsrJP$CkbD7Gs5u8dDR14+g5HJT/nNP6NblyPbZuIdtc44lPQ=',21,'ali@supplier.com','ali','mohamed','01049283031',0,0,1,1,'2024-07-03 23:47:52.846664','2024-07-03 23:47:52.846664',0,1,0,NULL,'email',0);
INSERT INTO accounts_user VALUES('pbkdf2_sha256$720000$PllXx7s8KZOIwVaDfrssHz$8JLA6XuW/NJOiw5QIxT0wRb2MnVu+y526lRyWX0Nsbs=',22,'omar@supplier.com','Omar','mohamed','01049283032',0,0,1,1,'2024-07-03 23:48:52.560058','2024-07-03 23:48:52.560058',0,1,0,NULL,'email',0);
INSERT INTO accounts_user VALUES('pbkdf2_sha256$720000$f72AY9EIdinMyMA5O0EKc4$LpVG5e1dZf9TPM6R9QcJaL0CBZuH1NbBPRceDmPDTfw=',23,'amr@supplier.com','amr','mohamed','01049283033',0,0,1,1,'2024-07-03 23:50:21.790397','2024-07-03 23:50:21.790397',0,1,0,NULL,'email',0);
INSERT INTO accounts_user VALUES('pbkdf2_sha256$720000$OXcu0UW03wGG0X7tIaHPS3$38WG5EUnjRpKqHKS/2gPp0n75nHVA3d6PgtVHiE0NMU=',24,'mahmoud@supplier.com','mahmoud','mohamed','01049283034',0,0,1,1,'2024-07-03 23:51:06.595641','2024-07-03 23:51:06.595641',0,1,0,NULL,'email',0);
INSERT INTO accounts_user VALUES('pbkdf2_sha256$720000$VPikjAgMuZxgrNZMm2aa1m$9RRQL0O0m/90z9OCdEAHymv+BA6GwFN+TaDcU1BGSj8=',25,'sara@supplier.com','sara','mohamed','01049283035',0,0,1,1,'2024-07-03 23:51:46.601114','2024-07-03 23:51:46.601114',0,1,0,NULL,'email',0);
INSERT INTO accounts_user VALUES('pbkdf2_sha256$720000$stHBJIMEdtvL3cVHNKLZCk$gPlbcGqfG5KHw3Nxs7SmVXiHRLLRkmqzUHAh+b+Hmpg=',26,'mona@supplier.com','mona','mohamed','01049283036',0,0,1,1,'2024-07-03 23:52:25.455654','2024-07-03 23:52:25.455654',0,1,0,NULL,'email',0);
INSERT INTO accounts_user VALUES('pbkdf2_sha256$720000$jBem9ChvCvpGc8jalXpWGL$E+95Elo54SUe647n8g+STF2g5vSZzVuEtMoB1S/o1po=',27,'mai@supplier.com','mai','mohamed','01049283037',0,0,1,1,'2024-07-03 23:53:28.549731','2024-07-03 23:53:28.549731',0,1,0,NULL,'email',0);
INSERT INTO accounts_user VALUES('pbkdf2_sha256$720000$426wAKvcubfuJ1NVQ7TOjt$rWelQymxGoLy3Oj2kRzOy8KW+/fAgilMGBGDKGG4IeY=',28,'rahma@supplier.com','rahma','mohamed','01049283038',0,0,1,1,'2024-07-03 23:56:35.495823','2024-07-03 23:56:35.495823',0,1,0,NULL,'email',0);
INSERT INTO accounts_user VALUES('pbkdf2_sha256$720000$W97y4R9tFGYIypO1a0xjyg$ftCLGROMDR5t0DmSBzYtdTBkvoobs68qJhzBInhgOVo=',29,'khaled@supplier.com','khaled','mohamed','01049283039',0,0,1,1,'2024-07-03 23:57:18.414572','2024-07-03 23:57:18.414572',0,1,0,NULL,'email',0);
INSERT INTO accounts_user VALUES('pbkdf2_sha256$720000$wDglxLhbTU06rHVMtdc7nT$p3JVvzaJCuYSR6xDCN1xiTqPzcC2sMlLhTCpYZw7AsA=',30,'taha@supplier.com','taha','mohamed','01034892020',0,0,1,1,'2024-07-04 00:13:41.847226','2024-07-04 00:13:41.847226',0,1,0,NULL,'email',0);
INSERT INTO accounts_user VALUES('pbkdf2_sha256$720000$kdQ1XWyA0m4FwPTRddB4bH$X+3wCZ9R1yT93vdvdRaC674Y0DMCW6u8lUwlNQcFOig=',31,'customer112@customer.com','h122','sasasas','01028782104',0,0,1,1,'2024-07-06 15:30:37.461223','2024-07-06 15:53:57.307423',1,0,0,'2024-07-06 15:34:25.604747','email',0);
INSERT INTO accounts_user VALUES('pbkdf2_sha256$720000$onlMEMtqJ5Jp33ewo4UvFV$GWj2zSgTtzAC4asWOZwtw+HteLF6NuczlfL4Z6G9mOw=',32,'heshamffff@admin.com','Waleed','Darwesh','01101115555',0,0,0,1,'2024-07-08 09:01:53.964808','2024-07-08 09:01:53.964808',1,0,0,NULL,'email',0);
CREATE TABLE IF NOT EXISTS "orders_order" ("id" char(32) NOT NULL PRIMARY KEY, "address_id" bigint NOT NULL REFERENCES "accounts_address" ("id") DEFERRABLE INITIALLY DEFERRED, "paid" bool NOT NULL, "status" varchar(50) NOT NULL, "created_at" datetime NOT NULL, "updated_at" datetime NOT NULL, "cart_id" char(32) NULL REFERENCES "orders_cart" ("id") DEFERRABLE INITIALLY DEFERRED, "user_id" bigint NOT NULL REFERENCES "accounts_user" ("id") DEFERRABLE INITIALLY DEFERRED, "discount_amount" decimal NOT NULL, "final_amount" decimal NOT NULL, "total_amount" decimal NOT NULL, "confirmation_code" varchar(6) NULL, "delivery_confirmed_at" datetime NULL, "delivery_id" bigint NULL REFERENCES "accounts_delivery" ("id") DEFERRABLE INITIALLY DEFERRED, "from_state" varchar(250) NOT NULL, "product_id" integer NULL REFERENCES "products_product" ("id") DEFERRABLE INITIALLY DEFERRED, "to_state" varchar(250) NOT NULL, "from_address_id" bigint NULL REFERENCES "accounts_address" ("id") DEFERRABLE INITIALLY DEFERRED, "delivery_fee" decimal NOT NULL, "initial_status" varchar(50) NOT NULL, "supplier_id" bigint NULL REFERENCES "accounts_supplier" ("id") DEFERRABLE INITIALLY DEFERRED, "payment_method" varchar(50) NOT NULL, "stripe_id" varchar(250) NULL, "related_order_id" char(32) NULL REFERENCES "orders_order" ("id") DEFERRABLE INITIALLY DEFERRED);
CREATE TABLE IF NOT EXISTS "return_balance_withdraw_request" ("id" integer NOT NULL PRIMARY KEY AUTOINCREMENT, "transfer_number" varchar(50) NOT NULL, "transfer_type" varchar(50) NOT NULL, "transfer_status" varchar(50) NOT NULL, "amount" decimal NOT NULL, "notes" text NULL, "user_id" bigint NOT NULL REFERENCES "accounts_user" ("id") DEFERRABLE INITIALLY DEFERRED);
CREATE TABLE IF NOT EXISTS "return_transactions" ("id" integer NOT NULL PRIMARY KEY AUTOINCREMENT, "transaction_type" varchar(50) NOT NULL, "amount" decimal NOT NULL, "created_at" datetime NOT NULL, "user_id" bigint NOT NULL REFERENCES "accounts_user" ("id") DEFERRABLE INITIALLY DEFERRED);
CREATE TABLE IF NOT EXISTS "return_returnrequest" ("id" char(32) NOT NULL PRIMARY KEY, "from_state" varchar(250) NOT NULL, "to_state" varchar(250) NOT NULL, "confirmation_code" varchar(6) NULL, "delivery_confirmed_at" datetime NULL, "status" varchar(50) NOT NULL, "initial_status" varchar(50) NOT NULL, "amount" decimal NOT NULL, "stripe_id" varchar(250) NOT NULL, "created_at" datetime NOT NULL, "updated_at" datetime NOT NULL, "delivery_id" bigint NULL REFERENCES "accounts_delivery" ("id") DEFERRABLE INITIALLY DEFERRED, "from_address_id" bigint NULL REFERENCES "accounts_address" ("id") DEFERRABLE INITIALLY DEFERRED, "product_id" integer NULL REFERENCES "products_product" ("id") DEFERRABLE INITIALLY DEFERRED, "related_order_id" char(32) NULL REFERENCES "return_returnrequest" ("id") DEFERRABLE INITIALLY DEFERRED, "supplier_id" bigint NULL REFERENCES "accounts_supplier" ("id") DEFERRABLE INITIALLY DEFERRED, "to_address_id" bigint NOT NULL REFERENCES "accounts_address" ("id") DEFERRABLE INITIALLY DEFERRED, "user_id" bigint NOT NULL REFERENCES "accounts_user" ("id") DEFERRABLE INITIALLY DEFERRED);
CREATE TABLE IF NOT EXISTS "returnrequest_balance_withdraw_request" ("id" integer NOT NULL PRIMARY KEY AUTOINCREMENT, "transfer_number" varchar(50) NOT NULL, "transfer_type" varchar(50) NOT NULL, "transfer_status" varchar(50) NOT NULL, "amount" decimal NOT NULL, "notes" text NULL, "user_id" bigint NOT NULL REFERENCES "accounts_user" ("id") DEFERRABLE INITIALLY DEFERRED);
CREATE TABLE IF NOT EXISTS "returnrequest_transactions" ("id" integer NOT NULL PRIMARY KEY AUTOINCREMENT, "transaction_type" varchar(50) NOT NULL, "amount" decimal NOT NULL, "created_at" datetime NOT NULL, "user_id" bigint NOT NULL REFERENCES "accounts_user" ("id") DEFERRABLE INITIALLY DEFERRED);
INSERT INTO returnrequest_transactions VALUES(1,'Returned Product',100,'2024-06-27 22:53:30.384918',16);
INSERT INTO returnrequest_transactions VALUES(2,'Withdraw',100,'2024-06-27 22:56:18.495340',16);
INSERT INTO returnrequest_transactions VALUES(3,'Purshased Products',-113,'2024-06-28 01:49:38.973941',17);
INSERT INTO returnrequest_transactions VALUES(4,'Cash Back',5.650000000000000355,'2024-06-28 01:49:38.977949',17);
INSERT INTO returnrequest_transactions VALUES(5,'Purshased Products',-113,'2024-06-28 13:43:11.598672',17);
INSERT INTO returnrequest_transactions VALUES(6,'Purshased Products',113,'2024-06-28 13:43:11.598672',18);
INSERT INTO returnrequest_transactions VALUES(7,'Cash Back',5.650000000000000355,'2024-06-28 13:43:11.600672',17);
INSERT INTO returnrequest_transactions VALUES(8,'Purshased Products',-113,'2024-06-28 22:28:28.650232',17);
INSERT INTO returnrequest_transactions VALUES(9,'Purshased Products',113,'2024-06-28 22:28:28.651268',18);
INSERT INTO returnrequest_transactions VALUES(10,'Cash Back',5.650000000000000355,'2024-06-28 22:28:28.657223',17);
INSERT INTO returnrequest_transactions VALUES(11,'Cash Back',-5.650000000000000355,'2024-06-28 22:28:44.065154',17);
INSERT INTO returnrequest_transactions VALUES(12,'Returned Product',113,'2024-06-28 22:28:44.077113',17);
CREATE TABLE IF NOT EXISTS "returnrequest_returnrequest" ("id" char(32) NOT NULL PRIMARY KEY, "quantity" integer NOT NULL, "from_state" varchar(250) NOT NULL, "to_state" varchar(250) NOT NULL, "confirmation_code" varchar(6) NULL, "delivery_confirmed_at" datetime NULL, "status" varchar(50) NOT NULL, "initial_status" varchar(50) NOT NULL, "amount" decimal NOT NULL, "stripe_id" varchar(250) NOT NULL, "created_at" datetime NOT NULL, "updated_at" datetime NOT NULL, "delivery_id" bigint NULL REFERENCES "accounts_delivery" ("id") DEFERRABLE INITIALLY DEFERRED, "from_address_id" bigint NULL REFERENCES "accounts_address" ("id") DEFERRABLE INITIALLY DEFERRED, "product_id" integer NULL REFERENCES "products_product" ("id") DEFERRABLE INITIALLY DEFERRED, "related_order_id" char(32) NULL REFERENCES "returnrequest_returnrequest" ("id") DEFERRABLE INITIALLY DEFERRED, "supplier_id" bigint NULL REFERENCES "accounts_supplier" ("id") DEFERRABLE INITIALLY DEFERRED, "to_address_id" bigint NOT NULL REFERENCES "accounts_address" ("id") DEFERRABLE INITIALLY DEFERRED, "user_id" bigint NOT NULL REFERENCES "accounts_user" ("id") DEFERRABLE INITIALLY DEFERRED, "order_id" char(32) NULL REFERENCES "orders_order" ("id") DEFERRABLE INITIALLY DEFERRED);
CREATE TABLE IF NOT EXISTS "orders_deliveryorder" ("id" char(32) NOT NULL PRIMARY KEY, "accepted_at" datetime NOT NULL, "delivery_person_id" bigint NOT NULL REFERENCES "accounts_user" ("id") DEFERRABLE INITIALLY DEFERRED, "order_id" char(32) NULL REFERENCES "orders_order" ("id") DEFERRABLE INITIALLY DEFERRED);
CREATE TABLE IF NOT EXISTS "returnrequest_deliveryreturnrequest" ("id" char(32) NOT NULL PRIMARY KEY, "accepted_at" datetime NOT NULL, "ReturnRequest_id" char(32) NULL REFERENCES "returnrequest_returnrequest" ("id") DEFERRABLE INITIALLY DEFERRED, "delivery_person_id" bigint NOT NULL REFERENCES "accounts_user" ("id") DEFERRABLE INITIALLY DEFERRED);
CREATE TABLE IF NOT EXISTS "products_product" ("id" integer NOT NULL PRIMARY KEY AUTOINCREMENT, "ProductName" varchar(100) NOT NULL, "ProductDescription" text NOT NULL, "QuantityPerUnit" varchar(50) NOT NULL, "UnitPrice" decimal NOT NULL, "UnitWeight" decimal NOT NULL, "OutOfStock" bool NOT NULL, "DiscountAvailable" bool NOT NULL, "Discount" decimal NOT NULL, "Rating" decimal NOT NULL, "Publish_Date" datetime NOT NULL, "Category_id" integer NULL REFERENCES "products_category" ("CategoryID") DEFERRABLE INITIALLY DEFERRED, "MatCategory_id" integer NULL REFERENCES "products_matcategory" ("MatID") DEFERRABLE INITIALLY DEFERRED, "Supplier_id" bigint NOT NULL REFERENCES "accounts_supplier" ("id") DEFERRABLE INITIALLY DEFERRED, "Stock" integer NOT NULL, "DiscountPercentage" decimal NOT NULL, "height" decimal NULL, "watt" decimal NULL, "width" decimal NULL);
INSERT INTO products_product VALUES(2,'bamboo chair','Lorem ipsum dolor sit amet, consectetur adipiscing elit. Cras viverra condimentum metus, at rhoncus massa suscipit imperdiet. Fusce facilisis sed sapien non egestas. Ut sit amet eleifend nisl. Praesent vitae urna metus. Morbi vel porta dolor. Aliquam condimentum tristique tellus, sed facilisis ligula faucibus et.','1',250,7,0,0,0,5,'2024-07-04 00:27:19.387958',2,NULL,7,30,0,NULL,NULL,NULL);
INSERT INTO products_product VALUES(3,'bamboo led-spot','Lorem ipsum dolor sit amet, consectetur adipiscing elit. Cras viverra condimentum metus, at rhoncus massa suscipit imperdiet. Fusce facilisis sed sapien non egestas. Ut sit amet eleifend nisl. Praesent vitae urna metus. Morbi vel porta dolor. Aliquam condimentum tristique tellus, sed facilisis ligula faucibus et.','3',200,3,0,0,0,5,'2024-07-04 00:29:28.334687',2,NULL,7,50,0,NULL,NULL,NULL);
INSERT INTO products_product VALUES(4,'bamboo tables','Lorem ipsum dolor sit amet, consectetur adipiscing elit. Cras viverra condimentum metus, at rhoncus massa suscipit imperdiet. Fusce facilisis sed sapien non egestas. Ut sit amet eleifend nisl. Praesent vitae urna metus. Morbi vel porta dolor. Aliquam condimentum tristique tellus, sed facilisis ligula faucibus et.','3',500,10,0,0,0,5,'2024-07-04 00:30:50.270976',2,NULL,7,20,0,NULL,NULL,NULL);
INSERT INTO products_product VALUES(5,'Rose scented candle','Lorem ipsum dolor sit amet, consectetur adipiscing elit. Cras viverra condimentum metus, at rhoncus massa suscipit imperdiet. Fusce facilisis sed sapien non egestas. Ut sit amet eleifend nisl. Praesent vitae urna metus. Morbi vel porta dolor. Aliquam condimentum tristique tellus, sed facilisis ligula faucibus et.','1',50,0.25,0,0,0,5,'2024-07-04 00:35:40.136350',3,NULL,8,50,0,NULL,NULL,NULL);
INSERT INTO products_product VALUES(6,'Vanilla scented candle','Lorem ipsum dolor sit amet, consectetur adipiscing elit. Cras viverra condimentum metus, at rhoncus massa suscipit imperdiet. Fusce facilisis sed sapien non egestas. Ut sit amet eleifend nisl. Praesent vitae urna metus. Morbi vel porta dolor. Aliquam condimentum tristique tellus, sed facilisis ligula faucibus et.','1',70,250,0,0,0,5,'2024-07-04 00:37:58.534015',3,NULL,8,50,0,NULL,NULL,NULL);
INSERT INTO products_product VALUES(7,'Strawberry scented candle','Lorem ipsum dolor sit amet, consectetur adipiscing elit. Cras viverra condimentum metus, at rhoncus massa suscipit imperdiet. Fusce facilisis sed sapien non egestas. Ut sit amet eleifend nisl. Praesent vitae urna metus. Morbi vel porta dolor. Aliquam condimentum tristique tellus, sed facilisis ligula faucibus et.','1',80,1,0,0,0,5,'2024-07-04 00:39:33.141979',3,NULL,8,50,0,NULL,NULL,NULL);
INSERT INTO products_product VALUES(8,'Circular carpet','Lorem ipsum dolor sit amet, consectetur adipiscing elit. Cras viverra condimentum metus, at rhoncus massa suscipit imperdiet. Fusce facilisis sed sapien non egestas. Ut sit amet eleifend nisl. Praesent vitae urna metus. Morbi vel porta dolor. Aliquam condimentum tristique tellus, sed facilisis ligula faucibus et.','1',300,5,0,0,0,5,'2024-07-04 00:43:42.144912',4,NULL,9,20,0,NULL,NULL,NULL);
INSERT INTO products_product VALUES(9,'Reception carpet','Lorem ipsum dolor sit amet, consectetur adipiscing elit. Cras viverra condimentum metus, at rhoncus massa suscipit imperdiet. Fusce facilisis sed sapien non egestas. Ut sit amet eleifend nisl. Praesent vitae urna metus. Morbi vel porta dolor. Aliquam condimentum tristique tellus, sed facilisis ligula faucibus et.','1',500,10,0,0,0,5,'2024-07-04 00:45:28.519709',4,NULL,9,15,0,NULL,NULL,NULL);
INSERT INTO products_product VALUES(10,'crochet ice cap','Lorem ipsum dolor sit amet, consectetur adipiscing elit. Cras viverra condimentum metus, at rhoncus massa suscipit imperdiet. Fusce facilisis sed sapien non egestas. Ut sit amet eleifend nisl. Praesent vitae urna metus. Morbi vel porta dolor. Aliquam condimentum tristique tellus, sed facilisis ligula faucibus et.','1',100,1,0,0,0,5,'2024-07-04 00:50:16.459135',5,NULL,10,10,0,NULL,NULL,NULL);
INSERT INTO products_product VALUES(11,'crochet handbag','Lorem ipsum dolor sit amet, consectetur adipiscing elit. Cras viverra condimentum metus, at rhoncus massa suscipit imperdiet. Fusce facilisis sed sapien non egestas. Ut sit amet eleifend nisl. Praesent vitae urna metus. Morbi vel porta dolor. Aliquam condimentum tristique tellus, sed facilisis ligula faucibus et.','1',150,1,0,0,0,5,'2024-07-04 00:51:26.799788',5,NULL,10,15,0,NULL,NULL,NULL);
INSERT INTO products_product VALUES(12,'crochet dummy','Lorem ipsum dolor sit amet, consectetur adipiscing elit. Cras viverra condimentum metus, at rhoncus massa suscipit imperdiet. Fusce facilisis sed sapien non egestas. Ut sit amet eleifend nisl. Praesent vitae urna metus. Morbi vel porta dolor. Aliquam condimentum tristique tellus, sed facilisis ligula faucibus et.','1',150,0.5,0,0,0,5,'2024-07-04 00:54:19.303324',5,NULL,10,10,0,NULL,NULL,NULL);
INSERT INTO products_product VALUES(13,'Earring','Lorem ipsum dolor sit amet, consectetur adipiscing elit. Cras viverra condimentum metus, at rhoncus massa suscipit imperdiet. Fusce facilisis sed sapien non egestas. Ut sit amet eleifend nisl. Praesent vitae urna metus. Morbi vel porta dolor. Aliquam condimentum tristique tellus, sed facilisis ligula faucibus et.','2',500,1,0,0,0,5,'2024-07-04 00:58:53.977266',6,NULL,11,30,0,NULL,NULL,NULL);
INSERT INTO products_product VALUES(14,'Ring','Lorem ipsum dolor sit amet, consectetur adipiscing elit. Cras viverra condimentum metus, at rhoncus massa suscipit imperdiet. Fusce facilisis sed sapien non egestas. Ut sit amet eleifend nisl. Praesent vitae urna metus. Morbi vel porta dolor. Aliquam condimentum tristique tellus, sed facilisis ligula faucibus et.','1',200,1,0,0,0,5,'2024-07-04 00:59:59.785905',6,NULL,11,15,0,NULL,NULL,NULL);
INSERT INTO products_product VALUES(15,'necklace','Lorem ipsum dolor sit amet, consectetur adipiscing elit. Cras viverra condimentum metus, at rhoncus massa suscipit imperdiet. Fusce facilisis sed sapien non egestas. Ut sit amet eleifend nisl. Praesent vitae urna metus. Morbi vel porta dolor. Aliquam condimentum tristique tellus, sed facilisis ligula faucibus et.','1',200,1,0,0,0,5,'2024-07-04 01:01:46.808375',6,NULL,11,20,0,NULL,NULL,NULL);
INSERT INTO products_product VALUES(16,'labtob-bag','Lorem ipsum dolor sit amet, consectetur adipiscing elit. Cras viverra condimentum metus, at rhoncus massa suscipit imperdiet. Fusce facilisis sed sapien non egestas. Ut sit amet eleifend nisl. Praesent vitae urna metus. Morbi vel porta dolor. Aliquam condimentum tristique tellus, sed facilisis ligula faucibus et.','1',500,3,0,0,0,5,'2024-07-04 01:06:16.642569',7,NULL,12,10,0,NULL,NULL,NULL);
INSERT INTO products_product VALUES(17,'wallet','Lorem ipsum dolor sit amet, consectetur adipiscing elit. Cras viverra condimentum metus, at rhoncus massa suscipit imperdiet. Fusce facilisis sed sapien non egestas. Ut sit amet eleifend nisl. Praesent vitae urna metus. Morbi vel porta dolor. Aliquam condimentum tristique tellus, sed facilisis ligula faucibus et.','1',150,1,0,0,0,5,'2024-07-04 01:07:18.070916',7,NULL,12,30,0,NULL,NULL,NULL);
INSERT INTO products_product VALUES(18,'women-handbag','Lorem ipsum dolor sit amet, consectetur adipiscing elit. Cras viverra condimentum metus, at rhoncus massa suscipit imperdiet. Fusce facilisis sed sapien non egestas. Ut sit amet eleifend nisl. Praesent vitae urna metus. Morbi vel porta dolor. Aliquam condimentum tristique tellus, sed facilisis ligula faucibus et.','1',400,3,0,0,0,5,'2024-07-04 01:08:41.450327',7,NULL,12,20,0,NULL,NULL,NULL);
INSERT INTO products_product VALUES(19,'pottery-cups','Lorem ipsum dolor sit amet, consectetur adipiscing elit. Cras viverra condimentum metus, at rhoncus massa suscipit imperdiet. Fusce facilisis sed sapien non egestas. Ut sit amet eleifend nisl. Praesent vitae urna metus. Morbi vel porta dolor. Aliquam condimentum tristique tellus, sed facilisis ligula faucibus et.','2',100,2,0,0,0,5,'2024-07-04 01:14:15.356159',8,NULL,13,50,0,NULL,NULL,NULL);
INSERT INTO products_product VALUES(20,'pottery-ket','Lorem ipsum dolor sit amet, consectetur adipiscing elit. Cras viverra condimentum metus, at rhoncus massa suscipit imperdiet. Fusce facilisis sed sapien non egestas. Ut sit amet eleifend nisl. Praesent vitae urna metus. Morbi vel porta dolor. Aliquam condimentum tristique tellus, sed facilisis ligula faucibus et.','5',300,5,0,0,0,5,'2024-07-04 01:15:18.999679',8,NULL,13,100,0,NULL,NULL,NULL);
INSERT INTO products_product VALUES(21,'green cardigan','Lorem ipsum dolor sit amet, consectetur adipiscing elit. Cras viverra condimentum metus, at rhoncus massa suscipit imperdiet. Fusce facilisis sed sapien non egestas. Ut sit amet eleifend nisl. Praesent vitae urna metus. Morbi vel porta dolor. Aliquam condimentum tristique tellus, sed facilisis ligula faucibus et.','1',500,1,0,0,0,5,'2024-07-04 01:20:14.219896',9,NULL,14,20,0,NULL,NULL,NULL);
INSERT INTO products_product VALUES(22,'gray cardigan','Lorem ipsum dolor sit amet, consectetur adipiscing elit. Cras viverra condimentum metus, at rhoncus massa suscipit imperdiet. Fusce facilisis sed sapien non egestas. Ut sit amet eleifend nisl. Praesent vitae urna metus. Morbi vel porta dolor. Aliquam condimentum tristique tellus, sed facilisis ligula faucibus et.','1',500,1,0,0,0,5,'2024-07-04 01:21:04.037622',9,NULL,14,30,0,NULL,NULL,NULL);
INSERT INTO products_product VALUES(23,'lemon soap','Lorem ipsum dolor sit amet, consectetur adipiscing elit. Cras viverra condimentum metus, at rhoncus massa suscipit imperdiet. Fusce facilisis sed sapien non egestas. Ut sit amet eleifend nisl. Praesent vitae urna metus. Morbi vel porta dolor. Aliquam condimentum tristique tellus, sed facilisis ligula faucibus et.','1',50,1,0,0,0,5,'2024-07-04 01:23:43.031531',10,NULL,15,30,0,NULL,NULL,NULL);
INSERT INTO products_product VALUES(24,'flower soap','Lorem ipsum dolor sit amet, consectetur adipiscing elit. Cras viverra condimentum metus, at rhoncus massa suscipit imperdiet. Fusce facilisis sed sapien non egestas. Ut sit amet eleifend nisl. Praesent vitae urna metus. Morbi vel porta dolor. Aliquam condimentum tristique tellus, sed facilisis ligula faucibus et.','1',50,1,0,0,0,5,'2024-07-04 01:24:21.117569',10,NULL,15,30,0,NULL,NULL,NULL);
INSERT INTO products_product VALUES(25,'green dress','Lorem ipsum dolor sit amet, consectetur adipiscing elit. Cras viverra condimentum metus, at rhoncus massa suscipit imperdiet. Fusce facilisis sed sapien non egestas. Ut sit amet eleifend nisl. Praesent vitae urna metus. Morbi vel porta dolor. Aliquam condimentum tristique tellus, sed facilisis ligula faucibus et.','1',500,2,0,0,0,5,'2024-07-04 01:27:01.659573',9,NULL,14,10,0,NULL,NULL,NULL);
INSERT INTO products_product VALUES(26,'chair','Lorem ipsum dolor sit amet, consectetur adipiscing elit. Cras viverra condimentum metus, at rhoncus massa suscipit imperdiet. Fusce facilisis sed sapien non egestas. Ut sit amet eleifend nisl. Praesent vitae urna metus. Morbi vel porta dolor. Aliquam condimentum tristique tellus, sed facilisis ligula faucibus et.','1',1000,10,0,0,0,5,'2024-07-04 01:28:50.695906',11,NULL,16,10,0,NULL,NULL,NULL);
INSERT INTO products_product VALUES(27,'cups','Lorem ipsum dolor sit amet, consectetur adipiscing elit. Cras viverra condimentum metus, at rhoncus massa suscipit imperdiet. Fusce facilisis sed sapien non egestas. Ut sit amet eleifend nisl. Praesent vitae urna metus. Morbi vel porta dolor. Aliquam condimentum tristique tellus, sed facilisis ligula faucibus et.','2',150,2,0,0,0,5,'2024-07-04 01:29:24.983177',11,NULL,16,20,0,NULL,NULL,NULL);
INSERT INTO products_product VALUES(28,' ',' ','12',45,23,0,0,0,5,'2024-07-06 19:01:51.507997',10,NULL,14,11,0,NULL,NULL,NULL);
CREATE TABLE IF NOT EXISTS "accounts_delivery" ("id" integer NOT NULL PRIMARY KEY AUTOINCREMENT, "DeliveryPhoto" varchar(100) NOT NULL, "DeliveryContract" varchar(100) NOT NULL, "DeliveryIdentity" varchar(100) NOT NULL, "VehicleModel" varchar(100) NOT NULL, "VehicleColor" varchar(100) NULL, "plateNO" varchar(100) NOT NULL, "Rating" decimal NOT NULL, "Orders" integer NULL, "ExperienceYears" integer NULL, "user_id" bigint NOT NULL UNIQUE REFERENCES "accounts_user" ("id") DEFERRABLE INITIALLY DEFERRED, "governorate" varchar(100) NOT NULL, "accepted_delivery" bool NOT NULL);
INSERT INTO accounts_delivery VALUES(1,'shipper_photos/24/04/29/card-3663597_1280.jpg','shipper_contracts/24/04/29/030297b27ebe06e9db757b9414ea0b28.jpg','shipper_identities/24/04/29/2024-04-27_232823.png','qwq',NULL,'23223',0,NULL,0,4,'Cairo',0);
CREATE TABLE IF NOT EXISTS "accounts_supplier" ("id" integer NOT NULL PRIMARY KEY AUTOINCREMENT, "SupplierPhoto" varchar(100) NULL, "SupplierCover" varchar(100) NULL, "CategoryTitle" varchar(50) NOT NULL, "CreditCardNO" varchar(16) NULL, "CreditCardType" varchar(20) NULL, "CreditCardMonth" integer NULL, "CreditCardYear" integer NULL, "CreditCVV" integer NULL, "Logo" varchar(100) NULL, "SupplierContract" varchar(100) NOT NULL, "SupplierIdentity" varchar(100) NOT NULL, "FollowersNo" integer NOT NULL, "ExperienceYears" integer NULL, "Rating" decimal NOT NULL, "Orders" integer NULL, "user_id" bigint NOT NULL UNIQUE REFERENCES "accounts_user" ("id") DEFERRABLE INITIALLY DEFERRED, "accepted_supplier" bool NOT NULL);
INSERT INTO accounts_supplier VALUES(1,'','','wewew',NULL,NULL,NULL,NULL,NULL,'supplier_logos/24/04/29/1733059a62978fd0b2252dddc51d26e2.jpg','supplier_contracts/24/04/29/download_1.png','supplier_identities/24/04/29/__Kali_linux.jpg',0,NULL,0,NULL,3,0);
INSERT INTO accounts_supplier VALUES(2,'','','ghhg',NULL,NULL,NULL,NULL,NULL,'','supplier_contracts/24/05/05/20210612_184141.jpg','supplier_identities/24/05/05/20210612_184216.jpg',0,NULL,5,NULL,6,0);
INSERT INTO accounts_supplier VALUES(3,'','','WeWE',NULL,NULL,NULL,NULL,NULL,'','','',0,5,5,NULL,7,0);
INSERT INTO accounts_supplier VALUES(4,'','','WeWE',NULL,NULL,NULL,NULL,NULL,'','','',0,5,5,NULL,8,0);
INSERT INTO accounts_supplier VALUES(5,'','','WeWE',NULL,NULL,NULL,NULL,NULL,'','','',0,5,5,NULL,9,0);
INSERT INTO accounts_supplier VALUES(6,'','','erfgfrdsa',NULL,NULL,NULL,NULL,NULL,'','','',0,5,5,NULL,16,0);
INSERT INTO accounts_supplier VALUES(7,'','','bamboo',NULL,NULL,NULL,NULL,NULL,'','supplier_contracts/24/07/04/Screenshot_2024-07-04_025858.png','supplier_identities/24/07/04/Screenshot_2024-07-04_025915.png',0,5,5,NULL,20,0);
INSERT INTO accounts_supplier VALUES(8,'','','candles',NULL,NULL,NULL,NULL,NULL,'','supplier_contracts/24/07/04/Screenshot_2024-07-04_025858_5ISfWFG.png','supplier_identities/24/07/04/Screenshot_2024-07-04_025915_iLP8cQe.png',0,7,5,NULL,21,0);
INSERT INTO accounts_supplier VALUES(9,'','','carpets',NULL,NULL,NULL,NULL,NULL,'','supplier_contracts/24/07/04/Screenshot_2024-07-04_025858_zrawlna.png','supplier_identities/24/07/04/Screenshot_2024-07-04_025915_3mAq2yF.png',0,6,5,NULL,23,0);
INSERT INTO accounts_supplier VALUES(10,'','','crocheting',NULL,NULL,NULL,NULL,NULL,'','supplier_contracts/24/07/04/Screenshot_2024-07-04_025858_uE8u16p.png','supplier_identities/24/07/04/Screenshot_2024-07-04_025915_4Fx8Owx.png',0,3,5,NULL,27,0);
INSERT INTO accounts_supplier VALUES(11,'','','jewelry',NULL,NULL,NULL,NULL,NULL,'','supplier_contracts/24/07/04/Screenshot_2024-07-04_025858_XlxCdYx.png','supplier_identities/24/07/04/Screenshot_2024-07-04_025915_UXXfDd1.png',0,5,5,NULL,26,0);
INSERT INTO accounts_supplier VALUES(12,'','','leather',NULL,NULL,NULL,NULL,NULL,'','supplier_contracts/24/07/04/Screenshot_2024-07-04_025858_WBLlChu.png','supplier_identities/24/07/04/Screenshot_2024-07-04_025915_ClF0hma.png',0,10,5,NULL,29,0);
INSERT INTO accounts_supplier VALUES(13,'','','pottery',NULL,NULL,NULL,NULL,NULL,'','supplier_contracts/24/07/04/Screenshot_2024-07-04_025858_bODhZUO.png','supplier_identities/24/07/04/Screenshot_2024-07-04_025915_bIGqvrn.png',0,5,5,NULL,22,0);
INSERT INTO accounts_supplier VALUES(14,'','','sewing',NULL,NULL,NULL,NULL,NULL,'','supplier_contracts/24/07/04/Screenshot_2024-07-04_025858_5Oi0nDt.png','supplier_identities/24/07/04/Screenshot_2024-07-04_025915_CLPgaGU.png',0,7,5,NULL,28,0);
INSERT INTO accounts_supplier VALUES(15,'','','soap',NULL,NULL,NULL,NULL,NULL,'','supplier_contracts/24/07/04/Screenshot_2024-07-04_025858_tAXcvGc.png','supplier_identities/24/07/04/Screenshot_2024-07-04_025915_cKjaU1F.png',0,5,5,NULL,25,1);
INSERT INTO accounts_supplier VALUES(16,'','','wooden',NULL,NULL,NULL,NULL,NULL,'','supplier_contracts/24/07/04/Screenshot_2024-07-04_025858_0cEQzFn.png','supplier_identities/24/07/04/Screenshot_2024-07-04_025915_fIBDY55.png',0,10,5,NULL,30,1);
CREATE TABLE IF NOT EXISTS "accounts_onetimepassword" ("id" integer NOT NULL PRIMARY KEY AUTOINCREMENT, "otp" varchar(6) NOT NULL, "user_id" bigint NOT NULL UNIQUE REFERENCES "accounts_user" ("id") DEFERRABLE INITIALLY DEFERRED, "created_at" datetime NOT NULL);
INSERT INTO accounts_onetimepassword VALUES(1,'3963',5,'2024-07-06 15:53:43.497312');
INSERT INTO accounts_onetimepassword VALUES(2,'6869',7,'2024-07-06 15:53:43.497312');
INSERT INTO accounts_onetimepassword VALUES(3,'9802',8,'2024-07-06 15:53:43.497312');
INSERT INTO accounts_onetimepassword VALUES(4,'9694',9,'2024-07-06 15:53:43.497312');
INSERT INTO accounts_onetimepassword VALUES(5,'6154',10,'2024-07-06 15:53:43.497312');
INSERT INTO accounts_onetimepassword VALUES(6,'4951',11,'2024-07-06 15:53:43.497312');
INSERT INTO accounts_onetimepassword VALUES(7,'6650',12,'2024-07-06 15:53:43.497312');
INSERT INTO accounts_onetimepassword VALUES(8,'4466',13,'2024-07-06 15:53:43.497312');
INSERT INTO accounts_onetimepassword VALUES(9,'2868',14,'2024-07-06 15:53:43.497312');
INSERT INTO accounts_onetimepassword VALUES(10,'2123',15,'2024-07-06 15:53:43.497312');
INSERT INTO accounts_onetimepassword VALUES(11,'6743',16,'2024-07-06 15:53:43.497312');
INSERT INTO accounts_onetimepassword VALUES(12,'5471',17,'2024-07-06 15:53:43.497312');
INSERT INTO accounts_onetimepassword VALUES(14,'7567',32,'2024-07-08 12:01:53.980230');
CREATE TABLE IF NOT EXISTS "admin_interface_theme" ("id" integer NOT NULL PRIMARY KEY AUTOINCREMENT, "name" varchar(50) NOT NULL UNIQUE, "active" bool NOT NULL, "title" varchar(50) NOT NULL, "title_visible" bool NOT NULL, "logo" varchar(100) NOT NULL, "logo_visible" bool NOT NULL, "css_header_background_color" varchar(10) NOT NULL, "css_header_text_color" varchar(10) NOT NULL, "css_header_link_color" varchar(10) NOT NULL, "css_header_link_hover_color" varchar(10) NOT NULL, "css_module_background_color" varchar(10) NOT NULL, "css_module_text_color" varchar(10) NOT NULL, "css_module_link_color" varchar(10) NOT NULL, "css_module_link_hover_color" varchar(10) NOT NULL, "css_module_rounded_corners" bool NOT NULL, "css_generic_link_color" varchar(10) NOT NULL, "css_generic_link_hover_color" varchar(10) NOT NULL, "css_save_button_background_color" varchar(10) NOT NULL, "css_save_button_background_hover_color" varchar(10) NOT NULL, "css_save_button_text_color" varchar(10) NOT NULL, "css_delete_button_background_color" varchar(10) NOT NULL, "css_delete_button_background_hover_color" varchar(10) NOT NULL, "css_delete_button_text_color" varchar(10) NOT NULL, "list_filter_dropdown" bool NOT NULL, "related_modal_active" bool NOT NULL, "related_modal_background_color" varchar(10) NOT NULL, "related_modal_rounded_corners" bool NOT NULL, "logo_color" varchar(10) NOT NULL, "title_color" varchar(10) NOT NULL, "recent_actions_visible" bool NOT NULL, "favicon" varchar(100) NOT NULL, "related_modal_background_opacity" varchar(5) NOT NULL, "env_name" varchar(50) NOT NULL, "env_color" varchar(10) NOT NULL, "env_visible_in_header" bool NOT NULL, "env_visible_in_favicon" bool NOT NULL, "related_modal_close_button_visible" bool NOT NULL, "language_chooser_active" bool NOT NULL, "language_chooser_display" varchar(10) NOT NULL, "list_filter_sticky" bool NOT NULL, "form_pagination_sticky" bool NOT NULL, "form_submit_sticky" bool NOT NULL, "css_module_background_selected_color" varchar(10) NOT NULL, "css_module_link_selected_color" varchar(10) NOT NULL, "logo_max_height" smallint unsigned NOT NULL CHECK ("logo_max_height" >= 0), "logo_max_width" smallint unsigned NOT NULL CHECK ("logo_max_width" >= 0), "foldable_apps" bool NOT NULL, "language_chooser_control" varchar(20) NOT NULL, "list_filter_highlight" bool NOT NULL, "list_filter_removal_links" bool NOT NULL, "show_fieldsets_as_tabs" bool NOT NULL, "show_inlines_as_tabs" bool NOT NULL, "css_generic_link_active_color" varchar(10) NOT NULL, "collapsible_stacked_inlines" bool NOT NULL, "collapsible_stacked_inlines_collapsed" bool NOT NULL, "collapsible_tabular_inlines" bool NOT NULL, "collapsible_tabular_inlines_collapsed" bool NOT NULL);
INSERT INTO admin_interface_theme VALUES(1,'Django',1,'Django administration',0,'',1,'#0C4B33','#44B78B','#FFFFFF','#C9F0DD','#2E7F60','#FFFFFF','#FFFFFF','#C9F0DD',1,'#0C3C26','#156641','#0C4B33','#0C3C26','#FFFFFF','#BA2121','#A41515','#FFFFFF',1,1,'#000000',1,'#FFFFFF','#F5DD5D',1,'','0.3','','#E74C3C',1,1,1,1,'code',1,0,0,'#FFFFCC','#FFFFFF',100,400,1,'default-select',1,0,0,0,'#29B864',0,1,0,1);
INSERT INTO sqlite_sequence VALUES('django_migrations',131);
INSERT INTO sqlite_sequence VALUES('django_content_type',51);
INSERT INTO sqlite_sequence VALUES('auth_permission',204);
INSERT INTO sqlite_sequence VALUES('auth_group',0);
INSERT INTO sqlite_sequence VALUES('django_admin_log',851);
INSERT INTO sqlite_sequence VALUES('token_blacklist_blacklistedtoken',0);
INSERT INTO sqlite_sequence VALUES('token_blacklist_outstandingtoken',27);
INSERT INTO sqlite_sequence VALUES('accounts_user_user_permissions',201);
INSERT INTO sqlite_sequence VALUES('accounts_customer',12);
INSERT INTO sqlite_sequence VALUES('products_category',11);
INSERT INTO sqlite_sequence VALUES('products_procolors',44);
INSERT INTO sqlite_sequence VALUES('products_prosizes',44);
INSERT INTO sqlite_sequence VALUES('products_matcategory',1);
INSERT INTO sqlite_sequence VALUES('orders_cartitems',253);
INSERT INTO sqlite_sequence VALUES('orders_wishlistitem',5);
INSERT INTO sqlite_sequence VALUES('products_collection',1);
INSERT INTO sqlite_sequence VALUES('products_collectionitem',2);
INSERT INTO sqlite_sequence VALUES('orders_coupon_products',26);
INSERT INTO sqlite_sequence VALUES('orders_coupon',20);
INSERT INTO sqlite_sequence VALUES('products_proimage',45);
INSERT INTO sqlite_sequence VALUES('reviews_review',24);
INSERT INTO sqlite_sequence VALUES('orders_warehouse',33);
INSERT INTO sqlite_sequence VALUES('accounts_address',47);
INSERT INTO sqlite_sequence VALUES('course_course',5);
INSERT INTO sqlite_sequence VALUES('course_coursevideos',7);
INSERT INTO sqlite_sequence VALUES('course_enrollment',2);
INSERT INTO sqlite_sequence VALUES('accounts_user',32);
INSERT INTO sqlite_sequence VALUES('returnrequest_balance_withdraw_request',11);
INSERT INTO sqlite_sequence VALUES('returnrequest_transactions',12);
INSERT INTO sqlite_sequence VALUES('products_product',28);
INSERT INTO sqlite_sequence VALUES('accounts_delivery',1);
INSERT INTO sqlite_sequence VALUES('accounts_supplier',16);
INSERT INTO sqlite_sequence VALUES('accounts_onetimepassword',14);
INSERT INTO sqlite_sequence VALUES('admin_interface_theme',1);
CREATE UNIQUE INDEX "django_content_type_app_label_model_76bd3d3b_uniq" ON "django_content_type" ("app_label", "model");
CREATE UNIQUE INDEX "auth_group_permissions_group_id_permission_id_0cd325b0_uniq" ON "auth_group_permissions" ("group_id", "permission_id");
CREATE INDEX "auth_group_permissions_group_id_b120cbf9" ON "auth_group_permissions" ("group_id");
CREATE INDEX "auth_group_permissions_permission_id_84c5c92e" ON "auth_group_permissions" ("permission_id");
CREATE UNIQUE INDEX "auth_permission_content_type_id_codename_01ab375a_uniq" ON "auth_permission" ("content_type_id", "codename");
CREATE INDEX "auth_permission_content_type_id_2f476e4b" ON "auth_permission" ("content_type_id");
CREATE UNIQUE INDEX "accounts_user_groups_user_id_group_id_59c0b32f_uniq" ON "accounts_user_groups" ("user_id", "group_id");
CREATE INDEX "accounts_user_groups_user_id_52b62117" ON "accounts_user_groups" ("user_id");
CREATE INDEX "accounts_user_groups_group_id_bd11a704" ON "accounts_user_groups" ("group_id");
CREATE UNIQUE INDEX "accounts_user_user_permissions_user_id_permission_id_2ab516c2_uniq" ON "accounts_user_user_permissions" ("user_id", "permission_id");
CREATE INDEX "accounts_user_user_permissions_user_id_e4f0a161" ON "accounts_user_user_permissions" ("user_id");
CREATE INDEX "accounts_user_user_permissions_permission_id_113bb443" ON "accounts_user_user_permissions" ("permission_id");
CREATE UNIQUE INDEX "accounts_follow_Customer_id_Supplier_id_06b6ce35_uniq" ON "accounts_follow" ("Customer_id", "Supplier_id");
CREATE INDEX "accounts_follow_Customer_id_d40fd904" ON "accounts_follow" ("Customer_id");
CREATE INDEX "accounts_follow_Supplier_id_54957d1c" ON "accounts_follow" ("Supplier_id");
CREATE INDEX "products_procolors_product_id_4507d538" ON "products_procolors" ("product_id");
CREATE INDEX "products_prosizes_product_id_a38277e2" ON "products_prosizes" ("product_id");
CREATE INDEX "orders_orde_order_i_52f79a_idx" ON "orders_orderitem" ("order_id", "product_id");
CREATE INDEX "orders_orderitem_order_id_fe61a34d" ON "orders_orderitem" ("order_id");
CREATE INDEX "orders_orderitem_product_id_afe4254a" ON "orders_orderitem" ("product_id");
CREATE INDEX "course_coursevideos_CourseID_id_902533a9" ON "course_coursevideos" ("CourseID_id");
CREATE INDEX "course_enrollment_Course_id_353bbdc5" ON "course_enrollment" ("Course_id");
CREATE INDEX "course_enrollment_Customer_id_efd7a27f" ON "course_enrollment" ("Customer_id");
CREATE INDEX "django_admin_log_content_type_id_c4bce8eb" ON "django_admin_log" ("content_type_id");
CREATE INDEX "django_admin_log_user_id_c564eba6" ON "django_admin_log" ("user_id");
CREATE INDEX "django_session_expire_date_a5c62663" ON "django_session" ("expire_date");
CREATE INDEX "token_blacklist_outstandingtoken_user_id_83bc629a" ON "token_blacklist_outstandingtoken" ("user_id");
CREATE INDEX "payment_paymenthistory_order_id_6acb06c3" ON "payment_paymenthistory" ("order_id");
CREATE INDEX "payment_paymenthistory_user_id_f7d99375" ON "payment_paymenthistory" ("user_id");
CREATE INDEX "orders_cartitems_CartID_id_bc988272" ON "orders_cartitems" ("CartID_id");
CREATE INDEX "orders_cartitems_Product_id_09a65e86" ON "orders_cartitems" ("Product_id");
CREATE INDEX "orders_wishlistitem_wishlist_id_03ab6979" ON "orders_wishlistitem" ("wishlist_id");
CREATE INDEX "orders_wishlistitem_product_id_605e8ef7" ON "orders_wishlistitem" ("product_id");
CREATE INDEX "products_collection_supplier_id_bf78b7dc" ON "products_collection" ("supplier_id");
CREATE INDEX "products_collectionitem_collection_id_719c7b60" ON "products_collectionitem" ("collection_id");
CREATE INDEX "products_collectionitem_product_id_76cedc34" ON "products_collectionitem" ("product_id");
CREATE UNIQUE INDEX "orders_coupon_products_coupon_id_product_id_268ee004_uniq" ON "orders_coupon_products" ("coupon_id", "product_id");
CREATE INDEX "orders_coupon_products_coupon_id_e9e05981" ON "orders_coupon_products" ("coupon_id");
CREATE INDEX "orders_coupon_products_product_id_9e785997" ON "orders_coupon_products" ("product_id");
CREATE INDEX "orders_coupon_supplier_id_bdbf4c9a" ON "orders_coupon" ("supplier_id");
CREATE INDEX "products_proimage_product_id_8fd3b466" ON "products_proimage" ("product_id");
CREATE INDEX "reviews_review_course_id_98d638d3" ON "reviews_review" ("course_id");
CREATE INDEX "reviews_review_customer_id_17e79eab" ON "reviews_review" ("customer_id");
CREATE INDEX "reviews_review_delivery_id_97bea9e5" ON "reviews_review" ("delivery_id");
CREATE INDEX "reviews_review_product_id_ce2fa4c6" ON "reviews_review" ("product_id");
CREATE INDEX "reviews_review_supplier_id_496bf7f6" ON "reviews_review" ("supplier_id");
CREATE INDEX "notifications_notification_user_id_b5e8c0ff" ON "notifications_notification" ("user_id");
CREATE INDEX "chatapp_conversation_initiator_id_7431ddd5" ON "chatapp_conversation" ("initiator_id");
CREATE INDEX "chatapp_conversation_receiver_id_c8cee9ad" ON "chatapp_conversation" ("receiver_id");
CREATE INDEX "chatapp_message_conversation_id_id_dee7150d" ON "chatapp_message" ("conversation_id_id");
CREATE INDEX "chatapp_message_sender_id_bdafc095" ON "chatapp_message" ("sender_id");
CREATE INDEX "orders_warehouse_Address_id_7140dd63" ON "orders_warehouse" ("Address_id");
CREATE INDEX "accounts_address_user_id_c8c74ddf" ON "accounts_address" ("user_id");
CREATE INDEX "course_course_CategoryID_id_caeff863" ON "course_course" ("CategoryID_id");
CREATE INDEX "course_course_Supplier_id_c0130059" ON "course_course" ("Supplier_id");
CREATE INDEX "orders_order_address_id_0daf897b" ON "orders_order" ("address_id");
CREATE INDEX "orders_order_cart_id_7e0252e3" ON "orders_order" ("cart_id");
CREATE INDEX "orders_order_user_id_e9b59eb1" ON "orders_order" ("user_id");
CREATE INDEX "orders_order_delivery_id_8f6e0d69" ON "orders_order" ("delivery_id");
CREATE INDEX "orders_order_product_id_096244de" ON "orders_order" ("product_id");
CREATE INDEX "orders_order_from_address_id_5519cea5" ON "orders_order" ("from_address_id");
CREATE INDEX "orders_order_supplier_id_767ee7f9" ON "orders_order" ("supplier_id");
CREATE INDEX "orders_order_related_order_id_e5b46d60" ON "orders_order" ("related_order_id");
CREATE INDEX "orders_orde_user_id_37fed6_idx" ON "orders_order" ("user_id", "created_at");
CREATE INDEX "return_balance_withdraw_request_user_id_02fd2600" ON "return_balance_withdraw_request" ("user_id");
CREATE INDEX "return_transactions_user_id_6915c99e" ON "return_transactions" ("user_id");
CREATE INDEX "return_returnrequest_delivery_id_f7b89a43" ON "return_returnrequest" ("delivery_id");
CREATE INDEX "return_returnrequest_from_address_id_0e3948a8" ON "return_returnrequest" ("from_address_id");
CREATE INDEX "return_returnrequest_product_id_d3524853" ON "return_returnrequest" ("product_id");
CREATE INDEX "return_returnrequest_related_order_id_5dfa4bc0" ON "return_returnrequest" ("related_order_id");
CREATE INDEX "return_returnrequest_supplier_id_813d70c7" ON "return_returnrequest" ("supplier_id");
CREATE INDEX "return_returnrequest_to_address_id_d878b6ef" ON "return_returnrequest" ("to_address_id");
CREATE INDEX "return_returnrequest_user_id_455403de" ON "return_returnrequest" ("user_id");
CREATE INDEX "return_retu_user_id_4c79fd_idx" ON "return_returnrequest" ("user_id", "created_at");
CREATE INDEX "returnrequest_balance_withdraw_request_user_id_42dbc119" ON "returnrequest_balance_withdraw_request" ("user_id");
CREATE INDEX "returnrequest_transactions_user_id_3ea7cd22" ON "returnrequest_transactions" ("user_id");
CREATE INDEX "returnrequest_returnrequest_delivery_id_ea57470c" ON "returnrequest_returnrequest" ("delivery_id");
CREATE INDEX "returnrequest_returnrequest_from_address_id_50ee69fa" ON "returnrequest_returnrequest" ("from_address_id");
CREATE INDEX "returnrequest_returnrequest_product_id_d09250ed" ON "returnrequest_returnrequest" ("product_id");
CREATE INDEX "returnrequest_returnrequest_related_order_id_29485b9b" ON "returnrequest_returnrequest" ("related_order_id");
CREATE INDEX "returnrequest_returnrequest_supplier_id_f54138cb" ON "returnrequest_returnrequest" ("supplier_id");
CREATE INDEX "returnrequest_returnrequest_to_address_id_6c540a36" ON "returnrequest_returnrequest" ("to_address_id");
CREATE INDEX "returnrequest_returnrequest_user_id_546404fb" ON "returnrequest_returnrequest" ("user_id");
CREATE INDEX "returnreque_user_id_0d99b9_idx" ON "returnrequest_returnrequest" ("user_id", "created_at");
CREATE INDEX "orders_deliveryorder_delivery_person_id_700d4e46" ON "orders_deliveryorder" ("delivery_person_id");
CREATE INDEX "orders_deliveryorder_order_id_56f34800" ON "orders_deliveryorder" ("order_id");
CREATE INDEX "returnrequest_returnrequest_order_id_ce12ed37" ON "returnrequest_returnrequest" ("order_id");
CREATE INDEX "returnrequest_deliveryreturnrequest_ReturnRequest_id_f22a85a9" ON "returnrequest_deliveryreturnrequest" ("ReturnRequest_id");
CREATE INDEX "returnrequest_deliveryreturnrequest_delivery_person_id_edaabb95" ON "returnrequest_deliveryreturnrequest" ("delivery_person_id");
CREATE INDEX "products_product_Category_id_5cbd1e61" ON "products_product" ("Category_id");
CREATE INDEX "products_product_MatCategory_id_ea0a99ae" ON "products_product" ("MatCategory_id");
CREATE INDEX "products_product_Supplier_id_ba2e4129" ON "products_product" ("Supplier_id");
COMMIT;
